topic_id,category_id,name,top_keywords,paper_documents,active,domain,status,analysis_scope,centroid_papers,patent_documents,policy_documents,candidate_case_count,theme_trl,theme_crl,mapping_review_required
0,F0001,Porosity / Porous medium / Composite material,Porosity | Porous medium | Composite material | Permeability (electromagnetism) | Specific surface area | Porous silicon | Microporous material | Tortuosity | Metal foam | Saturation (graph theory) | Capillary action | Geotechnical engineering | Gaseous diffusion | Porosimetry | Capillary pressure,11311,True,待主题范围审阅,全量NMF关键词主题,待主题范围审阅,11311,25,0,0,,,True
1,F0002,Acceleration / Classical mechanics / Vibration,Acceleration | Classical mechanics | Vibration | Simulation | Particle acceleration | Inertia | Displacement (psychology) | Magnetic reconnection | Plasma acceleration | Vehicle dynamics | Computational physics | Motion (physics) | Jerk | Kinematics | Driving cycle,4628,True,待主题范围审阅,全量NMF关键词主题,待主题范围审阅,4628,222,0,0,,,True
2,F0003,Nanosheet / Phosphorene / Anisotropy,Nanosheet | Phosphorene | Anisotropy | Zigzag | Exfoliation joint | Black phosphorus | Bilayer | Enhanced Data Rates for GSM Evolution | Isotropy | Nanotechnology | van der Waals force | Graphene nanoribbons | Boron nitride | Geometry | Ribbon,8718,True,待主题范围审阅,全量NMF关键词主题,待主题范围审阅,8718,2,0,0,,,True
3,F0004,Radiation / Optics / Tilt (camera),Radiation | Optics | Tilt (camera) | Radiation damage | Thermal radiation | Radiative transfer | Sunshine duration | Estimation | Radiant intensity | Radiation hardening | Radiant energy | Ionizing radiation | Intensity (physics) | Latitude | Radiation resistance,7118,True,待主题范围审阅,全量NMF关键词主题,待主题范围审阅,7117,73,0,0,,,True
4,F0005,Risk analysis (engineering) / Interdependence / Critical infrastructure,Risk analysis (engineering) | Interdependence | Critical infrastructure | Cascading failure | Risk management | Risk assessment | Vulnerability (computing) | Blackout | Process management | Management science | Critical infrastructure protection | Vulnerability assessment | Interdependent networks | Actuarial science | Hazard,2910,True,待主题范围审阅,全量NMF关键词主题,待主题范围审阅,2910,120,136,0,,,True
5,F0006,DC motor / Electric motor / Commutation,DC motor | Electric motor | Commutation | AC motor | Electrical engineering | Brushed DC electric motor | Electronic speed control | Motor drive | Universal motor | Direct current | Microcontroller | Traction motor | Control engineering | Motor controller | Motor control,3191,True,待主题范围审阅,全量NMF关键词主题,待主题范围审阅,3191,749,0,0,,,True
6,F0007,MXenes / Carbide / Nitride,MXenes | Carbide | Nitride | Transition metal | Titanium carbide | Nanotechnology | MAX phases | Etching (microfabrication) | Intercalation (chemistry) | Graphitic carbon nitride | Silicon carbide | Carbon nitride | Exfoliation joint | Surface modification | Electromagnetic shielding,5965,True,待主题范围审阅,全量NMF关键词主题,待主题范围审阅,5965,136,0,0,,,True
7,F0008,Solar cell / Optoelectronics / CZTS,Solar cell | Optoelectronics | CZTS | Perovskite solar cell | Open-circuit voltage | Copper indium gallium selenide solar cells | Solar cell efficiency | Thin film solar cell | Kesterite | Short circuit | Silicon solar cell | Energy conversion efficiency | Crystalline silicon | Quantum dot solar cell | Theory of solar cells,10072,True,待主题范围审阅,全量NMF关键词主题,待主题范围审阅,10072,490,0,0,,,True
8,F0009,Electromagnetic coil / Inductance / Wireless power transfer,Electromagnetic coil | Inductance | Wireless power transfer | Induction heating | Nuclear magnetic resonance | Superconducting magnet | Maximum power transfer theorem | Magnetic field | Stator | Magnet | Solenoid | Eddy current | Magnetic core | Rogowski coil | Armature (electrical engineering),10537,True,待主题范围审阅,全量NMF关键词主题,待主题范围审阅,10535,1124,0,2,,,True
9,F0010,Simple (philosophy) / Applied mathematics / Mathematical analysis,Simple (philosophy) | Applied mathematics | Mathematical analysis | Matrix (chemical analysis) | Calculus (dental) | Discretization | Statistical physics | Differential equation | Jacobian matrix and determinant | Polynomial | Exponential function | Numerical analysis | Eigenvalues and eigenvectors | Inverse | Interpolation (computer graphics),4512,True,待主题范围审阅,全量NMF关键词主题,待主题范围审阅,4507,119,0,0,,,True
10,F0011,Metallurgy / Vanadium / Slag (welding),Metallurgy | Vanadium | Slag (welding) | Titanium | Flow battery | Vanadium oxide | Chromium | Carbonation | Smelting | Carbide | Pentoxide | Roasting | Refining (metallurgy) | Cement | Ball mill,5061,True,待主题范围审阅,全量NMF关键词主题,待主题范围审阅,5061,239,0,0,,,True
11,F0012,History / Ancient history / Archaeology,History | Ancient history | Archaeology | Economic history | Anthropocene | Environmental ethics | Art history | Period (music) | Library science | Sociology | Linguistics | China | German | Middle East | Media studies,4880,True,待主题范围审阅,全量NMF关键词主题,待主题范围审阅,4879,1,0,0,,,True
12,F0013,Fabrication / Nanotechnology / Optoelectronics,Fabrication | Nanotechnology | Optoelectronics | Energy conversion efficiency | Etching (microfabrication) | Inkwell | Lithography | Photolithography | Characterization (materials science) | Planar | Microelectromechanical systems | Deposition (geology) | 3D printing | Coating | Screen printing,11985,True,待主题范围审阅,全量NMF关键词主题,待主题范围审阅,11985,8004,0,1,,,True
13,F0014,Dielectric spectroscopy / Cyclic voltammetry / Electrical impedance,Dielectric spectroscopy | Cyclic voltammetry | Electrical impedance | Electrochemistry | Chronoamperometry | Linear sweep voltammetry | Analytical Chemistry (journal) | Electrode | Equivalent circuit | Voltammetry | Horizontal scan rate | Capacitance | Nyquist plot | Output impedance | Glassy carbon,13020,True,待主题范围审阅,全量NMF关键词主题,待主题范围审阅,13019,182,0,0,,,True
14,F0015,Astrobiology / Earth (classical element) / Astronomy,Astrobiology | Earth (classical element) | Astronomy | Planet | Earth science | Atmosphere (unit) | Mars Exploration Program | Solar System | Meteorology | Aerospace engineering | Spacecraft | Remote sensing | Anthropocene | Environmental ethics | Corona (planetary geology),6262,True,待主题范围审阅,全量NMF关键词主题,待主题范围审阅,6261,5,0,0,,,True
15,F0016,Carbon dioxide / Methane / Hydrate,Carbon dioxide | Methane | Hydrate | Clathrate hydrate | Carbon sequestration | Syngas | Electrochemical reduction of carbon dioxide | Carbon monoxide | Carbon capture and storage (timeline) | Flue gas | Dissociation (chemistry) | Steam reforming | Chemical engineering | Carbon dioxide reforming | Supercritical carbon dioxide,12015,True,待主题范围审阅,全量NMF关键词主题,待主题范围审阅,12013,574,0,0,,,True
16,F0017,Position (finance) / Rotor (electric) / Finance,Position (finance) | Rotor (electric) | Finance | Point (geometry) | Position sensor | Orientation (vector space) | Global Positioning System | Displacement (psychology) | Geodesy | Geometry | Computer vision | Solar tracker | Inductance | Position paper | Competition (biology),5258,True,待主题范围审阅,全量NMF关键词主题,待主题范围审阅,5258,491,0,0,,,True
17,F0018,Tube (container) / Heat exchanger / Shell and tube heat exchanger,Tube (container) | Heat exchanger | Shell and tube heat exchanger | Fin | Heat transfer | Composite material | Plate heat exchanger | Plate fin heat exchanger | Mechanical engineering | Borehole | Heat transfer coefficient | Heat transfer enhancement | Pressure drop | Concentric tube heat exchanger | Micro heat exchanger,6025,True,待主题范围审阅,全量NMF关键词主题,待主题范围审阅,6024,1466,0,0,,,True
18,F0019,Membrane / Chemical engineering / Permeation,Membrane | Chemical engineering | Permeation | Nafion | Ion exchange | Polymer chemistry | Proton exchange membrane fuel cell | Nanofiltration | Chromatography | Fouling | Polymer | Conductivity | Electrodialysis | Proton | Polysulfone,37071,True,待主题范围审阅,全量NMF关键词主题,待主题范围审阅,37068,35,0,1,,,True
19,F0020,Zirconium / Zirconium alloy / Cubic zirconia,Zirconium | Zirconium alloy | Cubic zirconia | Cladding (metalworking) | Hafnium | Tetragonal crystal system | Inorganic chemistry | Yttria-stabilized zirconia | Phosphate | Zirconium phosphate | Yttrium | Monoclinic crystal system | Cerium | Zirconium dioxide | Titanium,5228,True,待主题范围审阅,全量NMF关键词主题,待主题范围审阅,5228,17,0,0,,,True
20,F0021,Phase (matter) / Phase change / Phase-change material,Phase (matter) | Phase change | Phase-change material | Phase transition | Three-phase | Phase diagram | Thermal energy storage | Latent heat | Single phase | Metastability | Liquid phase | Gas phase | Phase-change memory | Aqueous two-phase system | Transformation (genetics),8551,True,待主题范围审阅,全量NMF关键词主题,待主题范围审阅,8549,3,0,0,,,True
21,F0022,Business / Environmental economics / Economics,Business | Environmental economics | Economics | Natural resource economics | Finance | Risk analysis (engineering) | Industrial organization | Engineering | Marketing | Operations management | China | Electricity | Sustainable development | Renewable energy | Commerce,30150,True,待主题范围审阅,全量NMF关键词主题,待主题范围审阅,30142,1,298,0,,,True
22,F0023,Architectural engineering / Efficient energy use / Air conditioning,Architectural engineering | Efficient energy use | Air conditioning | HVAC | Energy consumption | Civil engineering | Zero-energy building | Environmental economics | Engineering | Thermal comfort | Ventilation (architecture) | Energy performance | Construction engineering | Building-integrated photovoltaics | Energy engineering,6853,True,待主题范围审阅,全量NMF关键词主题,待主题范围审阅,6853,592,45,3,,,True
23,F0024,Biology / Biomass (ecology) / Bacteria,Biology | Biomass (ecology) | Bacteria | Ecology | Agronomy | Microbiology | Botany | Computational biology | Biochemistry | Food science | Horticulture | Genetics | Gene | Biotechnology | Cell biology,18700,True,待主题范围审阅,全量NMF关键词主题,待主题范围审阅,18693,18,0,0,,,True
24,F0025,Grid / Smart grid / Power grid,Grid | Smart grid | Power grid | Grid-connected photovoltaic power system | Grid connection | Vehicle-to-grid | Distributed computing | Distribution grid | Distributed generation | Geodesy | Frequency grid | Islanding | Grid system | Smart meter | Telecommunications,13285,True,待主题范围审阅,全量NMF关键词主题,待主题范围审阅,13284,222,1,0,,,True
25,F0026,Maximum power point tracking / Maximum power principle / Grid-connected photovoltaic power system,Maximum power point tracking | Maximum power principle | Grid-connected photovoltaic power system | Power optimizer | Point (geometry) | Inverter | Duty cycle | Solar micro-inverter | Shading | Tracking (education) | Grid-tie inverter | Boost converter | Control theory (sociology) | Power point | Permanent magnet synchronous generator,11522,True,待主题范围审阅,全量NMF关键词主题,待主题范围审阅,11522,390,0,0,,,True
26,F0027,Dehydrogenation / Formic acid / Ammonia borane,Dehydrogenation | Formic acid | Ammonia borane | Decomposition | Catalysis | Hydrogen storage | Borane | Ball mill | Formate | Inorganic chemistry | Activation energy | Organic chemistry | Thermal decomposition | Hydrolysis | Magnesium hydride,8036,True,待主题范围审阅,全量NMF关键词主题,待主题范围审阅,8036,16,0,0,,,True
27,F0028,Roof / Civil engineering / Thermal comfort,Roof | Civil engineering | Thermal comfort | Urban heat island | Building-integrated photovoltaics | Air temperature | Building envelope | Shading | Payback period | Solar gain | Envelope (radar) | Thermal insulation | Glazing | Passive cooling | Green roof,3117,True,待主题范围审阅,全量NMF关键词主题,待主题范围审阅,3116,1265,8,0,,,True
28,F0029,Overpotential / Tafel equation / Oxygen evolution,Overpotential | Tafel equation | Oxygen evolution | Electrochemistry | Electrocatalyst | Exchange current density | Chemical engineering | Electrode | Phosphide | Physical chemistry | Current density | Hydroxide | Nanosheet | Electrolysis of water | Linear sweep voltammetry,22697,True,待主题范围审阅,全量NMF关键词主题,待主题范围审阅,22697,5,0,2,,,True
29,F0030,Forestry / Agroforestry / Thinning,Forestry | Agroforestry | Thinning | Forest management | Pinus <genus> | Tree (set theory) | Felling | Botany | Silviculture | Horticulture | Eucalyptus | Hardwood | Woody plant | Forest road | Bark (sound),9633,True,待主题范围审阅,全量NMF关键词主题,待主题范围审阅,9633,8,3,0,,,True
30,F0031,Ceramic / Sintering / Yttria-stabilized zirconia,Ceramic | Sintering | Yttria-stabilized zirconia | Spark plasma sintering | Cubic zirconia | Composite material | Electrical resistivity and conductivity | Flexural strength | Fracture toughness | Solid oxide fuel cell | Conductivity | Relative density | Cermet | Grain size | Oxygen,12210,True,待主题范围审阅,全量NMF关键词主题,待主题范围审阅,12210,52,0,0,,,True
31,F0032,Value (mathematics) / Statistics / Structural equation modeling,Value (mathematics) | Statistics | Structural equation modeling | Marketing | Perception | Chain (unit) | Originality | Theory of planned behavior | Environmental economics | Heat of combustion | Valuation (finance) | Microeconomics | Option value | Net present value | Value chain,5487,True,待主题范围审阅,全量NMF关键词主题,待主题范围审阅,5485,10,0,0,,,True
32,F0033,Relay / Protective relay / Overcurrent,Relay | Protective relay | Overcurrent | Digital protective relay | Power-system protection | Tripping | Backup | Differential protection | Current transformer | Solid-state relay | Scheme (mathematics) | Inrush current | Electric power system | Electrical impedance | Electrical engineering,8696,True,待主题范围审阅,全量NMF关键词主题,待主题范围审阅,8696,2242,0,0,,,True
33,F0034,Phosphorus / Black phosphorus / Phosphate,Phosphorus | Black phosphorus | Phosphate | Potassium | Phosphoric acid | Nutrient | Sodium | Phosphide | Lithium iron phosphate | Fertilizer | Exfoliation joint | Iron phosphate | Carbon black | Agronomy | Enhanced biological phosphorus removal,3543,True,待主题范围审阅,全量NMF关键词主题,待主题范围审阅,3542,130,0,0,,,True
34,F0035,Condensed matter physics / Ferromagnetism / Magnetization,Condensed matter physics | Ferromagnetism | Magnetization | Magnetic field | Spintronics | Anisotropy | Magnetic moment | Antiferromagnetism | Magnetism | Curie temperature | Spin (aerodynamics) | Coercivity | Electronic structure | Magnetoresistance | Nuclear magnetic resonance,15514,True,待主题范围审阅,全量NMF关键词主题,待主题范围审阅,15513,72,0,0,,,True
35,F0036,Ammonia / Noise (video) / Ammonia production,Ammonia | Noise (video) | Ammonia production | Decomposition | Ammonia borane | SIGNAL (programming language) | Acoustics | Noise reduction | Inorganic chemistry | Nitrate | Borane | Electronic engineering | Selective catalytic reduction | Noise measurement | Nitrogen,8654,True,待主题范围审阅,全量NMF关键词主题,待主题范围审阅,8654,6,0,0,,,True
36,F0037,Computer security / Cyber-physical system / Risk analysis (engineering),Computer security | Cyber-physical system | Risk analysis (engineering) | Internet of Things | Smart grid | Internet privacy | Intrusion detection system | Vulnerability (computing) | Blockchain | Critical infrastructure | Denial-of-service attack | Network security | Computer network | Authentication (law) | Industrial control system,10108,True,待主题范围审阅,全量NMF关键词主题,待主题范围审阅,10108,1224,24,2,,,True
37,F0038,Polymer / Copolymer / Polymer chemistry,Polymer | Copolymer | Polymer chemistry | Conjugated system | Polymer science | Side chain | Thiophene | Organic chemistry | Polystyrene | Polymer electrolytes | Styrene | Polymer solar cell | Chemical engineering | Ethylene oxide | Fluorene,20111,True,待主题范围审阅,全量NMF关键词主题,待主题范围审阅,20110,348,0,1,,,True
38,F0039,Nanorod / Plasmon / Absorption (acoustics),Nanorod | Plasmon | Absorption (acoustics) | Nanostructure | Surface plasmon resonance | Nanotechnology | Optoelectronics | Surface plasmon | Absorption spectroscopy | Plasmonic nanoparticles | Plasmonic solar cell | Nanoparticle | Wurtzite crystal structure | Energy conversion efficiency | Rod,14478,True,待主题范围审阅,全量NMF关键词主题,待主题范围审阅,14478,0,0,0,,,True
39,F0040,Investment (military) / Finance / Payback period,Investment (military) | Finance | Payback period | Microeconomics | Profitability index | Investment decisions | Foreign direct investment | Return on investment | Net present value | Revenue | Industrial organization | Capital (architecture) | Incentive | Economics | Capital investment,11547,True,待主题范围审阅,全量NMF关键词主题,待主题范围审阅,11547,0,3,0,,,True
40,F0041,Dissipation / Thermal management of electronic devices and systems / Computer cooling,Dissipation | Thermal management of electronic devices and systems | Computer cooling | Heat sink | Magnetic reconnection | Battery pack | Dissipative system | Dissipation factor | Thermoelectric cooling | Water cooling | Chip | Heat generation | Entropy production | Entropy (arrow of time) | Thermal resistance,3688,True,待主题范围审阅,全量NMF关键词主题,待主题范围审阅,3687,177,0,0,,,True
41,F0042,Silicon / Optoelectronics / Crystalline silicon,Silicon | Optoelectronics | Crystalline silicon | Passivation | Amorphous silicon | Silicon carbide | Monocrystalline silicon | Impurity | Germanium | Polycrystalline silicon | Wafer | Carrier lifetime | Anode | Solar cell | Plasma-enhanced chemical vapor deposition,18518,True,待主题范围审阅,全量NMF关键词主题,待主题范围审阅,18515,267,0,0,,,True
42,F0043,Yield (engineering) / Quantum yield / Syngas,Yield (engineering) | Quantum yield | Syngas | Organic chemistry | Liquefaction | Hydrothermal liquefaction | Selectivity | tar (computing) | Solar still | Sputtering | Fructose | Fraction (chemistry) | Solvent | Agronomy | Levulinic acid,9456,True,待主题范围审阅,全量NMF关键词主题,待主题范围审阅,9456,12,0,0,,,True
43,F0044,Tandem / Terminal (telecommunication) / Telecommunications,Tandem | Terminal (telecommunication) | Telecommunications | Stack (abstract data type) | Photocathode | Perovskite solar cell | Energy conversion efficiency | Voltage | Computer network | Photoelectrochemical cell | Terminal sliding mode | Copper indium gallium selenide solar cells | Microcrystalline | Terminal equipment | Tunnel junction,6194,True,待主题范围审阅,全量NMF关键词主题,待主题范围审阅,6194,14,0,1,,,True
44,F0045,China / Panel data / Beijing,China | Panel data | Beijing | Sustainable development | International trade | Archaeology | Economic growth | Coal | East Asia | Power grid | Status quo | New energy | Pollution | Carbon neutrality | Foreign direct investment,16159,True,待主题范围审阅,全量NMF关键词主题,待主题范围审阅,16159,0,0,0,,,True
45,F0046,Nanofluid / Viscosity / Slurry,Nanofluid | Viscosity | Slurry | Nanofluids in solar collectors | Ethylene glycol | Thermal conductivity | Rheology | Volume fraction | Composite material | Working fluid | Thermal radiation | Transformer oil | Mass fraction | Distilled water | Pulmonary surfactant,11058,True,待主题范围审阅,全量NMF关键词主题,待主题范围审阅,11058,4,0,0,,,True
46,F0047,Econometrics / Autoregressive integrated moving average / Statistics,Econometrics | Autoregressive integrated moving average | Statistics | Mean squared error | Smoothing | Time series | Autoregressive model | Mean absolute percentage error | Regression analysis | Exponential smoothing | Regression | Linear regression | Moving average | State of charge | Estimator,5508,True,待主题范围审阅,全量NMF关键词主题,待主题范围审阅,5508,18,0,0,,,True
47,F0048,Circuit breaker / Electrical engineering / Switchgear,Circuit breaker | Electrical engineering | Switchgear | Arc-fault circuit interrupter | Short circuit | Arc (geometry) | High voltage | Tripping | Transient recovery voltage | Overvoltage | Fuse (electrical) | Residual-current device | Distribution board | Engineering | Electric arc,8388,True,待主题范围审阅,全量NMF关键词主题,待主题范围审阅,8388,4384,3,1,,,True
48,F0049,Fossil fuel / Waste management / Natural resource economics,Fossil fuel | Waste management | Natural resource economics | Petroleum | Petroleum engineering | Renewable fuels | Energy source | Biofuel | Petroleum industry | Energy development | Carbon capture and storage (timeline) | Environmental protection | Hydrogen fuel | Greenhouse gas | Environmental impact of the energy industry,10286,True,待主题范围审阅,全量NMF关键词主题,待主题范围审阅,10283,7,12,0,,,True
49,F0050,Pulse-width modulation / Modulation (music) / Space vector modulation,Pulse-width modulation | Modulation (music) | Space vector modulation | Optoelectronics | Pulse (music) | Terahertz radiation | Modulation index | Frequency modulation | Space vector | PWM rectifier | Pulse-frequency modulation | H bridge | Duty cycle | Pulse-amplitude modulation | Common-mode signal,8464,True,待主题范围审阅,全量NMF关键词主题,待主题范围审阅,8464,289,0,1,,,True
50,F0051,Harmonic / Acoustics / Harmonic analysis,Harmonic | Acoustics | Harmonic analysis | Vibration | Total harmonic distortion | Harmonics | Amplitude | Ultrasonic sensor | Distortion (music) | Waveform | SIGNAL (programming language) | Piezoelectricity | Electronic engineering | Transducer | Resonance (particle physics),7200,True,待主题范围审阅,全量NMF关键词主题,待主题范围审阅,7200,60,0,0,,,True
51,F0052,Index (typography) / Statistics / World Wide Web,Index (typography) | Statistics | World Wide Web | Stock market index | Composite index | Econometrics | Analytic hierarchy process | Vulnerability (computing) | Refractive index | Price index | Data envelopment analysis | Publication | Poverty | Energy poverty | Environmental Sustainability Index,5052,True,待主题范围审阅,全量NMF关键词主题,待主题范围审阅,5052,12,1,0,,,True
52,F0053,Distributed generation / Distributed computing / Islanding,Distributed generation | Distributed computing | Islanding | Distribution (mathematics) | Stand-alone power system | Intermittent energy source | Distributed power | Virtual power plant | Dispatchable generation | Scheduling (production processes) | Transactive memory | Pumped-storage hydroelectricity | Control reconfiguration | Grid parity | Multi-agent system,4867,True,待主题范围审阅,全量NMF关键词主题,待主题范围审阅,4867,645,2,0,,,True
53,F0054,Algorithm / Genetic algorithm / Optimization algorithm,Algorithm | Genetic algorithm | Optimization algorithm | Fast Fourier transform | Correctness | Residual | Artificial intelligence | Estimator | SIGNAL (programming language) | Kalman filter | Orthogonal frequency-division multiplexing | Simulated annealing | Estimation theory | Fourier transform | Interpolation (computer graphics),10169,True,待主题范围审阅,全量NMF关键词主题,待主题范围审阅,10169,131,0,0,,,True
54,F0055,Data science / Risk analysis (engineering) / Management science,Data science | Risk analysis (engineering) | Management science | Analytics | Big data | Data mining | Data analysis | Engineering ethics | Knowledge management | Variety (cybernetics) | Bibliometrics | Process management | Risk management | Visualization | Scopus,3546,True,待主题范围审阅,全量NMF关键词主题,待主题范围审阅,3546,3,0,0,,,True
55,F0056,Converters / Electronic engineering / Voltage,Converters | Electronic engineering | Voltage | Electrical engineering | Capacitor | Buck converter | Boost converter | Engineering | Power electronics | Inductor | Topology (electrical circuits) | Ripple | Voltage source | Power (physics) | Network topology,17013,True,待主题范围审阅,全量NMF关键词主题,待主题范围审阅,17013,1549,0,0,,,True
56,F0057,Eutectic system / Salt (chemistry) / Molten salt,Eutectic system | Salt (chemistry) | Molten salt | Thermal energy storage | Deep eutectic solvent | Solvent | Choline chloride | Melting point | Differential scanning calorimetry | Inorganic chemistry | Chloride | Phase diagram | Metallurgy | Ethylene glycol | Organic chemistry,7064,True,待主题范围审阅,全量NMF关键词主题,待主题范围审阅,7064,7,0,0,,,True
57,F0058,Energy conservation / Audit / Environmental economics,Energy conservation | Audit | Environmental economics | Efficient energy use | Accounting | Operations management | Energy engineering | Energy accounting | Conservation of energy | Payback period | Certification | Benchmarking | Carbon accounting | Energy intensity | Process management,3963,True,待主题范围审阅,全量NMF关键词主题,待主题范围审阅,3963,49,402,0,,,True
58,F0059,Monolayer / Exciton / Semiconductor,Monolayer | Exciton | Semiconductor | Condensed matter physics | Transition metal | Nanotechnology | Chemical physics | van der Waals force | Janus | Self-assembled monolayer | Bilayer | Density functional theory | Phonon | Molecular physics | Molybdenum disulfide,15262,True,待主题范围审阅,全量NMF关键词主题,待主题范围审阅,15262,6,0,0,,,True
59,F0060,Coolant / Blanket / Stack (abstract data type),Coolant | Blanket | Stack (abstract data type) | Divertor | Water cooling | Breeder (animal) | Pressure drop | Volumetric flow rate | Fusion power | Helium | Computer cooling | Liquid metal | Thermal hydraulics | Mechanical engineering | Battery pack,5160,True,待主题范围审阅,全量NMF关键词主题,待主题范围审阅,5160,682,0,0,,,True
60,F0061,Foundation (evidence) / Pile / Hydrate,Foundation (evidence) | Pile | Hydrate | Clathrate hydrate | Civil engineering | Geotechnical engineering | Construction engineering | Permafrost | Displacement (psychology) | Dissociation (chemistry) | Settlement (finance) | Bearing (navigation) | Bearing capacity | Thermosiphon | Excavation,3175,True,待主题范围审阅,全量NMF关键词主题,待主题范围审阅,3175,451,0,2,,,True
61,F0062,Systems engineering / Deliverable / Risk analysis (engineering),Systems engineering | Deliverable | Risk analysis (engineering) | Estimation | Task (project management) | Software engineering | Architecture | Industrial engineering | Construction engineering | Development (topology) | Management system | System integration | Systems design | Control engineering | Conceptual design,4122,True,待主题范围审阅,全量NMF关键词主题,待主题范围审阅,4122,156,0,0,,,True
62,F0063,Materials science / Nanotechnology / Chemical engineering,Materials science | Nanotechnology | Chemical engineering | Optoelectronics | Composite material | Metallurgy | Electrode | Chemistry | Thin film | Carbon nanotube | Nanoparticle | Engineering physics | Catalysis | Electrochemistry | Polymer,18241,True,待主题范围审阅,全量NMF关键词主题,待主题范围审阅,18127,1061,0,0,,,True
63,F0064,Subsidy / Incentive / Environmental economics,Subsidy | Incentive | Environmental economics | Microeconomics | Public economics | Market economy | Tariff | Revenue | Industrial organization | Carbon tax | Welfare | Economics | Externality | Energy policy | Feed-in tariff,9481,True,待主题范围审阅,全量NMF关键词主题,待主题范围审阅,9480,0,29,0,,,True
64,F0065,Magnesium / Magnesium alloy / Calcium,Magnesium | Magnesium alloy | Calcium | Magnesium hydride | Inorganic chemistry | Chloride | Biocompatibility | Simulated body fluid | Metallurgy | Brine | Phosphate | Magnesite | Borohydride | Calcium carbonate | Calcium oxide,6507,True,待主题范围审阅,全量NMF关键词主题,待主题范围审阅,6507,256,0,0,,,True
65,F0066,Nanotechnology / Nanoscopic scale / Nanopore,Nanotechnology | Nanoscopic scale | Nanopore | Nanotube | Solid-state | Nanoreactor | Anodizing | Nanometre | Conductance | Rectification | DNA | Chemical physics | Biophysics | Nanopore sequencing | Carbon nanotube,3022,True,待主题范围审阅,全量NMF关键词主题,待主题范围审阅,3022,22,0,0,,,True
66,F0067,Reinforcement learning / Reinforcement / Artificial intelligence,Reinforcement learning | Reinforcement | Artificial intelligence | Scheduling (production processes) | Markov decision process | Markov process | Adaptability | Q-learning | Control (management) | Machine learning | Graph | Energy management | Optimal control | Adversarial system | Job shop scheduling,7991,True,待主题范围审阅,全量NMF关键词主题,待主题范围审阅,7991,364,0,2,,,True
67,F0068,Sociology / Law / Legislation,Sociology | Law | Legislation | Law and economics | License | Environmental ethics | Negotiation | Epistemology | Public relations | Legislature | Public administration | Economic Justice | Social science | Agency (philosophy) | Political economy,3517,True,待主题范围审阅,全量NMF关键词主题,待主题范围审阅,3517,0,4,0,,,True
68,F0069,Mechanics / Flow (mathematics) / Physics,Mechanics | Flow (mathematics) | Physics | Turbulence | Volumetric flow rate | Vortex | Computational fluid dynamics | Inlet | Thermodynamics | Heat transfer | Classical mechanics | Pressure drop | Computer simulation | Power flow | Mechanical engineering,19283,True,待主题范围审阅,全量NMF关键词主题,待主题范围审阅,19278,83,0,0,,,True
69,F0070,Engineering physics / Solid-state / Energy density,Engineering physics | Solid-state | Energy density | Engineering | Electrical engineering | Interface (matter) | Phase change | Library science | Fast ion conductor | Thin film solar cell | Engineering ethics | Nanotechnology | Architectural engineering | National laboratory | High energy,5079,True,待主题范围审阅,全量NMF关键词主题,待主题范围审阅,5075,303,0,0,,,True
70,F0071,Computation / Computational science / Parallel computing,Computation | Computational science | Parallel computing | Electric power system | Mathematical analysis | Applied mathematics | Discretization | Electromagnetic field | Numerical analysis | Table (database) | Iterative method | Speedup | Evolutionary computation | Eigenvalues and eigenvectors | Mathematical optimization,6935,True,待主题范围审阅,全量NMF关键词主题,待主题范围审阅,6935,916,0,0,,,True
71,F0072,Phase change / Phase-change material / Encapsulation (networking),Phase change | Phase-change material | Encapsulation (networking) | Thermal energy storage | Phase-change memory | Latent heat | Mortar | Fold (higher-order function) | Slurry | Wax | Paraffin wax | Supercooling | Melting temperature | Cement | Polyethylene glycol,8463,True,待主题范围审阅,全量NMF关键词主题,待主题范围审阅,8462,36,0,0,,,True
72,F0073,Process (computing) / Identification (biology) / Product (mathematics),Process (computing) | Identification (biology) | Product (mathematics) | Work (physics) | Process engineering | Process control | Process management | System identification | Process integration | Risk analysis (engineering) | Manufacturing engineering | Analytic hierarchy process | Operating system | Process optimization | Set (abstract data type),14464,True,待主题范围审阅,全量NMF关键词主题,待主题范围审阅,14462,13134,119,2,,,True
73,F0074,Characterization (materials science) / Nanotechnology / In situ,Characterization (materials science) | Nanotechnology | In situ | Spectroscopy | Sol-gel | Microscopy | Polymer science | Synchrotron | Diffraction | Thin film | Engineering | Chemical engineering | Atomic force microscopy | Electrochemical energy storage | Electron microscope,14724,True,待主题范围审阅,全量NMF关键词主题,待主题范围审阅,14724,41,0,0,,,True
74,F0075,Coating / Corrosion / Metallurgy,Coating | Corrosion | Metallurgy | Alloy | Epoxy | Spin coating | Cathodic protection | Composite material | Carbon steel | Magnesium alloy | Electrophoretic deposition | High-temperature corrosion | Simulated body fluid | Dielectric spectroscopy | Conversion coating,11386,True,待主题范围审阅,全量NMF关键词主题,待主题范围审阅,11384,305,0,0,,,True
75,F0076,Electrical conductor / Conductor / Conductivity,Electrical conductor | Conductor | Conductivity | Electrical resistivity and conductivity | Composite material | Conductive polymer | Carbon nanotube | Proton | Electrical engineering | Electric power transmission | Overhead (engineering) | Thermal conduction | Superconducting magnet | Electromagnetic shielding | Ampacity,9986,True,待主题范围审阅,全量NMF关键词主题,待主题范围审阅,9986,2678,0,1,,,True
76,F0077,Adsorption / Desorption / Activated carbon,Adsorption | Desorption | Activated carbon | Chemical engineering | Langmuir adsorption model | Inorganic chemistry | Physical chemistry | Freundlich equation | Zeolite | Langmuir | Organic chemistry | Chemisorption | Specific surface area | Microporous material | Endothermic process,27356,True,待主题范围审阅,全量NMF关键词主题,待主题范围审阅,27354,48,0,2,,,True
77,F0078,Hydrogen storage / Hydride / Desorption,Hydrogen storage | Hydride | Desorption | Alloy | Magnesium hydride | Gravimetric analysis | Ball mill | Cryo-adsorption | Intermetallic | Laves phase | Physical chemistry | Magnesium | Enthalpy | Compressed hydrogen | Borohydride,13515,True,待主题范围审阅,全量NMF关键词主题,待主题范围审阅,13514,169,0,2,,,True
78,F0079,Loop (graph theory) / Phase-locked loop / CMOS,Loop (graph theory) | Phase-locked loop | CMOS | Hardware-in-the-loop simulation | Phase noise | Closed loop | Offset (computer science) | Voltage-controlled oscillator | Jitter | PLL multibit | dBc | Integrator | Chip | Electronic engineering | Current loop,4545,True,待主题范围审阅,全量NMF关键词主题,待主题范围审阅,4545,72,0,0,,,True
79,F0080,Hydrogen peroxide / Photosynthesis / Artificial photosynthesis,Hydrogen peroxide | Photosynthesis | Artificial photosynthesis | Electrosynthesis | Peroxide | Oxidizing agent | Decomposition | Reagent | Ferrous | Anthraquinone | Solar fuel | Advanced oxidation process | Photosystem II | Peracetic acid | Botany,6554,True,待主题范围审阅,全量NMF关键词主题,待主题范围审阅,6554,15,0,0,,,True
80,F0081,Automotive industry / Manufacturing engineering / Automotive electronics,Automotive industry | Manufacturing engineering | Automotive electronics | Engineering | Automotive engine | Aerospace engineering | Automotive engineering | Electronics | Systems engineering | Original equipment manufacturer | Automotive battery | Fuel efficiency | Industrial organization | Aerospace | Green vehicle,7493,True,待主题范围审阅,全量NMF关键词主题,待主题范围审阅,7492,974,36,0,,,True
81,F0082,Statistical physics / Chaotic / CHAOS (operating system),Statistical physics | Chaotic | CHAOS (operating system) | Quantum mechanics | Classical mechanics | Bifurcation | Entropy (arrow of time) | Cell biology | Theoretical physics | Lyapunov exponent | Regeneration (biology) | Lattice Boltzmann methods | Phase space | Homogeneous | Attractor,2983,True,待主题范围审阅,全量NMF关键词主题,待主题范围审阅,2983,4,0,1,,,True
82,F0083,Stage (stratigraphy) / Single stage / Operations management,Stage (stratigraphy) | Single stage | Operations management | Fact sheet | Process management | Steam turbine | Compression (physics) | Multi stage | Flash (photography) | Single phase | Paleontology | Anaerobic exercise | Project appraisal | Thermoelectric cooling | Internal medicine,4079,True,待主题范围审阅,全量NMF关键词主题,待主题范围审阅,4079,17,0,0,,,True
83,F0084,Ternary operation / Ternary numeral system / Phase diagram,Ternary operation | Ternary numeral system | Phase diagram | Binary number | Ternary compound | Intermetallic | Isothermal process | Ternary alloy | Solid solution | Alloy | Ternary plot | Nitride | MAX phases | Carbide | Liquidus,12691,True,待主题范围审阅,全量NMF关键词主题,待主题范围审阅,12690,77,0,0,,,True
84,F0085,Sizing / Irrigation / Agricultural engineering,Sizing | Irrigation | Agricultural engineering | Water resource management | Environmental engineering | Agronomy | Straw | Hydrology (agriculture) | Water resources | Water pumping | Water supply | Evapotranspiration | Greenhouse | Water conservation | Crop,7984,True,待主题范围审阅,全量NMF关键词主题,待主题范围审阅,7982,328,0,2,,,True
85,F0086,NIST / Josephson effect / Natural language processing,NIST | Josephson effect | Natural language processing | Speech recognition | Interoperability | Standardization | Pi Josephson junction | Standard uncertainty | Linguistics | Squid | Industrial control system | Transfer (computing) | Cryptography | Refrigerant | Measurement uncertainty,972,True,待主题范围审阅,全量NMF关键词主题,待主题范围审阅,972,1,6,0,,,True
86,F0087,Thermoelectric effect / Thermoelectric materials / Seebeck coefficient,Thermoelectric effect | Thermoelectric materials | Seebeck coefficient | Thermal conductivity | Electrical resistivity and conductivity | Thermoelectric generator | Figure of merit | Thermoelectric cooling | Condensed matter physics | Spark plasma sintering | Thermodynamics | Bismuth telluride | Phonon scattering | Skutterudite | Atmospheric temperature range,32722,True,待主题范围审阅,全量NMF关键词主题,待主题范围审阅,32722,5,0,0,,,True
87,F0088,PID controller / Controller (irrigation) / Control engineering,PID controller | Controller (irrigation) | Control engineering | Temperature control | Overshoot (microwave communication) | Settling time | Pi | Automatic Generation Control | Open-loop controller | Electronic speed control | Step response | Automatic frequency control | Approximation error | Digital control | Firefly algorithm,7794,True,待主题范围审阅,全量NMF关键词主题,待主题范围审阅,7792,166,0,0,,,True
88,F0089,Nitrate / Nitrite / Electrosynthesis,Nitrate | Nitrite | Electrosynthesis | In situ | Denitrification | Urea | Inorganic chemistry | Chloride | Ammonium | Sulfate | Nitric acid | Ammonia | Selective catalytic reduction | Ammonia production | Denitrifying bacteria,3751,True,待主题范围审阅,全量NMF关键词主题,待主题范围审阅,3751,39,0,1,,,True
89,F0090,Climatology / Precipitation / Circulation (fluid dynamics),Climatology | Precipitation | Circulation (fluid dynamics) | Coprecipitation | Climate model | Oceanography | Meteorology | El Niño Southern Oscillation | Physical geography | Hydroxide | Downscaling | Monsoon | Forcing (mathematics) | Natural circulation | Weather Research and Forecasting Model,4977,True,待主题范围审阅,全量NMF关键词主题,待主题范围审阅,4955,3,0,0,,,True
90,F0091,Diffusion / Thermal diffusivity / Thermodynamics,Diffusion | Thermal diffusivity | Thermodynamics | Oxygen | Gaseous diffusion | Analytical Chemistry (journal) | Chemical physics | Activation energy | Diffusion barrier | Ion | Physical chemistry | Diffusion layer | Vacancy defect | Surface diffusion | Permeation,10490,True,待主题范围审阅,全量NMF关键词主题,待主题范围审阅,10488,3,0,0,,,True
91,F0092,Regulator / Voltage regulator / Voltage regulation,Regulator | Voltage regulator | Voltage regulation | Low-dropout regulator | Dropout voltage | Voltage droop | Pressure regulator | Voltage optimisation | Voltage | Voltage divider | Voltage controller | Actuarial science | Notice | Risk analysis (engineering) | Linear regulator,3021,True,待主题范围审阅,全量NMF关键词主题,待主题范围审阅,3021,373,130,1,,,True
92,F0093,Density functional theory / Computational chemistry / Electronic structure,Density functional theory | Computational chemistry | Electronic structure | Ab initio | Chemical physics | Physical chemistry | Molecule | Electronic band structure | Atom (system on chip) | Dissociation (chemistry) | Ab initio quantum chemistry methods | Density of states | Binding energy | Fermi level | Valence (chemistry),17758,True,待主题范围审阅,全量NMF关键词主题,待主题范围审阅,17758,1,0,0,,,True
93,F0094,Base (topology) / Base station / Common emitter,Base (topology) | Base station | Common emitter | Lewis acids and bases | Base metal | Bipolar junction transistor | Schiff base | Knowledge base | Realization (probability) | Electrodialysis | Heterojunction bipolar transistor | Base oil | Proton | Telecommunications | Titration,3712,True,待主题范围审阅,全量NMF关键词主题,待主题范围审阅,3712,353,0,0,,,True
94,F0095,Graphene / Oxide / Nanotechnology,Graphene | Oxide | Nanotechnology | Graphene oxide paper | Graphene nanoribbons | Exfoliation joint | Graphene foam | Raman spectroscopy | Graphite oxide | Carbon nanotube | Composite number | Chemical engineering | Nanocomposite | Electrode | Chemical vapor deposition,31150,True,待主题范围审阅,全量NMF关键词主题,待主题范围审阅,31149,1,0,0,,,True
95,F0096,Finite element method / Coupling (piping) / Structural engineering,Finite element method | Coupling (piping) | Structural engineering | Multiphysics | Mechanical engineering | Magnet | Vibration | Engineering | Turbine blade | Eddy current | Stiffness | Electromagnetic field | Boundary element method | Inductive coupling | Blade (archaeology),8807,True,待主题范围审阅,全量NMF关键词主题,待主题范围审阅,8807,27,0,0,,,True
96,F0097,Mixing (physics) / Fluidized bed / Fluidization,Mixing (physics) | Fluidized bed | Fluidization | Fluidized bed combustion | Slurry | Mixing ratio | Residence time (fluid dynamics) | Injector | Halide | Binary number | Dispersion (optics) | Nozzle | Particle (ecology) | Homogeneous | Convective mixing,3880,True,待主题范围审阅,全量NMF关键词主题,待主题范围审阅,3880,21,0,0,,,True
97,F0098,Benchmark (surveying) / Benchmarking / VVER,Benchmark (surveying) | Benchmarking | VVER | Deep learning | Baseline (sea) | Metaheuristic | Hyperparameter | Generalization | Workflow | Intrusion detection system | Vehicle routing problem | Suite | Local optimum | Neutron transport | Mean squared error,6890,True,待主题范围审阅,全量NMF关键词主题,待主题范围审阅,6890,336,0,1,,,True
98,F0099,Population / Sample (material) / Estimation,Population | Sample (material) | Estimation | Per capita | Population growth | Demography | Sampling (signal processing) | Statistics | Econometrics | Environmental health | Panel data | Urbanization | Gross domestic product | World population | Sample size determination,4286,True,待主题范围审阅,全量NMF关键词主题,待主题范围审阅,4285,1,0,0,,,True
99,F0100,Turkish / Foreign policy / Diplomacy,Turkish | Foreign policy | Diplomacy | International relations | Ancient history | Linguistics | Negotiation | Turkish economy | General partnership | Political economy | Economy | Soft power | Law | Black sea | Development economics,1609,True,待主题范围审阅,全量NMF关键词主题,待主题范围审阅,1608,0,0,0,,,True
100,F0101,Response surface methodology / Central composite design / Chromatography,Response surface methodology | Central composite design | Chromatography | Volumetric flow rate | Box–Behnken design | Factorial experiment | Biodiesel | Mass flow rate | Design of experiments | Nuclear chemistry | Ultrafiltration (renal) | Taguchi methods | Biodiesel production | Biological system | Process optimization,3615,True,待主题范围审阅,全量NMF关键词主题,待主题范围审阅,3615,1,0,0,,,True
101,F0102,Crystallite / Crystallinity / Polycrystalline silicon,Crystallite | Crystallinity | Polycrystalline silicon | Grain size | Electrical resistivity and conductivity | Grain boundary | Diffraction | Analytical Chemistry (journal) | Lattice constant | Wurtzite crystal structure | Metallurgy | Scanning electron microscope | Chemical bath deposition | Specific surface area | Scherrer equation,11957,True,待主题范围审阅,全量NMF关键词主题,待主题范围审阅,11956,2,0,0,,,True
102,F0103,Mechanism (biology) / Reaction mechanism / Clean Development Mechanism,Mechanism (biology) | Reaction mechanism | Clean Development Mechanism | Epistemology | Kinematics | Failure mechanism | Market mechanism | Chemical physics | Coupling (piping) | In situ | Mechanism design | Chemistry | Engineering | Industrial organization | Biophysics,11114,True,待主题范围审阅,全量NMF关键词主题,待主题范围审阅,11114,22,0,0,,,True
103,F0104,Mathematical optimization / Scheduling (production processes) / Economic dispatch,Mathematical optimization | Scheduling (production processes) | Economic dispatch | Optimization problem | Genetic algorithm | Linear programming | Integer programming | Multi-objective optimization | Minification | Schedule | Power system simulation | Power flow | Pareto principle | Constraint (computer-aided design) | Stochastic programming,13696,True,待主题范围审阅,全量NMF关键词主题,待主题范围审阅,13696,613,0,0,,,True
104,F0105,Boron / Boron nitride / Nitride,Boron | Boron nitride | Nitride | Graphitic carbon nitride | Carbon nitride | Hexagonal boron nitride | Boric acid | Boron carbide | Diamond | Impurity | Ion implantation | Boron oxide | Hexagonal crystal system | Inorganic chemistry | Lithium borate,8487,True,待主题范围审阅,全量NMF关键词主题,待主题范围审阅,8485,19,0,0,,,True
105,F0106,Photodetector / Responsivity / Photodetection,Photodetector | Responsivity | Photodetection | Ultraviolet | Infrared | Dark current | Photodiode | Optoelectronics | Specific detectivity | Quantum efficiency | Photoconductivity | Broadband | Optics | Photoelectric effect | Wavelength,10318,True,待主题范围审阅,全量NMF关键词主题,待主题范围审阅,10318,17,0,0,,,True
106,F0107,Set (abstract data type) / Code (set theory) / Programming language,Set (abstract data type) | Code (set theory) | Programming language | Data set | Point (geometry) | Software engineering | Relation (database) | Scheme (mathematics) | Task (project management) | Generating set of a group | Class (philosophy) | Pareto principle | Representation (politics) | Parallel computing | Source code,5361,True,待主题范围审阅,全量NMF关键词主题,待主题范围审阅,5359,458,1,0,,,True
107,F0108,Natural resource economics / Nexus (standard) / Environmental economics,Natural resource economics | Nexus (standard) | Environmental economics | Water-energy nexus | Water energy | Food energy | Natural resource | Water resources | Food security | Sustainable development | Economic growth | Water resource management | Clean energy | Environmental degradation | Water use,2987,True,待主题范围审阅,全量NMF关键词主题,待主题范围审阅,2987,0,0,0,,,True
108,F0109,Wind power / Turbine / Wind speed,Wind power | Turbine | Wind speed | Marine engineering | Meteorology | Offshore wind power | Induction generator | Rotor (electric) | Turbine blade | Weibull distribution | Wind power forecasting | Power optimizer | Aerospace engineering | Vertical axis wind turbine | Wind profile power law,28604,True,待主题范围审阅,全量NMF关键词主题,待主题范围审阅,28598,1357,19,1,,,True
109,F0110,Probabilistic logic / Probabilistic forecasting / Electric power system,Probabilistic logic | Probabilistic forecasting | Electric power system | Statistical model | Quantile | Wind power forecasting | Probability distribution | Bayesian probability | Econometrics | Quantile regression | Probability density function | Interval (graph theory) | Random variable | Gaussian | Probabilistic analysis of algorithms,7024,True,待主题范围审阅,全量NMF关键词主题,待主题范围审阅,7023,1169,0,1,,,True
110,F0111,Voltage / Inverter / Electrical engineering,Voltage | Inverter | Electrical engineering | Capacitor | Electronic engineering | Engineering | Pulse-width modulation | Topology (electrical circuits) | Waveform | Three-phase | Total harmonic distortion | Grid-tie inverter | High voltage | Maximum power point tracking | Open-circuit voltage,15096,True,待主题范围审阅,全量NMF关键词主题,待主题范围审阅,15096,2618,0,0,,,True
111,F0112,Hydrothermal circulation / Hydrothermal synthesis / Chemical engineering,Hydrothermal circulation | Hydrothermal synthesis | Chemical engineering | Nanorod | Hydrothermal carbonization | Hydrothermal liquefaction | Liquefaction | Morphology (biology) | Hydrothermal reaction | Nanostructure | Crystallinity | Titanate | Transmission electron microscopy | Autoclave | Pulmonary surfactant,11265,True,待主题范围审阅,全量NMF关键词主题,待主题范围审阅,11260,21,0,0,,,True
112,F0113,Wafer / Transformation (genetics) / Epitaxy,Wafer | Transformation (genetics) | Epitaxy | Etching (microfabrication) | Carrier lifetime | Optoelectronics | Getter | Dislocation | Ion implantation | Ingot | Isotropic etching | Common emitter | Monocrystalline silicon | Wafer bonding | Polishing,9289,True,待主题范围审阅,全量NMF关键词主题,待主题范围审阅,9289,15,0,0,,,True
113,F0114,Unit (ring theory) / Power system simulation / Power unit,Unit (ring theory) | Power system simulation | Power unit | Control unit | Steam turbine | Mathematics education | Operations management | Thermal power station | Unit cost | Air cooling | Unit testing | Turbine | Auxiliary power unit | Latent heat | Gas turbines,5777,True,待主题范围审阅,全量NMF关键词主题,待主题范围审阅,5776,367,3,0,,,True
114,F0115,Cover (algebra) / Action (physics) / Content (measure theory),Cover (algebra) | Action (physics) | Content (measure theory) | Feature (linguistics) | Front cover | Front (military) | Mechanical engineering | Solar still | Engineering | Action plan | Section (typography) | Cloud cover | Cover story | Collective action | Feature extraction,3527,True,待主题范围审阅,全量NMF关键词主题,待主题范围审阅,3527,1704,0,0,,,True
115,F0116,Mass transfer / Moisture / Desiccant,Mass transfer | Moisture | Desiccant | Water content | Mass transfer coefficient | Liquid desiccant | Air conditioning | Volumetric flow rate | Chromatography | Packed bed | Contactor | Desorption | Absorption (acoustics) | Regenerative heat exchanger | Hollow fiber membrane,6816,True,待主题范围审阅,全量NMF关键词主题,待主题范围审阅,6813,27,0,0,,,True
116,F0117,Thermal runaway / Exothermic reaction / Overcharge,Thermal runaway | Exothermic reaction | Overcharge | Explosive material | Heat generation | Thermal decomposition | Ignition system | Short circuit | Warning system | Flammable liquid | Calorimeter (particle physics) | Decomposition | Lithium iron phosphate | Penetration (warfare) | Mist,4363,True,待主题范围审阅,全量NMF关键词主题,待主题范围审阅,4363,135,0,1,,,True
117,F0118,Biogas / Anaerobic digestion / Methane,Biogas | Anaerobic digestion | Methane | Waste management | Pulp and paper industry | Biogas production | Anaerobic exercise | Manure | Biofuel | Digestion (alchemy) | Bioenergy | Mesophile | Digestate | Food waste | Methanogenesis,28133,True,待主题范围审阅,全量NMF关键词主题,待主题范围审阅,28131,55,0,0,,,True
118,F0119,Natural (archaeology) / Natural resource / Telmatology,Natural (archaeology) | Natural resource | Telmatology | Metamorphic petrology | Archaeology | Natural convection | Earth science | Natural disaster | Paleontology | Time division multiple access | Natural ventilation | Regional geology | Zeolite | Environmental geology | Fusible alloy,4054,True,待主题范围审阅,全量NMF关键词主题,待主题范围审阅,4053,0,1,0,,,True
119,F0120,Commercialization / Nanotechnology / Marketing,Commercialization | Nanotechnology | Marketing | Energy density | Biochemical engineering | Process engineering | Emerging technologies | Environmentally friendly | Carbon capture and storage (timeline) | Hydrogen economy | Hydrogen fuel | Engineering | Hydrogen technologies | Lithium metal | Energy transformation,3510,True,待主题范围审阅,全量NMF关键词主题,待主题范围审阅,3510,52,3,0,,,True
120,F0121,Energy (signal processing) / Energy consumption / Efficient energy use,Energy (signal processing) | Energy consumption | Efficient energy use | Statistics | Energy harvesting | Energy supply | Energy management | Sustainable energy | Energy system | Environmental economics | Electric potential energy | Wave energy converter | Electric energy | Energy transformation | Energy policy,18376,True,待主题范围审阅,全量NMF关键词主题,待主题范围审阅,18368,31,2,0,,,True
121,F0122,Cloud computing / Enhanced Data Rates for GSM Evolution / Cloud cover,Cloud computing | Enhanced Data Rates for GSM Evolution | Cloud cover | Scheduling (production processes) | Operating system | Distributed computing | Meteorology | Satellite | Edge computing | Real-time computing | Internet of Things | Deep learning | Intrusion detection system | Sky | Big data,5164,True,待主题范围审阅,全量NMF关键词主题,待主题范围审阅,5163,416,0,0,,,True
122,F0123,Metal-organic framework / Zeolitic imidazolate framework / Imidazolate,Metal-organic framework | Zeolitic imidazolate framework | Imidazolate | Terephthalic acid | Polyethylene terephthalate | Linker | Polyester | Organic chemistry | Gas separation | Isostructural | Electrochemical energy storage | Separation (statistics) | Microporous material | Electrochemical energy conversion | Nanocages,5511,True,待主题范围审阅,全量NMF关键词主题,待主题范围审阅,5511,99,0,0,,,True
123,F0124,Microwave / Attenuation / Microwave heating,Microwave | Attenuation | Microwave heating | Microwave irradiation | Absorption (acoustics) | Reflection loss | Telecommunications | Microstrip | Microwave transmission | Antenna (radio) | Coplanar waveguide | Electromagnetic radiation | Electron cyclotron resonance | Microwave power | Microwave oven,7321,True,待主题范围审阅,全量NMF关键词主题,待主题范围审阅,7321,47,0,0,,,True
124,F0125,Analytical Chemistry (journal) / Chromatography / Electrical resistivity and conductivity,Analytical Chemistry (journal) | Chromatography | Electrical resistivity and conductivity | Font | Atmospheric temperature range | Impurity | Mass spectrometry | Span (engineering) | Partial pressure | Stoichiometry | Volumetric flow rate | Deuterium | Detection limit | Inductively coupled plasma | Secondary ion mass spectrometry,3699,True,待主题范围审阅,全量NMF关键词主题,待主题范围审阅,3697,93,0,0,,,True
125,F0126,Selection (genetic algorithm) / Site selection / Feature selection,Selection (genetic algorithm) | Site selection | Feature selection | Artificial intelligence | Ground | Model selection | Multiple-criteria decision analysis | Analytic hierarchy process | Genetic algorithm | Operations research | Feature (linguistics) | Earthing system | Material selection | Engineering | Ranking (information retrieval),5997,True,待主题范围审阅,全量NMF关键词主题,待主题范围审阅,5997,152,0,0,,,True
126,F0127,Seawater / Oceanography / Uranium,Seawater | Oceanography | Uranium | Shore | Artificial seawater | Salinity | Ocean thermal energy conversion | Chlorine | Water splitting | Alkalinity | Tidal power | Marine energy | Fishery | Submarine pipeline | Chloride,5080,True,待主题范围审阅,全量NMF关键词主题,待主题范围审阅,5076,263,0,0,,,True
127,F0128,Organic solar cell / Energy conversion efficiency / Acceptor,Organic solar cell | Energy conversion efficiency | Acceptor | Polymer solar cell | Fullerene | Photovoltaic system | Active layer | Polymer | Open-circuit voltage | Electron acceptor | Optoelectronics | Hybrid solar cell | Photoactive layer | Solar cell | HOMO/LUMO,15148,True,待主题范围审阅,全量NMF关键词主题,待主题范围审阅,15148,14,0,1,,,True
128,F0129,Combustion / Coal / Oxygen,Combustion | Coal | Oxygen | Waste management | Chemical looping combustion | Coal combustion products | Flue gas | Pulverized coal-fired boiler | Ignition system | NOx | Fluidized bed combustion | Heat of combustion | Solid fuel | Fluidized bed | Fly ash,18526,True,待主题范围审阅,全量NMF关键词主题,待主题范围审阅,18522,39,0,0,,,True
129,F0130,Work (physics) / Mechanical engineering / Work function,Work (physics) | Mechanical engineering | Work function | Data collection | Measure (data warehouse) | Action (physics) | Mathematical model | Thermodynamics | Point (geometry) | Engineering | Population | Troubleshooting | Risk analysis (engineering) | Quality (philosophy) | Relation (database),11084,True,待主题范围审阅,全量NMF关键词主题,待主题范围审阅,11083,3,0,0,,,True
130,F0131,Cobalt / Cobalt oxide / Inorganic chemistry,Cobalt | Cobalt oxide | Inorganic chemistry | Cobalt sulfide | Cobalt hydroxide | Electrochemistry | Nickel | Chemical engineering | Phosphide | Fischer–Tropsch process | Cobalt extraction techniques | Lithium cobalt oxide | Metallurgy | Catalysis | Manganese,13480,True,待主题范围审阅,全量NMF关键词主题,待主题范围审阅,13480,27,0,0,,,True
131,F0132,Humanities / Philosophy / Physics,Humanities | Philosophy | Physics | Art | Welfare economics | Cartography | Gynecology | Geography | Chemistry | Geomorphology | Forestry | Computer science | Mathematics | Political science | Umwelt,43460,True,待主题范围审阅,全量NMF关键词主题,待主题范围审阅,43454,26,4,0,,,True
132,F0133,Evaporation / Maple / Evaporator,Evaporation | Maple | Evaporator | Vacuum evaporation | Condensation | Electron beam physical vapor deposition | Botany | Flash evaporation | Vaporization | Vacuum deposition | Capillary action | Pan evaporation | Portable water purification | Hardwood | Vapor-compression evaporation,5432,True,待主题范围审阅,全量NMF关键词主题,待主题范围审阅,5431,23,0,0,,,True
133,F0134,Induction motor / Stator / Vector control,Induction motor | Stator | Vector control | Rotor (electric) | Direct torque control | Asynchronous communication | Squirrel-cage rotor | Torque | Electric motor | Induction generator | Wound rotor motor | AC motor | Electronic speed control | Synchronous motor | Flux linkage,10192,True,待主题范围审阅,全量NMF关键词主题,待主题范围审阅,10192,664,0,0,,,True
134,F0135,Fault (geology) / Fault detection and isolation / Fault indicator,Fault (geology) | Fault detection and isolation | Fault indicator | Fault current limiter | Seismology | Line (geometry) | Wavelet | Electric power transmission | Fault tolerance | Stuck-at fault | Real-time computing | Electrical impedance | Transmission line | Wavelet transform | Fault coverage,15178,True,待主题范围审阅,全量NMF关键词主题,待主题范围审阅,15177,4969,0,1,,,True
135,F0136,Center (category theory) / Data center / Research center,Center (category theory) | Data center | Research center | Distribution (mathematics) | Library science | Crystallography | Operations management | Guiding center | Telecommunications | Engineering | Operating system | Distribution center | Active center | Atomic physics | Outreach,2501,True,待主题范围审阅,全量NMF关键词主题,待主题范围审阅,2500,72,1,0,,,True
136,F0137,Database / Table (database) / Operating system,Database | Table (database) | Operating system | World Wide Web | XML | Information retrieval | Software engineering | Database design | Data mining | Programming language | Data exchange | Workflow | Web application | SQL | Management system,6628,True,待主题范围审阅,全量NMF关键词主题,待主题范围审阅,6627,580,0,0,,,True
137,F0138,Kinetic energy / Thermogravimetric analysis / Activation energy,Kinetic energy | Thermogravimetric analysis | Activation energy | Decomposition | Classical mechanics | Thermal decomposition | Arrhenius equation | Kinetic Monte Carlo | Physical chemistry | Thermodynamics | Order of reaction | Hydrate | Magnetic reconnection | Thermogravimetry | Reaction rate,6868,True,待主题范围审阅,全量NMF关键词主题,待主题范围审阅,6867,1,0,0,,,True
138,F0139,Battery (electricity) / Lithium-ion battery / State of charge,Battery (electricity) | Lithium-ion battery | State of charge | Battery pack | Automotive engineering | Lithium (medication) | State of health | Power (physics) | Energy storage | Lead–acid battery | Automotive battery | Flow battery | Lithium battery | Battery capacity | Electrical engineering,23620,True,待主题范围审阅,全量NMF关键词主题,待主题范围审阅,23620,16493,2,3,,,True
139,F0140,Nanoporous / Anodizing / Nanotechnology,Nanoporous | Anodizing | Nanotechnology | Chemical engineering | Nanopore | Nanostructure | Electrode | Alloy | Electrochemistry | Etching (microfabrication) | Microporous material | Photoelectrochemistry | Palladium | Colloidal gold | Amorphous metal,7833,True,待主题范围审阅,全量NMF关键词主题,待主题范围审阅,7833,52,0,0,,,True
140,F0141,Nuclear power / Nuclear power plant / Nuclear engineering,Nuclear power | Nuclear power plant | Nuclear engineering | Nuclear physics | Thermal power station | Nuclear reactor | Nuclear energy policy | Energy development | Steam turbine | Radioactive waste | Nuclear technology | Base load power plant | Pressurized water reactor | Nuclear decommissioning | Uranium,4939,True,待主题范围审阅,全量NMF关键词主题,待主题范围审阅,4939,60,25,0,,,True
141,F0142,Perovskite (structure) / Halide / Energy conversion efficiency,Perovskite (structure) | Halide | Energy conversion efficiency | Passivation | Optoelectronics | Perovskite solar cell | Chemical engineering | Materials science | Iodide | Formamidinium | Nanotechnology | Nanocrystal | Crystallography | Inorganic chemistry | Crystallization,37664,True,待主题范围审阅,全量NMF关键词主题,待主题范围审阅,37664,2,0,3,,,True
142,F0143,Reduction (mathematics) / Oxygen / Oxygen reduction reaction,Reduction (mathematics) | Oxygen | Oxygen reduction reaction | Oxygen reduction | Electrochemistry | Electrochemical reduction of carbon dioxide | Electrode | Cost reduction | Model order reduction | Noise reduction | Atom (system on chip) | Physical chemistry | Power loss | Oxygen atom | In situ,13578,True,待主题范围审阅,全量NMF关键词主题,待主题范围审阅,13578,3,0,0,,,True
143,F0144,Particle swarm optimization / Mathematical optimization / Multi-swarm optimization,Particle swarm optimization | Mathematical optimization | Multi-swarm optimization | Sizing | Metaheuristic | Swarm behaviour | Economic dispatch | Genetic algorithm | Differential evolution | Cuckoo search | Minification | Firefly algorithm | Particle (ecology) | Optimization problem | Multi-objective optimization,11822,True,待主题范围审阅,全量NMF关键词主题,待主题范围审阅,11822,40,0,0,,,True
144,F0145,Political science / Humanities / Gynecology,Political science | Humanities | Gynecology | Law | Politics | Economics | Philosophy | Sustainable development | Climate change | Geography | Welfare economics | Public administration | Political economy | Art | International trade,33317,True,待主题范围审阅,全量NMF关键词主题,待主题范围审阅,33303,0,26,0,,,True
145,F0146,Substrate (aquarium) / Deposition (geology) / Chemical vapor deposition,Substrate (aquarium) | Deposition (geology) | Chemical vapor deposition | Epitaxy | Metalorganic vapour phase epitaxy | Molecular beam epitaxy | Layer (electronics) | Atomic layer deposition | Pulsed laser deposition | Plasma-enhanced chemical vapor deposition | Electrophoretic deposition | Chemical bath deposition | Sapphire | Combustion chemical vapor deposition | Thin film,8429,True,待主题范围审阅,全量NMF关键词主题,待主题范围审阅,8426,2,0,0,,,True
146,F0147,Field (mathematics) / Magnetic field / Electromagnetic field,Field (mathematics) | Magnetic field | Electromagnetic field | Coaxial | Field-effect transistor | Heliostat | Quantum electrodynamics | Electrical engineering | Pure mathematics | Data collection | Field electron emission | Oil field | Coaxial cable | Force field (fiction) | Quantum mechanics,9359,True,待主题范围审阅,全量NMF关键词主题,待主题范围审阅,9358,23,0,0,,,True
147,F0148,Nanomaterials / Nanotechnology / Nanostructure,Nanomaterials | Nanotechnology | Nanostructure | Biosensor | Carbon nanotube | Detection limit | Energy transformation | Electrochemistry | Electrochemical energy storage | Nanomaterial-based catalyst | Environmental remediation | Template | Antibacterial activity | Electrochemical energy conversion | Environmentally friendly,8891,True,待主题范围审阅,全量NMF关键词主题,待主题范围审阅,8891,541,0,0,,,True
148,F0149,Core (optical fiber) / Shell (structure) / Composite material,Core (optical fiber) | Shell (structure) | Composite material | Nanocrystal | Magnetic core | Nanotechnology | Telecommunications | SPHERES | Nanostructure | Yolk | Stator | Inner core | Photon upconversion | Enhanced Data Rates for GSM Evolution | Microsphere,6541,True,待主题范围审阅,全量NMF关键词主题,待主题范围审阅,6540,560,0,0,,,True
149,F0150,Microsphere / Morphology (biology) / Chemical engineering,Microsphere | Morphology (biology) | Chemical engineering | Solvothermal synthesis | Calipers | Dispersity | Polystyrene | Template | Pulmonary surfactant | Glass microsphere | SPHERES | Spray drying | Composition (language) | Nanotechnology | Ethylene glycol,3284,True,待主题范围审阅,全量NMF关键词主题,待主题范围审阅,3284,3,0,0,,,True
150,F0151,Mesoporous material / Mesoporous silica / Specific surface area,Mesoporous material | Mesoporous silica | Specific surface area | Chemical engineering | Microporous material | Mesoporous organosilica | Nanotechnology | BET theory | Organic chemistry | Catalysis | MCM-41 | Macropore | Template | Template method pattern | Molecular sieve,14238,True,待主题范围审阅,全量NMF关键词主题,待主题范围审阅,14238,4,0,0,,,True
151,F0152,Environmental resource management / Ecology / Ecosystem,Environmental resource management | Ecology | Ecosystem | Biodiversity | Ecosystem services | Forest management | Carbon sequestration | Land use | Forest ecology | Carbon cycle | Ecological footprint | Habitat | Agroforestry | Disturbance (geology) | Vegetation (pathology),2330,True,待主题范围审阅,全量NMF关键词主题,待主题范围审阅,2329,1,0,0,,,True
152,F0153,Nap / Social psychology / Biology,Nap | Social psychology | Biology | Naphthalene | Ambient pressure | Physics | Combinatorics | Rockwell scale | Pi | In situ | Futures contract | Zeolite | X-ray photoelectron spectroscopy | Computer science | Naproxen,710,True,待主题范围审阅,全量NMF关键词主题,待主题范围审阅,710,269,0,0,,,True
153,F0154,Electrification / Rural electrification / Electricity,Electrification | Rural electrification | Electricity | Environmental economics | Rural area | Economic growth | Transport engineering | Energy poverty | Cost of electricity by source | Public transport | Diesel generator | Battery electric vehicle | Population | Greenhouse gas | Grid,8233,True,待主题范围审阅,全量NMF关键词主题,待主题范围审阅,8227,4,35,0,,,True
154,F0155,Nano- / Composite material / Nanotechnology,Nano- | Composite material | Nanotechnology | Chemical engineering | Sol-gel | Titanium dioxide | Morphology (biology) | Particle size | Nanoscopic scale | Epoxy | Particle (ecology) | Nanometre | In situ | Phase change | Filler (materials),6856,True,待主题范围审阅,全量NMF关键词主题,待主题范围审阅,6856,402,0,0,,,True
155,F0156,Scanning electron microscope / Fourier transform infrared spectroscopy / Transmission electron microscopy,Scanning electron microscope | Fourier transform infrared spectroscopy | Transmission electron microscopy | Thermogravimetric analysis | Chemical engineering | Nuclear chemistry | Differential scanning calorimetry | Analytical Chemistry (journal) | Cyclic voltammetry | High-resolution transmission electron microscopy | Diffuse reflectance infrared fourier transform | Thermal stability | Diffraction | Crystallinity | Diffractometer,11442,True,待主题范围审阅,全量NMF关键词主题,待主题范围审阅,11440,55,0,0,,,True
156,F0157,Kinetics / Activation energy / Reaction rate constant,Kinetics | Activation energy | Reaction rate constant | Isothermal process | Chemical kinetics | Decomposition | Thermodynamics | Reaction rate | Physical chemistry | Arrhenius equation | Order of reaction | Reaction mechanism | Thermal decomposition | Thermogravimetric analysis | Electrochemical kinetics,9119,True,待主题范围审阅,全量NMF关键词主题,待主题范围审阅,9119,0,0,0,,,True
157,F0158,Biochemical engineering / Nanotechnology / Microbial fuel cell,Biochemical engineering | Nanotechnology | Microbial fuel cell | Microfluidics | Environmentally friendly | Nanocrystal | Biotechnology | Microreactor | Microchannel | Environmental remediation | Biological system | Biorefinery | Industrial chemistry | Electrosynthesis | Pollutant,3877,True,待主题范围审阅,全量NMF关键词主题,待主题范围审阅,3876,78,1,0,,,True
158,F0159,Faraday efficiency / Electrosynthesis / Formate,Faraday efficiency | Electrosynthesis | Formate | Reversible hydrogen electrode | Selectivity | Electrochemical reduction of carbon dioxide | Dendrite (mathematics) | Nucleation | Ammonia production | Stripping (fiber) | Electrochemistry | Current collector | Plating (geology) | Flow battery | Solvation,12907,True,待主题范围审阅,全量NMF关键词主题,待主题范围审阅,12907,108,0,0,,,True
159,F0160,Crystallography / Crystal structure / Crystal (programming language),Crystallography | Crystal structure | Crystal (programming language) | Orthorhombic crystal system | Diffraction | Tetragonal crystal system | Monoclinic crystal system | Octahedron | Single crystal | X-ray crystallography | Rietveld refinement | Phase (matter) | Neutron diffraction | Solid solution | Hexagonal crystal system,13065,True,待主题范围审阅,全量NMF关键词主题,待主题范围审阅,13065,86,0,0,,,True
160,F0161,Dipole / Polar / Work function,Dipole | Polar | Work function | Moment (physics) | Molecular physics | Magnetic dipole | Polarizability | Polarity (international relations) | Chemical polarity | Piezoelectricity | Orientation (vector space) | Transition dipole moment | Solvent | Electric dipole moment | Chemical physics,3676,True,待主题范围审阅,全量NMF关键词主题,待主题范围审阅,3676,25,0,0,,,True
161,F0162,Nanowire / Nanotechnology / Nanostructure,Nanowire | Nanotechnology | Nanostructure | Transmission electron microscopy | High-resolution transmission electron microscopy | Silicon nanowires | Vapor–liquid–solid method | Wurtzite crystal structure | Electrode | Optoelectronics | Chemical engineering | Template | Electrochemistry | Selected area diffraction | Nanotube,11327,True,待主题范围审阅,全量NMF关键词主题,待主题范围审阅,11327,40,0,0,,,True
162,F0163,Filter (signal processing) / Active filter / Low-pass filter,Filter (signal processing) | Active filter | Low-pass filter | Band-pass filter | Active power filter | Harmonics | Filter design | Electronic filter | Harmonic | Electronic engineering | Filtration (mathematics) | Prototype filter | Kalman filter | Band-stop filter | Computer vision,7256,True,待主题范围审阅,全量NMF关键词主题,待主题范围审阅,7255,438,0,0,,,True
163,F0164,Upgrade / ASDEX Upgrade / Operating system,Upgrade | ASDEX Upgrade | Operating system | Nuclear physics | Jet (fluid) | Cyclotron | Large Hadron Collider | Data acquisition | Mast (botany) | Divertor | Reflectometry | Thomson scattering | Modernization theory | Operations management | Pedestal,3526,True,待主题范围审阅,全量NMF关键词主题,待主题范围审阅,3526,127,20,0,,,True
164,F0165,Compatibility (geochemistry) / Solid-state / Electromagnetic compatibility,Compatibility (geochemistry) | Solid-state | Electromagnetic compatibility | Lithium metal | Electromagnetic field | Fast ion conductor | Electromagnetic environment | Solid solution | Electrical engineering | Solid-state nuclear magnetic resonance | Standardization | Energy density | Electromagnetic pulse | Polymer electrolytes | Engineering,2687,True,待主题范围审阅,全量NMF关键词主题,待主题范围审阅,2686,2363,1,0,,,True
165,F0166,Presentation (obstetrics) / Session (web analytics) / Event (particle physics),Presentation (obstetrics) | Session (web analytics) | Event (particle physics) | Destiny (ISS module) | Futures contract | Data collection | Section (typography) | Library science | General partnership | Summit | Task (project management) | Surgery | Subject (documents) | Exhibition | Fuel cells,2020,True,待主题范围审阅,全量NMF关键词主题,待主题范围审阅,2020,9,20,0,,,True
166,F0167,Electron / Atomic physics / Electron transfer,Electron | Atomic physics | Electron transfer | Cyclotron | Excited state | Molecular physics | Electron temperature | Electron transport chain | Computational physics | Excitation | Cathode ray | Electron density | Fermi level | Ionization | Exciton,10391,True,待主题范围审阅,全量NMF关键词主题,待主题范围审阅,10390,5,0,0,,,True
167,F0168,Convergence (economics) / Economic dispatch / Population,Convergence (economics) | Economic dispatch | Population | Rate of convergence | Power flow | Premature convergence | Mathematical optimization | Iterative method | Newton's method | Benchmark (surveying) | Per capita | Initialization | Differential evolution | Crossover | Local optimum,6252,True,待主题范围审阅,全量NMF关键词主题,待主题范围审阅,6252,361,0,0,,,True
168,F0169,Thermal / Thermal energy storage / Phase-change material,Thermal | Thermal energy storage | Phase-change material | Thermal conductivity | Heat transfer | Latent heat | Thermodynamics | Thermal energy | Nanofluid | Thermal resistance | Mechanics | Phase change | Thermal management of electronic devices and systems | Composite material | Thermal conduction,18424,True,待主题范围审阅,全量NMF关键词主题,待主题范围审阅,18424,409,0,2,,,True
169,F0170,Scaling / Statistical physics / Scaling law,Scaling | Statistical physics | Scaling law | Dimensionless quantity | Geometry | Computational physics | Limit (mathematics) | Turbulence | Exponent | MOSFET | Collisionality | Quantum mechanics | Subthreshold conduction | RADIUS | Linear scale,4247,True,待主题范围审阅,全量NMF关键词主题,待主题范围审阅,4247,0,0,0,,,True
170,F0171,Polarization (electrochemistry) / Ferroelectricity / Piezoelectricity,Polarization (electrochemistry) | Ferroelectricity | Piezoelectricity | Concentration polarization | Spin polarization | Anisotropy | Multiferroics | Exchange current density | Ohmic contact | Cathodic protection | Pyroelectricity | Circular polarization | Current density | Antiferroelectricity | Poling,7470,True,待主题范围审阅,全量NMF关键词主题,待主题范围审阅,7470,122,0,0,,,True
171,F0172,Simulation / Robot / Computer simulation,Simulation | Robot | Computer simulation | Artificial intelligence | Obstacle | Mobile robot | Dynamic simulation | Hardware-in-the-loop simulation | Kinematics | Real-time computing | Control engineering | Computer vision | Path (computing) | Robotics | Flight simulator,4711,True,待主题范围审阅,全量NMF关键词主题,待主题范围审阅,4711,1039,0,0,,,True
172,F0173,Remote sensing / Satellite / Global Positioning System,Remote sensing | Satellite | Global Positioning System | In situ | Lidar | Geodesy | Geographic information system | Radar | Sky | Telecommunications | Astronomy | Terrain | Geostationary orbit | Infrared | Computer vision,7733,True,待主题范围审阅,全量NMF关键词主题,待主题范围审阅,7726,230,0,0,,,True
173,F0174,Dissolution / Precipitation / Calcite,Dissolution | Precipitation | Calcite | Inorganic chemistry | Passivation | Chemical engineering | Permeability (electromagnetism) | Brine | Solubility | Carbonate | Mineralogy | Sulfuric acid | Saturation (graph theory) | Goethite | Ferrihydrite,12152,True,待主题范围审阅,全量NMF关键词主题,待主题范围审阅,12151,5,0,0,,,True
174,F0175,Citation / Library science / Information retrieval,Citation | Library science | Information retrieval | World Wide Web | Icon | German | Social media | Altmetrics | Art history | Download | Advertising | Combinatorics | Crude oil | Linguistics | Management,9176,True,待主题范围审阅,全量NMF关键词主题,待主题范围审阅,9136,1,6,0,,,True
175,F0176,Component (thermodynamics) / Principal component analysis / Electronic component,Component (thermodynamics) | Principal component analysis | Electronic component | Separation (statistics) | Powertrain | Composition (language) | Relation (database) | Sizing | Architecture | Reuse | Component-based software engineering | Failure rate | Printed circuit board | Symmetrical components | Hybrid system,6670,True,待主题范围审阅,全量NMF关键词主题,待主题范围审阅,6670,968,0,0,,,True
176,F0177,Fusion / Fusion power / Nuclear fusion,Fusion | Fusion power | Nuclear fusion | Inertial confinement fusion | Sensor fusion | Nuclear physics | Neutron | Thermonuclear fusion | Magnetic confinement fusion | Inertial frame of reference | Blanket | Feature (linguistics) | Fission | Ignition system | Neutron source,6830,True,待主题范围审阅,全量NMF关键词主题,待主题范围审阅,6828,11,0,0,,,True
177,F0178,Power (physics) / Electrical engineering / Engineering,Power (physics) | Electrical engineering | Engineering | Electric power system | Automotive engineering | Electric power | Photovoltaic system | Electricity generation | Reliability engineering | Electricity | Power grid | Wind power | Voltage | Power flow | Grid,9671,True,待主题范围审阅,全量NMF关键词主题,待主题范围审阅,9670,1093,5,0,,,True
178,F0179,Perspective (graphical) / Artificial intelligence / Subject (documents),Perspective (graphical) | Artificial intelligence | Subject (documents) | Sociology | Management science | Interpretation (philosophy) | Engineering ethics | Identity (music) | Regional science | Environmental ethics | Relation (database) | Nanotechnology | Public economics | Economic geography | Epistemology,6741,True,待主题范围审阅,全量NMF关键词主题,待主题范围审阅,6741,0,0,0,,,True
179,F0180,Band gap / Semiconductor / Electronic band structure,Band gap | Semiconductor | Electronic band structure | Direct and indirect band gaps | Optoelectronics | Absorption (acoustics) | Absorption edge | Electronic structure | Refractive index | Valence (chemistry) | Chemical bath deposition | Wurtzite crystal structure | Wide-bandgap semiconductor | Absorption spectroscopy | Valence band,9594,True,待主题范围审阅,全量NMF关键词主题,待主题范围审阅,9594,1,0,0,,,True
180,F0181,Geology / Geochemistry / Petroleum engineering,Geology | Geochemistry | Petroleum engineering | Oceanography | Geotechnical engineering | Meteorology | Earth science | Climatology | Mining engineering | Seismology | Marine engineering | Geomorphology | Geodesy | Geophysics | Petrology,17491,True,待主题范围审阅,全量NMF关键词主题,待主题范围审阅,17455,13,5,1,,,True
181,F0182,Heat transfer / Heat transfer coefficient / Nusselt number,Heat transfer | Heat transfer coefficient | Nusselt number | Convection | Natural convection | Heat flux | Convective heat transfer | Heat transfer enhancement | Reynolds number | Thermal conduction | Rayleigh number | Laminar flow | Heat sink | Fin | Enclosure,13322,True,待主题范围审阅,全量NMF关键词主题,待主题范围审阅,13319,327,0,0,,,True
182,F0183,Fiber / Composite material / Hollow fiber membrane,Fiber | Composite material | Hollow fiber membrane | Optical fiber | Ultimate tensile strength | Epoxy | Spinning | Polypropylene | Contactor | Flexural strength | Glass fiber | Silicon carbide | Matrix (chemical analysis) | Aramid | Toughness,3789,True,待主题范围审阅,全量NMF关键词主题,待主题范围审阅,3789,1418,0,0,,,True
183,F0184,Offshore wind power / Submarine pipeline / Marine engineering,Offshore wind power | Submarine pipeline | Marine engineering | Mooring | Oceanography | Tension (geology) | Sea breeze | Cost of electricity by source | Spar | Catenary | Wind wave | Geotechnical engineering | Structural engineering | Offshore geotechnical engineering | Surge,9032,True,待主题范围审阅,全量NMF关键词主题,待主题范围审阅,9029,413,15,1,,,True
184,F0185,Absorption (acoustics) / Laser / Optics,Absorption (acoustics) | Laser | Optics | Absorption spectroscopy | Spectroscopy | Femtosecond | Ultrafast laser spectroscopy | Wavelength | Optoelectronics | Pulsed laser deposition | X-ray absorption spectroscopy | Absorption edge | Excitation | Ultrashort pulse | Exciton,8343,True,待主题范围审阅,全量NMF关键词主题,待主题范围审阅,8341,27,0,0,,,True
185,F0186,Sorption / Sorbent / Ion exchange,Sorption | Sorbent | Ion exchange | Langmuir | Desorption | Freundlich equation | Langmuir adsorption model | Metal ions in aqueous solution | Chemical engineering | Nuclear chemistry | Biosorption | Steam reforming | Ionic strength | Organic chemistry | Endothermic process,11949,True,待主题范围审阅,全量NMF关键词主题,待主题范围审阅,11948,35,0,0,,,True
186,F0187,Interconnection / Telecommunications / Chip,Interconnection | Telecommunications | Chip | Printed circuit board | Solid oxide fuel cell | Signal integrity | Soldering | Crosstalk | Stack (abstract data type) | Passivity | Integrated circuit | Parallel computing | Asynchronous communication | Hypercube | Shading,4913,True,待主题范围审阅,全量NMF关键词主题,待主题范围审阅,4913,1301,0,0,,,True
187,F0188,Group (periodic table) / Platinum group / Impurity,Group (periodic table) | Platinum group | Impurity | Transition metal | Platinum | Hydrogen atom | Atom (system on chip) | Functional group | Main group element | Anchoring | Organic chemistry | Nitride | Operations management | Stereochemistry | Space group,2700,True,待主题范围审阅,全量NMF关键词主题,待主题范围审阅,2700,17,0,0,,,True
188,F0189,Combustor / NOx / Gas turbines,Combustor | NOx | Gas turbines | Turbine | Combined cycle | Nozzle | Combustion chamber | Gas burner | Pulverized coal-fired boiler | Solid oxide fuel cell | Selective catalytic reduction | Adiabatic flame temperature | Nitrogen oxide | Jet (fluid) | Pollutant,4098,True,待主题范围审阅,全量NMF关键词主题,待主题范围审阅,4097,401,0,2,,,True
189,F0190,Renewable energy / Environmental economics / Natural resource economics,Renewable energy | Environmental economics | Natural resource economics | Wind power | Energy policy | Electricity generation | Economics | Sustainable energy | Distributed generation | Renewable resource | Energy development | Feed-in tariff | Engineering | Solar energy | Electrical engineering,27222,True,待主题范围审阅,全量NMF关键词主题,待主题范围审阅,27220,43,217,0,,,True
190,F0191,Wake / Vortex / Wake turbulence,Wake | Vortex | Wake turbulence | Inflow | Turbulence kinetic energy | Turbine | Propeller | Vortex shedding | Vorticity | Turbulence | Particle image velocimetry | Thrust | Strouhal number | Wind tunnel | Upstream (networking),6158,True,待主题范围审阅,全量NMF关键词主题,待主题范围审阅,6157,3,0,0,,,True
191,F0192,Medicine / Gynecology / Internal medicine,Medicine | Gynecology | Internal medicine | Cardiology | Traditional medicine | Heart failure | Surgery | Intensive care medicine | Ductus arteriosus | Environmental health | Ventricular assist device | Radiology | Biomedical engineering | Pathology | Medical emergency,21468,True,待主题范围审阅,全量NMF关键词主题,待主题范围审阅,21444,48,0,0,,,True
192,F0193,Desalination / Solar desalination / Environmental engineering,Desalination | Solar desalination | Environmental engineering | Evaporation | Evaporator | Reverse osmosis | Capacitive deionization | Solar still | Geothermal desalination | Brine | Solar energy | Low-temperature thermal desalination | Seawater | Brackish water | Water desalination,11540,True,待主题范围审阅,全量NMF关键词主题,待主题范围审阅,11538,19,0,0,,,True
193,F0194,Architecture / Preprint / Computer architecture,Architecture | Preprint | Computer architecture | Systems architecture | Network architecture | World Wide Web | Block (permutation group theory) | Interpretation (philosophy) | Software architecture | Sustainable design | Python (programming language) | Software engineering | Enterprise information security architecture | Reference architecture | Electrical engineering,3789,True,待主题范围审阅,全量NMF关键词主题,待主题范围审阅,3789,170,0,0,,,True
194,F0195,Nanofiber / Electrospinning / Carbon nanofiber,Nanofiber | Electrospinning | Carbon nanofiber | Carbon nanotube | Polyacrylonitrile | Polymer | Chemical engineering | Nanotube | Composite material | Polyvinylpyrrolidone | Spinning | Nanotechnology | Polyaniline nanofibers | Aramid | Polyvinyl alcohol,10797,True,待主题范围审阅,全量NMF关键词主题,待主题范围审阅,10797,201,0,0,,,True
195,F0196,Variation (astronomy) / Seasonality / Atmospheric sciences,Variation (astronomy) | Seasonality | Atmospheric sciences | Statistics | Astronomy | Intensity (physics) | Cosmic ray | Spatial variability | Diurnal temperature variation | Solar cycle | Solar variation | Process variation | Factor (programming language) | Econometrics | Composition (language),1976,True,待主题范围审阅,全量NMF关键词主题,待主题范围审阅,1976,0,0,0,,,True
196,F0197,Phthalocyanine / Copper phthalocyanine / Tetra,Phthalocyanine | Copper phthalocyanine | Tetra | Singlet oxygen | Medicinal chemistry | Photoconductivity | Phthalonitrile | Organic semiconductor | Carbon nanotube | Bilayer | Fullerene | Porphyrin | Organic chemistry | Photosensitivity | Proton NMR,3468,True,待主题范围审阅,全量NMF关键词主题,待主题范围审阅,3468,0,0,0,,,True
197,F0198,Water splitting / Photocurrent / Oxygen evolution,Water splitting | Photocurrent | Oxygen evolution | Photoelectrochemistry | Optoelectronics | Bifunctional | Photoelectrochemical cell | Photocatalytic water splitting | Photocathode | Charge carrier | Photoconductivity | Hydrogen production | Electrode | Electrolysis of water | Reversible hydrogen electrode,10679,True,待主题范围审阅,全量NMF关键词主题,待主题范围审阅,10679,9,0,0,,,True
198,F0199,Greenhouse gas / Emissions trading / Natural resource economics,Greenhouse gas | Emissions trading | Natural resource economics | Life-cycle assessment | Carbon tax | Climate change mitigation | Environmental economics | Environmental engineering | Kyoto Protocol | Global warming | Greenhouse | Environmental protection | Carbon capture and storage (timeline) | Carbon neutrality | Carbon price,17664,True,待主题范围审阅,全量NMF关键词主题,待主题范围审阅,17660,32,125,0,,,True
199,F0200,Business administration / Agricultural science / Business management,Business administration | Agricultural science | Business management | Joint venture | Management | SWOT analysis | Corporate social responsibility | Operating system | Political science | Gynecology | Religious studies | General partnership | Start up | Strategic development | Biogas,1131,True,待主题范围审阅,全量NMF关键词主题,待主题范围审阅,1131,0,1414,0,,,True
200,F0201,Government (linguistics) / Public policy / Economic growth,Government (linguistics) | Public policy | Economic growth | China | Energy policy | Public administration | Public economics | Agency (philosophy) | Politics | Finance | Economic shortage | Local government | Economic policy | Legislation | Private sector,9171,True,待主题范围审阅,全量NMF关键词主题,待主题范围审阅,9168,0,60,0,,,True
201,F0202,Energy management / Energy management system / Operations management,Energy management | Energy management system | Operations management | Power management | Management system | State of charge | Fuel efficiency | Hybrid power | Hybrid system | Risk analysis (engineering) | Dynamic programming | Load management | Energy engineering | Driving cycle | Home automation,7119,True,待主题范围审阅,全量NMF关键词主题,待主题范围审阅,7119,1535,7,1,,,True
202,F0203,AC power / Compensation (psychology) / Power factor,AC power | Compensation (psychology) | Power factor | Voltage optimisation | Power control | Active filter | Static VAR compensator | Voltage regulation | Volt-ampere reactive | Harmonics | Induction generator | Harmonic | Power-flow study | Doubly fed electric machine | Power (physics),11609,True,待主题范围审阅,全量NMF关键词主题,待主题范围审阅,11609,1992,0,0,,,True
203,F0204,Scale (ratio) / Cartography / Atomic units,Scale (ratio) | Cartography | Atomic units | Scale model | Nanoscopic scale | SCALE-UP | Full scale | Industrial engineering | Engineering | Environmental resource management | Environmental economics | Statistical physics | Economies of scale | Carbon capture and storage (timeline) | Process engineering,8548,True,待主题范围审阅,全量NMF关键词主题,待主题范围审阅,8546,0,0,0,,,True
204,F0205,Beam (structure) / Proton / Optics,Beam (structure) | Proton | Optics | Ion beam | Linear particle accelerator | Injector | Nuclear physics | Cathode ray | Cyclotron | Neutral beam injection | Conductivity | Thermal emittance | Ion source | Proton transport | Particle accelerator,6284,True,待主题范围审阅,全量NMF关键词主题,待主题范围审阅,6284,22,0,0,,,True
205,F0206,Electric field / Space charge / Breakdown voltage,Electric field | Space charge | Breakdown voltage | Electrohydrodynamics | Field (mathematics) | Lightning (connector) | Corona discharge | Computational physics | Electric potential | Corona (planetary geology) | Voltage | High voltage | Charge density | Ionization | Intensity (physics),11477,True,待主题范围审阅,全量NMF关键词主题,待主题范围审阅,11475,327,0,0,,,True
206,F0207,Physics / Electrical engineering / Plasma,Physics | Electrical engineering | Plasma | Materials science | Nuclear physics | Atomic physics | Condensed matter physics | Optics | Gynecology | Quantum mechanics | Computational physics | Power (physics) | Tokamak | Acoustics | Environmental science,31674,True,待主题范围审阅,全量NMF关键词主题,待主题范围审阅,31670,21,1,0,,,True
207,F0208,Electrolysis / Electrolysis of water / Alkaline water electrolysis,Electrolysis | Electrolysis of water | Alkaline water electrolysis | Polymer electrolyte membrane electrolysis | Electrode | High-temperature electrolysis | Hydrogen production | Electrolytic cell | Oxygen evolution | High-pressure electrolysis | Power to gas | Ion exchange | Electrolytic process | Microbial electrolysis cell | Current density,16357,True,待主题范围审阅,全量NMF关键词主题,待主题范围审阅,16356,383,0,2,,,True
208,F0209,Transport engineering / Public transport / Environmental economics,Transport engineering | Public transport | Environmental economics | Transit (satellite) | Sustainable transport | Civil engineering | TRIPS architecture | Road transport | Charging station | Fleet management | Electric cars | Telecommunications | Metropolitan area | Taxis | Train,5357,True,待主题范围审阅,全量NMF关键词主题,待主题范围审阅,5356,282,90,0,,,True
209,F0210,Resilience (materials science) / Risk analysis (engineering) / Vulnerability (computing),Resilience (materials science) | Risk analysis (engineering) | Vulnerability (computing) | Psychological resilience | Critical infrastructure | Extreme weather | Electric power system | Environmental resource management | Risk management | Vulnerability assessment | Adaptation (eye) | Natural disaster | Event (particle physics) | Adversarial system | Climate resilience,6257,True,待主题范围审阅,全量NMF关键词主题,待主题范围审阅,6257,51,23,0,,,True
210,F0211,Monte Carlo method / Statistical physics / Kinetic Monte Carlo,Monte Carlo method | Statistical physics | Kinetic Monte Carlo | Statistics | Computational physics | Markov chain Monte Carlo | Lattice (music) | Probabilistic logic | Neutron | Weibull distribution | Sampling (signal processing) | Latin hypercube sampling | Dynamic Monte Carlo method | Probability density function | Probability distribution,6685,True,待主题范围审阅,全量NMF关键词主题,待主题范围审阅,6684,18,0,0,,,True
211,F0212,Drone / Overhead (engineering) / Real-time computing,Drone | Overhead (engineering) | Real-time computing | Payload (computing) | Scheduling (production processes) | Overhead line | Quadcopter | Computer vision | Multirotor | Icing | Deep learning | Wing | Aerospace engineering | Solar powered | Search and rescue,1404,True,待主题范围审阅,全量NMF关键词主题,待主题范围审阅,1404,1637,0,0,,,True
212,F0213,Corporate governance / Finance / Climate governance,Corporate governance | Finance | Climate governance | Environmental governance | Economic system | Global governance | Public administration | Stakeholder | Operationalization | Accountability | Multi-level governance | Management | Public relations | Climate Finance | Equity (law),6739,True,待主题范围审阅,全量NMF关键词主题,待主题范围审阅,6738,0,1,0,,,True
213,F0214,Spinel / Metallurgy / Octahedron,Spinel | Metallurgy | Octahedron | Electrochemistry | Manganese | Analytical Chemistry (journal) | Lattice constant | Ferrite (magnet) | Magnetization | Lithium titanate | Coercivity | Particle size | Coprecipitation | Stoichiometry | Crystallinity,11452,True,待主题范围审阅,全量NMF关键词主题,待主题范围审阅,11451,27,0,0,,,True
214,F0215,Redundancy (engineering) / Fault tolerance / Observability,Redundancy (engineering) | Fault tolerance | Observability | Backup | Residual | Feature selection | Triple modular redundancy | Feature (linguistics) | Data redundancy | Units of measurement | Fault detection and isolation | Series and parallel circuits | Markov chain | Embedded system | Mean time between failures,2859,True,待主题范围审阅,全量NMF关键词主题,待主题范围审阅,2856,420,0,1,,,True
215,F0216,Ion / Ionic liquid / Ionic bonding,Ion | Ionic liquid | Ionic bonding | Sodium | Ion exchange | Inorganic chemistry | Ion implantation | Ionic conductivity | Organic chemistry | Physical chemistry | Ion transporter | Atomic physics | Chemical engineering | Metal ions in aqueous solution | Imide,8572,True,待主题范围审阅,全量NMF关键词主题,待主题范围审阅,8570,12,0,0,,,True
216,F0217,Geopolitics / Politics / Economy,Geopolitics | Politics | Economy | Political economy | Middle East | Law | Economic system | Development economics | Foreign policy | International relations | Diplomacy | Democracy | International trade | Central asia | Ideology,6603,True,待主题范围审阅,全量NMF关键词主题,待主题范围审阅,6603,0,0,0,,,True
217,F0218,Synchronization (alternating current) / Channel (broadcasting) / Real-time computing,Synchronization (alternating current) | Channel (broadcasting) | Real-time computing | Orthogonal frequency-division multiplexing | Time synchronization | Global Positioning System | Fading | Phase-locked loop | Interference (communication) | Clock synchronization | Data synchronization | Synchronizing | Multipath propagation | Telecommunications | Bit error rate,5696,True,待主题范围审阅,全量NMF关键词主题,待主题范围审阅,5695,569,0,0,,,True
218,F0219,Ferrite (magnet) / Coercivity / Austenite,Ferrite (magnet) | Coercivity | Austenite | Magnetization | Superparamagnetism | Zinc ferrite | Nuclear magnetic resonance | Ferrite core | Martensite | Coprecipitation | Magnetic nanoparticles | Strontium | Mössbauer spectroscopy | Austenitic stainless steel | Remanence,4116,True,待主题范围审阅,全量NMF关键词主题,待主题范围审阅,4116,43,0,0,,,True
219,F0220,Computer network / Scheme (mathematics) / Protocol (science),Computer network | Scheme (mathematics) | Protocol (science) | Network packet | Distributed computing | Network topology | Quality of service | Wireless sensor network | Node (physics) | Ethernet | Routing (electronic design automation) | Wireless network | Link (geometry) | Telecommunications network | Real-time computing,12547,True,待主题范围审阅,全量NMF关键词主题,待主题范围审阅,12547,2200,1,1,,,True
220,F0221,Extraction (chemistry) / Chromatography / Solvent,Extraction (chemistry) | Chromatography | Solvent | Solvent extraction | Stripping (fiber) | Aqueous two-phase system | Diluent | Nitric acid | Phosphoric acid | Nuclear chemistry | Uranium | Hydrochloric acid | Chloride | Liquid–liquid extraction | Inorganic chemistry,17967,True,待主题范围审阅,全量NMF关键词主题,待主题范围审阅,17966,235,0,0,,,True
221,F0222,Truck / Automotive engineering / Fuel efficiency,Truck | Automotive engineering | Fuel efficiency | Heavy duty | Transport engineering | Diesel fuel | Engineering | Trailer | Hydrogen vehicle | Tractor | Haulage | Duty | Auxiliary power unit | Axle | Hydrogen fuel,5022,True,待主题范围审阅,全量NMF关键词主题,待主题范围审阅,5022,93,27,0,,,True
222,F0223,Philosophy / Epistemology / Traditional medicine,Philosophy | Epistemology | Traditional medicine | Linguistics | Gynecology | Environmental ethics | German | Fang | Guan | Anthropocene | Zero (linguistics) | Polish | Humanities | Sociology | Agreement,6997,True,待主题范围审阅,全量NMF关键词主题,待主题范围审阅,6997,2,1,0,,,True
223,F0224,Geothermal gradient / Geothermal energy / Petroleum engineering,Geothermal gradient | Geothermal energy | Petroleum engineering | Geothermal heating | Geothermal power | Geophysics | Borehole | Earth science | Geothermal exploration | Heat exchanger | Petrology | Permeability (electromagnetism) | Drilling | Geochemistry | Geotechnical engineering,11878,True,待主题范围审阅,全量NMF关键词主题,待主题范围审阅,11877,98,13,1,,,True
224,F0225,Iridium / Phosphorescence / Phosphorescent organic light-emitting diode,Iridium | Phosphorescence | Phosphorescent organic light-emitting diode | Oxygen evolution | Carbazole | Ruthenium | OLED | Dopant | Quantum efficiency | Afterglow | Rhodium | Luminous efficacy | Fluorescence | Host (biology) | Pyridine,4315,True,待主题范围审阅,全量NMF关键词主题,待主题范围审阅,4315,6,0,0,,,True
225,F0226,Aqueous solution / Inorganic chemistry / Nuclear chemistry,Aqueous solution | Inorganic chemistry | Nuclear chemistry | Freundlich equation | Langmuir adsorption model | Langmuir | Aqueous two-phase system | Metal ions in aqueous solution | Aqueous medium | Endothermic process | Ionic strength | Amine gas treating | Chromium | Pulmonary surfactant | Solvation,13221,True,待主题范围审阅,全量NMF关键词主题,待主题范围审阅,13219,775,0,0,,,True
226,F0227,Environmental chemistry / Pollutant / Contamination,Environmental chemistry | Pollutant | Contamination | Environmental remediation | Heavy metals | Arsenic | Leachate | Biodegradation | Organic matter | Anoxic waters | Methanogenesis | Bioremediation | Bacteria | Ecotoxicology | Cadmium,8178,True,待主题范围审阅,全量NMF关键词主题,待主题范围审阅,8174,17,0,0,,,True
227,F0228,Durability / Development (topology) / Composite material,Durability | Development (topology) | Composite material | Oxygen reduction reaction | Membrane electrode assembly | Cement | Electrode | Compressive strength | Cementitious | Service life | Mortar | Accelerated aging | Temperature cycling | Oxygen reduction | Ionomer,5479,True,待主题范围审阅,全量NMF关键词主题,待主题范围审阅,5479,151,0,0,,,True
228,F0229,Term (time) / Wind power forecasting / Econometrics,Term (time) | Wind power forecasting | Econometrics | Long short term memory | Decomposition | Wind speed | Electrical load | Medium term | Meteorology | Work (physics) | Context (archaeology) | Demand forecasting | Probabilistic forecasting | Recurrent neural network | Astronomy,9653,True,待主题范围审阅,全量NMF关键词主题,待主题范围审阅,9653,237,0,0,,,True
229,F0230,Electrolyte / Ionic conductivity / Conductivity,Electrolyte | Ionic conductivity | Conductivity | Fast ion conductor | Ionic bonding | Polymer | Polymer electrolytes | Interphase | Inorganic chemistry | Electrochemical window | Solvation | Physical chemistry | Ethylene carbonate | Propylene carbonate | Ethylene oxide,30100,True,待主题范围审阅,全量NMF关键词主题,待主题范围审阅,30099,2543,0,4,,,True
230,F0231,Calibration / Range (aeronautics) / Statistics,Calibration | Range (aeronautics) | Statistics | Measurement uncertainty | Temperature measurement | Current transformer | Observational error | Optics | Measure (data warehouse) | Traceability | Remote sensing | System of measurement | Plasma diagnostics | Noise (video) | Electronic engineering,5511,True,待主题范围审阅,全量NMF关键词主题,待主题范围审阅,5511,268,0,0,,,True
231,F0232,Electronic engineering / Amplifier / CMOS,Electronic engineering | Amplifier | CMOS | Bandwidth (computing) | RF power amplifier | Wideband | Radio frequency | Chip | Linearity | Operational amplifier | SIGNAL (programming language) | Orthogonal frequency-division multiplexing | Predistortion | Noise figure | Low-noise amplifier,9070,True,待主题范围审阅,全量NMF关键词主题,待主题范围审阅,9070,456,0,1,,,True
232,F0233,Test (biology) / Reliability engineering / Test method,Test (biology) | Reliability engineering | Test method | Test bench | Engineering | Software engineering | Test data | Programming language | Test equipment | Embedded system | Test Management Approach | Test case | Test harness | Simulation | Flight test,6738,True,待主题范围审阅,全量NMF关键词主题,待主题范围审阅,6738,2493,2,1,,,True
233,F0234,Organic Rankine cycle / Waste heat / Degree Rankine,Organic Rankine cycle | Waste heat | Degree Rankine | Rankine cycle | Waste heat recovery unit | Working fluid | Heat exchanger | Thermal efficiency | Electricity generation | Cogeneration | Mechanical engineering | Heat recovery ventilation | Brayton cycle | Condenser (optics) | Evaporator,9238,True,待主题范围审阅,全量NMF关键词主题,待主题范围审阅,9238,91,0,2,,,True
234,F0235,Tin / Tin oxide / Antimony,Tin | Tin oxide | Antimony | Metallurgy | Bismuth | Titanium nitride | Nitride | Tin dioxide | Sulfide | Indium tin oxide | Titanium | Germanium | Halide | Inorganic chemistry | Arsenic,8204,True,待主题范围审阅,全量NMF关键词主题,待主题范围审阅,8203,231,0,0,,,True
235,F0236,Engineering management / Engineering ethics / Process management,Engineering management | Engineering ethics | Process management | Training (meteorology) | Multimedia | Knowledge management | Mathematics education | Human–computer interaction | Software engineering | Standardization | Management science | Realization (probability) | Vocational education | Curriculum | Course (navigation),2816,True,待主题范围审阅,全量NMF关键词主题,待主题范围审阅,2810,4,32,0,,,True
236,F0237,Constant (computer programming) / Constant current / Entropy (arrow of time),Constant (computer programming) | Constant current | Entropy (arrow of time) | Constant voltage | Time constant | Entropy production | Tension (geology) | Electrical impedance | Constant power circuit | Reaction rate constant | Trickle charging | Amplitude | Exponential function | Steady state (chemistry) | Buck converter,4155,True,待主题范围审阅,全量NMF关键词主题,待主题范围审阅,4154,390,0,0,,,True
237,F0238,Dual (grammatical number) / Dual role / Dual purpose,Dual (grammatical number) | Dual role | Dual purpose | Bridge (graph theory) | Dual mode | Atom (system on chip) | Half bridge | Dual layer | Clutch | Dual function | Boosting (machine learning) | Scheme (mathematics) | Multi-band device | In situ | Dual loop,8557,True,待主题范围审阅,全量NMF关键词主题,待主题范围审阅,8557,525,0,0,,,True
238,F0239,Industrial organization / Competition (biology) / Economic system,Industrial organization | Competition (biology) | Economic system | Economic geography | Commerce | Market economy | Globalization | Electric power industry | Electricity market | Market power | Restructuring | Regional science | Marketing | Monopoly | Deregulation,4808,True,待主题范围审阅,全量NMF关键词主题,待主题范围审阅,4807,1,5,0,,,True
239,F0240,Molybdenum / Molybdenum disulfide / Tungsten,Molybdenum | Molybdenum disulfide | Tungsten | Carbide | Disulfide bond | Inorganic chemistry | Nitride | Molybdenum trioxide | Sulfide | Molybdate | Molybdenum oxide | Metallurgy | Tungsten disulfide | Phosphide | Exfoliation joint,6588,True,待主题范围审阅,全量NMF关键词主题,待主题范围审阅,6588,4,0,0,,,True
240,F0241,Topology (electrical circuits) / Network topology / Graph,Topology (electrical circuits) | Network topology | Graph | Combinatorics | Theoretical computer science | Topology optimization | Mod | Graph theory | Notation | H bridge | Node (physics) | Discrete mathematics | Topological insulator | Matrix (chemical analysis) | Correctness,7084,True,待主题范围审阅,全量NMF关键词主题,待主题范围审阅,7084,478,0,2,,,True
241,F0242,Impeller / Centrifugal pump / Specific speed,Impeller | Centrifugal pump | Specific speed | Volute | Mechanical engineering | Rotodynamic pump | Slip factor | Blade (archaeology) | Head (geology) | Internal flow | Suction | Inlet | Diffuser (optics) | Progressive cavity pump | Rotational speed,7002,True,待主题范围审阅,全量NMF关键词主题,待主题范围审阅,7002,48,0,0,,,True
242,F0243,Modular design / High-voltage direct current / Capacitor,Modular design | High-voltage direct current | Capacitor | Modularity (biology) | Direct current | Operating system | HVDC converter station | Transmission system | Scalability | Engineering | Fault tolerance | Architecture | Modular construction | Decoupling (probability) | Programming language,8592,True,待主题范围审阅,全量NMF关键词主题,待主题范围审阅,8592,868,0,2,,,True
243,F0244,Engineering / Mechanical engineering / Manufacturing engineering,Engineering | Mechanical engineering | Manufacturing engineering | Engineering drawing | Turbine | Steam turbine | Electrical engineering | Gas turbines | Control engineering | Cylinder | Hydraulic machinery | Stirling engine | Machining | Piston (optics) | Computer graphics (images),6599,True,待主题范围审阅,全量NMF关键词主题,待主题范围审阅,6598,26926,0,0,,,True
244,F0245,Photodegradation / Rhodamine B / Methyl orange,Photodegradation | Rhodamine B | Methyl orange | Diffuse reflectance infrared fourier transform | Nuclear chemistry | Congo red | Reaction rate constant | Malachite green | Wurtzite crystal structure | Phenol | Visible spectrum | Indigo carmine | Organic chemistry | Bisphenol A | Photodissociation,14791,True,待主题范围审阅,全量NMF关键词主题,待主题范围审阅,14791,0,0,0,,,True
245,F0246,Solar energy / Optics / Solar power,Solar energy | Optics | Solar power | Parabolic trough | Concentrator | Photovoltaic thermal hybrid solar collector | Concentrated solar power | Solar air conditioning | Solar mirror | Solar tracker | Energy transformation | Nonimaging optics | Optoelectronics | Infrared | Solar energy conversion,11267,True,待主题范围审阅,全量NMF关键词主题,待主题范围审阅,11267,2681,6,1,,,True
246,F0247,Chemical physics / Molecular dynamics / Dynamics (music),Chemical physics | Molecular dynamics | Dynamics (music) | Computational chemistry | Ab initio | Solvation | Molecule | Molecular physics | Statistical physics | Relaxation (psychology) | ReaxFF | Physical chemistry | Dissociation (chemistry) | Interatomic potential | Intermolecular force,6272,True,待主题范围审阅,全量NMF关键词主题,待主题范围审阅,6272,0,0,0,,,True
247,F0248,Energy transition / Transition (genetics) / Transition metal,Energy transition | Transition (genetics) | Transition metal | Economic system | Energy policy | German | Energy system | Economic geography | Phase transition | Sustainable energy | Sociotechnical system | Carbon neutrality | Clean energy | Neutrality | Natural resource economics,4340,True,待主题范围审阅,全量NMF关键词主题,待主题范围审阅,4340,0,2,0,,,True
248,F0249,Energy security / Energy supply / Energy policy,Energy security | Energy supply | Energy policy | Diversification (marketing strategy) | Environmental impact of the energy industry | Portfolio | Energy engineering | Energy subsidies | National security | Geopolitics | Energy mix | Energy development | Environmental security | Energy independence | Food security,6264,True,待主题范围审阅,全量NMF关键词主题,待主题范围审阅,6264,0,56,0,,,True
249,F0250,Plan (archaeology) / Scheme (mathematics) / Operations management,Plan (archaeology) | Scheme (mathematics) | Operations management | Action plan | Action (physics) | Procurement | Development plan | Archaeology | Civil engineering | Strategic planning | Process management | Power grid | Engineering | Realization (probability) | Power network,4050,True,待主题范围审阅,全量NMF关键词主题,待主题范围审阅,4050,151,438,0,,,True
250,F0251,Series (stratigraphy) / Time series / Autoregressive integrated moving average,Series (stratigraphy) | Time series | Autoregressive integrated moving average | Series and parallel circuits | Econometrics | Capacitor | Equivalent series resistance | Autoregressive model | Decomposition | Compensation (psychology) | Statistics | Machine learning | Hilbert–Huang transform | Wind speed | Multivariate statistics,7889,True,待主题范围审阅,全量NMF关键词主题,待主题范围审阅,7888,205,0,0,,,True
251,F0252,Software deployment / Carbon capture and storage (timeline) / Environmental economics,Software deployment | Carbon capture and storage (timeline) | Environmental economics | Software engineering | Charging station | Climate change mitigation | Electric vehicle | Emerging technologies | Incentive | Scalability | Intrusion detection system | Baseline (sea) | Anomaly detection | Risk analysis (engineering) | Bio-energy with carbon capture and storage,10003,True,待主题范围审阅,全量NMF关键词主题,待主题范围审阅,9999,7,36,0,,,True
252,F0253,Artificial neural network / Artificial intelligence / Machine learning,Artificial neural network | Artificial intelligence | Machine learning | Mean squared error | Convolutional neural network | Deep learning | Backpropagation | Multilayer perceptron | Mean absolute percentage error | Perceptron | Recurrent neural network | Support vector machine | Wind speed | Time series | Extreme learning machine,17185,True,待主题范围审阅,全量NMF关键词主题,待主题范围审阅,17185,367,0,1,,,True
253,F0254,Theology / Philosophy / Traditional medicine,Theology | Philosophy | Traditional medicine | Guan | Fang | Physics | Political science | Ancient history | Combinatorics | Scroll | Business administration | Ping (video games) | Croatian | Business | Zhàng,5782,True,待主题范围审阅,全量NMF关键词主题,待主题范围审阅,5782,0,81,0,,,True
254,F0255,Mathematics / Statistics / Mathematical optimization,Mathematics | Statistics | Mathematical optimization | Distribution (mathematics) | Mathematical analysis | Geometry | Applied mathematics | Algorithm | Combinatorics | Scheme (mathematics) | Point (geometry) | Econometrics | Line (geometry) | Energy (signal processing) | Parametric statistics,12892,True,待主题范围审阅,全量NMF关键词主题,待主题范围审阅,12892,26,0,0,,,True
255,F0256,Inductor / Inductance / Ripple,Inductor | Inductance | Ripple | Duty cycle | Boost converter | Buck converter | Leakage inductance | Equivalent series inductance | Snubber | Magnetic core | Capacitor | Capacitance | Switched capacitor | Voltage multiplier | Electronic engineering,8940,True,待主题范围审阅,全量NMF关键词主题,待主题范围审阅,8940,611,0,0,,,True
256,F0257,Gas compressor / Turbine / Impeller,Gas compressor | Turbine | Impeller | Gas turbines | Centrifugal compressor | Overall pressure ratio | Brayton cycle | Combined cycle | Refrigerant | Air compressor | Vapor-compression refrigeration | Axial compressor | Compression (physics) | Compressed air | Reciprocating compressor,7043,True,待主题范围审阅,全量NMF关键词主题,待主题范围审阅,7043,1887,0,4,,,True
257,F0258,Char / Particle (ecology) / Particle size,Char | Particle (ecology) | Particle size | tar (computing) | Reactivity (psychology) | Chemical engineering | Particle-size distribution | Fluidized bed | Wood gas generator | Coal | Bituminous coal | Pyrolysis | Coal gasification | Organic chemistry | Tube furnace,7798,True,待主题范围审阅,全量NMF关键词主题,待主题范围审阅,7798,4,0,0,,,True
258,F0259,Fuel cells / Proton exchange membrane fuel cell / Stack (abstract data type),Fuel cells | Proton exchange membrane fuel cell | Stack (abstract data type) | Hydrogen fuel | Solid oxide fuel cell | Proton | Engineering | Membrane electrode assembly | Gaseous diffusion | Nafion | Power density | Nuclear engineering | Automotive engineering | Chemical engineering | Ionomer,18909,True,待主题范围审阅,全量NMF关键词主题,待主题范围审阅,18909,118,0,0,,,True
259,F0260,Irradiation / Tungsten / Radiochemistry,Irradiation | Tungsten | Radiochemistry | Fluence | Neutron | Nuclear physics | Helium | Ion | Electron beam processing | Hardening (computing) | Radiation damage | Deuterium | Proton | Dislocation | Atomic physics,14207,True,待主题范围审阅,全量NMF关键词主题,待主题范围审阅,14204,5,0,0,,,True
260,F0261,Environmental science / Waste management / Engineering,Environmental science | Waste management | Engineering | Meteorology | Process engineering | Environmental engineering | Biomass (ecology) | Pulp and paper industry | Natural resource economics | Renewable energy | Photovoltaic system | Nuclear engineering | Greenhouse gas | Petroleum engineering | Automotive engineering,32763,True,待主题范围审阅,全量NMF关键词主题,待主题范围审阅,32729,54,4,0,,,True
261,F0262,Inorganic chemistry / Alkali metal / Intercalation (chemistry),Inorganic chemistry | Alkali metal | Intercalation (chemistry) | Sodium | Halide | Hydroxide | Potassium | Alkaline earth metal | Chloride | Layered double hydroxides | Ion exchange | Fluoride | Ion | Sodium hydroxide | Lanthanum,3621,True,待主题范围审阅,全量NMF关键词主题,待主题范围审阅,3620,198,0,0,,,True
262,F0263,Agricultural science / Polish / Profitability index,Agricultural science | Polish | Profitability index | Agricultural economics | Linguistics | Payback period | Livestock | Manure | Agribusiness | Net present value | Palm oil | Profit (economics) | Internal rate of return | Manure management | Animal waste,1694,True,待主题范围审阅,全量NMF关键词主题,待主题范围审阅,1694,1,251,0,,,True
263,F0264,Joint (building) / Structural engineering / Entrepreneurship,Joint (building) | Structural engineering | Entrepreneurship | Brazing | Soldering | Civil engineering | Joint venture | Shear strength (soil) | Power cable | Friction stir welding | Intermetallic | Joint probability distribution | Shear (geology) | Diffusion bonding | Ball grid array,3718,True,待主题范围审阅,全量NMF关键词主题,待主题范围审阅,3718,26,0,0,,,True
264,F0265,Layer (electronics) / Passivation / Atomic layer deposition,Layer (electronics) | Passivation | Atomic layer deposition | Buffer (optical fiber) | Active layer | Optoelectronics | Layer by layer | Etching (microfabrication) | Work function | Surface layer | Polyimide | Bilayer | Double layer (biology) | Nitride | Barrier layer,5270,True,待主题范围审阅,全量NMF关键词主题,待主题范围审阅,5270,400,0,0,,,True
265,F0266,Photovoltaics / Nanotechnology / Building-integrated photovoltaics,Photovoltaics | Nanotechnology | Building-integrated photovoltaics | Grid parity | Electrical engineering | Cost of electricity by source | Engineering | Rooftop photovoltaic power station | Architectural engineering | Solar energy | Copper indium gallium selenide solar cells | Environmental economics | Crystalline silicon | Stand-alone power system | Electricity generation,8785,True,待主题范围审阅,全量NMF关键词主题,待主题范围审阅,8782,1581,0,1,,,True
266,F0267,Harmonics / Voltage sag / Power quality,Harmonics | Voltage sag | Power quality | Total harmonic distortion | Voltage | Swell | Active filter | Flicker | Harmonic analysis | Voltage source | Voltage regulation | Control theory (sociology) | Distortion (music) | Disturbance voltage | Power electronics,10466,True,待主题范围审阅,全量NMF关键词主题,待主题范围审阅,10466,85,0,0,,,True
267,F0268,Spring (device) / Vibration / Structural engineering,Spring (device) | Vibration | Structural engineering | Energy harvesting | Clutch | Stiffness | Damper | Hot spring | Tension (geology) | Suspension (topology) | Displacement (psychology) | Mooring | Piezoelectricity | Rope | Mechanical engineering,3181,True,待主题范围审阅,全量NMF关键词主题,待主题范围审阅,3181,461,0,1,,,True
268,F0269,Flexibility (engineering) / Demand response / Scheduling (production processes),Flexibility (engineering) | Demand response | Scheduling (production processes) | Stackelberg competition | Microeconomics | Load management | Peak demand | Incentive | Bidding | News aggregator | Operations research | Load shifting | Profit (economics) | Demand side | Electricity market,10581,True,待主题范围审阅,全量NMF关键词主题,待主题范围审阅,10581,984,3,1,,,True
269,F0270,Transformer / Electrical engineering / Distribution transformer,Transformer | Electrical engineering | Distribution transformer | Voltage | Current transformer | Transformer oil | Energy efficient transformer | Engineering | Inrush current | Delta-wye transformer | Differential protection | Dissolved gas analysis | Leakage inductance | Electromagnetic coil | Isolation transformer,25767,True,待主题范围审阅,全量NMF关键词主题,待主题范围审阅,25767,1435,0,0,,,True
270,F0271,Photovoltaic system / Electrical engineering / Harmonics,Photovoltaic system | Electrical engineering | Harmonics | Solar energy | Total harmonic distortion | Engineering | Grid-connected photovoltaic power system | Harmonic | Shading | Electronic engineering | Photovoltaic thermal hybrid solar collector | Grid | Control theory (sociology) | Maximum power point tracking | Rooftop photovoltaic power station,31004,True,待主题范围审阅,全量NMF关键词主题,待主题范围审阅,31000,1453,4,0,,,True
271,F0272,Project commissioning / Publishing / Bridge (graph theory),Project commissioning | Publishing | Bridge (graph theory) | Management | Operations management | Law | Advertising | Publication | Engineering | Half bridge | Engineering management | Telecommunications | Dissemination | H bridge | Public relations,2114,True,待主题范围审阅,全量NMF关键词主题,待主题范围审阅,2114,0,52,0,,,True
272,F0273,Natural gas / Liquefied natural gas / Waste management,Natural gas | Liquefied natural gas | Waste management | Natural (archaeology) | Petroleum engineering | Compressed natural gas | Natural gas prices | Fuel gas | Renewable natural gas | Power to gas | Liquefaction | Engineering | Oil and natural gas | Substitute natural gas | Natural gas industry,11881,True,待主题范围审阅,全量NMF关键词主题,待主题范围审阅,11880,14,208,0,,,True
273,F0274,Chalcogenide / Semiconductor / Chalcogenide glass,Chalcogenide | Semiconductor | Chalcogenide glass | Optoelectronics | Chalcogen | Nanocrystal | Infrared | Refractive index | Phase-change memory | Amorphous solid | Germanium | Antimony | Optics | Nanostructure | Nanotechnology,5720,True,待主题范围审阅,全量NMF关键词主题,待主题范围审阅,5719,0,0,0,,,True
274,F0275,In situ / Bridging (networking) / Sustainable energy,In situ | Bridging (networking) | Sustainable energy | Bridge (graph theory) | Electrochemical energy storage | Transformative learning | Workflow | Bridging ligand | Interpretability | Deep learning | Half bridge | Benchmarking | Scalability | Multiscale modeling | Energy density,6499,True,待主题范围审阅,全量NMF关键词主题,待主题范围审阅,6499,0,0,0,,,True
275,F0276,Psychology / Mathematics education / Perception,Psychology | Mathematics education | Perception | Social psychology | Neuroscience | Compensation (psychology) | Adaptation (eye) | Sociology | Pedagogy | Affect (linguistics) | Public relations | Cognitive science | Lithium (medication) | Cognitive psychology | Marketing,6274,True,待主题范围审阅,全量NMF关键词主题,待主题范围审阅,6264,0,3,0,,,True
276,F0277,Mains electricity / Backup / Switched-mode power supply,Mains electricity | Backup | Switched-mode power supply | Energy supply | Uninterruptible power supply | Supply and demand | Switched-mode power supply applications | Constant power circuit | Voltage optimisation | AC adapter | Economic shortage | Electricity retailing | Power supply unit | Power supply rejection ratio | Flywheel,2335,True,待主题范围审阅,全量NMF关键词主题,待主题范围审阅,2335,6456,219,1,,,True
277,F0278,Tower / Structural engineering / Cooling tower,Tower | Structural engineering | Cooling tower | Water cooling | Transmission tower | Engineering | Transmission line | Electric power transmission | Hull | Civil engineering | Heliostat | Vibration | Span (engineering) | Bridge (graph theory) | Transmission (telecommunications),5402,True,待主题范围审阅,全量NMF关键词主题,待主题范围审阅,5401,621,0,0,,,True
278,F0279,Grain boundary / Grain size / Boundary (topology),Grain boundary | Grain size | Boundary (topology) | Boundary value problem | Thermal conduction | Mathematical analysis | Grain growth | Grain boundary diffusion coefficient | Boundary element method | Eigenfunction | Grain boundary strengthening | Geometry | Intergranular corrosion | Misorientation | Electron backscatter diffraction,6122,True,待主题范围审阅,全量NMF关键词主题,待主题范围审阅,6121,2,0,0,,,True
279,F0280,Indium / Copper indium gallium selenide solar cells / Indium tin oxide,Indium | Copper indium gallium selenide solar cells | Indium tin oxide | Gallium | Selenide | Optoelectronics | Copper | Work function | Transparent conducting film | Solar cell | Indium phosphide | Diselenide | Thin film solar cell | Sheet resistance | Tin oxide,6266,True,待主题范围审阅,全量NMF关键词主题,待主题范围审阅,6266,4,0,1,,,True
280,F0281,Nuclear chemistry / Methylene blue / Methylene,Nuclear chemistry | Methylene blue | Methylene | Methyl orange | Cationic polymerization | Antibacterial activity | BET theory | Citric acid | Organic chemistry | Sodium borohydride | Crystal violet | Langmuir adsorption model | Molar ratio | Chitosan | Degradation (telecommunications),5587,True,待主题范围审阅,全量NMF关键词主题,待主题范围审阅,5586,65,0,1,,,True
281,F0282,Polyaniline / Polymerization / Polymer,Polyaniline | Polymerization | Polymer | Polypyrrole | Monomer | Polymer chemistry | Conductive polymer | In situ polymerization | Aniline | Polyaniline nanofibers | Interfacial polymerization | Polythiophene | Organic chemistry | Radical polymerization | Atom-transfer radical-polymerization,10654,True,待主题范围审阅,全量NMF关键词主题,待主题范围审阅,10652,239,0,0,,,True
282,F0283,Rare earth / Earth (classical element) / Separation (statistics),Rare earth | Earth (classical element) | Separation (statistics) | Rare-earth element | Earth science | Magnet | Mineralogy | Lanthanide | Yttrium | Metallurgy | Neodymium magnet | Cerium | Monazite | Neodymium | Lanthanum,5661,True,待主题范围审阅,全量NMF关键词主题,待主题范围审阅,5661,21,0,0,,,True
283,F0284,Photothermal therapy / Photothermal effect / Evaporation,Photothermal therapy | Photothermal effect | Evaporation | Nanotechnology | Photodynamic therapy | Energy conversion efficiency | Biocompatibility | Absorption (acoustics) | Evaporator | Energy transformation | Plasmon | Methanation | Surface plasmon resonance | Photothermal spectroscopy | Antibacterial activity,6729,True,待主题范围审阅,全量NMF关键词主题,待主题范围审阅,6729,46,0,0,,,True
284,F0285,Cadmium telluride photovoltaics / Optoelectronics / Cadmium,Cadmium telluride photovoltaics | Optoelectronics | Cadmium | Sublimation (psychology) | Epitaxy | Solar cell | Molecular beam epitaxy | Thin film solar cell | Open-circuit voltage | Cadmium sulfide | Tellurium | Quantum dot solar cell | Thioglycolic acid | Optics | Telluride,6888,True,待主题范围审阅,全量NMF关键词主题,待主题范围审阅,6886,10,0,0,,,True
285,F0286,Cathode / Ion / Electrode,Cathode | Ion | Electrode | Coating | Oxygen | Power density | Microbial fuel cell | Sodium | Oxide | Physical chemistry | Prussian blue | Structural stability | Lithium vanadium phosphate battery | Capacity loss | Chemical engineering,24132,True,待主题范围审阅,全量NMF关键词主题,待主题范围审阅,24132,36,0,0,,,True
286,F0287,Nickel / Hydroxide / Metallurgy,Nickel | Hydroxide | Metallurgy | Nickel oxide | Electrochemistry | Nickel sulfide | Phosphide | Inorganic chemistry | Layered double hydroxides | Electrode | Laterite | Chemical engineering | Electroplating | Alkaline battery | Plating (geology),12310,True,待主题范围审阅,全量NMF关键词主题,待主题范围审阅,12310,153,0,0,,,True
287,F0288,Detector / SIGNAL (programming language) / Optics,Detector | SIGNAL (programming language) | Optics | Infrared | Scintillator | Neutron | X-ray detector | Optoelectronics | Crystal (programming language) | X-ray | Signal processing | Spectrometer | Particle detector | Plasma diagnostics | Scintillation,4234,True,待主题范围审阅,全量NMF关键词主题,待主题范围审阅,4234,1440,0,0,,,True
288,F0289,Carbon footprint / Life-cycle assessment / Footprint,Carbon footprint | Life-cycle assessment | Footprint | Environmental impact assessment | Ecological footprint | Calculator | Environmental economics | Life cycle inventory | Impact assessment | Water use | Ecotoxicity | Cement | Embodied energy | Tourism | Raw material,4242,True,待主题范围审阅,全量NMF关键词主题,待主题范围审阅,4242,54,33,0,,,True
289,F0290,Service (business) / Marketing / Telecommunications,Service (business) | Marketing | Telecommunications | Service provider | Nanotechnology | Operations management | Service life | Quality of service | Service quality | Process management | World Wide Web | Electric power | Web service | Revenue | Operations research,7223,True,待主题范围审阅,全量NMF关键词主题,待主题范围审阅,7223,291,46,0,,,True
290,F0291,Computational fluid dynamics / Solver / Fluent,Computational fluid dynamics | Solver | Fluent | Reynolds-averaged Navier–Stokes equations | Turbine | Fluid dynamics | Dynamics (music) | Computer simulation | Computational science | Parametric statistics | Simulation | Mathematical optimization | Vertical axis wind turbine | Volume of fluid method | Rotor (electric),8674,True,待主题范围审阅,全量NMF关键词主题,待主题范围审阅,8673,7,0,0,,,True
291,F0292,Element (criminal law) / Law / Rare-earth element,Element (criminal law) | Law | Rare-earth element | Boundary element method | Matrix (chemical analysis) | Finite element method | Principal (computer security) | Boundary (topology) | Computer science | Network element | Type (biology) | Blade element momentum theory | Best practice | Momentum (technical analysis) | Trace element,1460,True,待主题范围审阅,全量NMF关键词主题,待主题范围审阅,1460,267,0,0,,,True
292,F0293,Separator (oil production) / Polyethylene / Polypropylene,Separator (oil production) | Polyethylene | Polypropylene | Low-density polyethylene | Polyolefin | High-density polyethylene | Composite material | Space charge | Lithium-ion battery | Polyimide | Polyethylene terephthalate | Cross-linked polyethylene | Polyethylene glycol | Crystallinity | Overcharge,7823,True,待主题范围审阅,全量NMF关键词主题,待主题范围审阅,7823,6417,0,2,,,True
293,F0294,Stellarator / Wendelstein 7-X / Magnetic confinement fusion,Stellarator | Wendelstein 7-X | Magnetic confinement fusion | Planar | Computational physics | Rotational symmetry | Plasma confinement | Toroid | Nuclear physics | Cyclotron | Electron cyclotron resonance | Gyrokinetics | Plasma diagnostics | Ballooning | Bootstrap current,3039,True,待主题范围审阅,全量NMF关键词主题,待主题范围审阅,3039,11,0,0,,,True
294,F0295,Nanocrystalline material / Nanocrystal / Chemical engineering,Nanocrystalline material | Nanocrystal | Chemical engineering | Nanotechnology | Grain size | Transmission electron microscopy | Amorphous solid | Nanocrystalline silicon | Ball mill | Dye-sensitized solar cell | High-resolution transmission electron microscopy | Anatase | Chemical bath deposition | Oleylamine | Sol-gel,8808,True,待主题范围审阅,全量NMF关键词主题,待主题范围审阅,8807,47,0,0,,,True
295,F0296,Software / Operating system / Software engineering,Software | Operating system | Software engineering | Programming language | Control engineering | Simulation software | Software development | Python (programming language) | Simulation | Control system | Software design | Software system | Data acquisition | Function (biology) | Software package,10471,True,待主题范围审阅,全量NMF关键词主题,待主题范围审阅,10471,302,0,0,,,True
296,F0297,Selectivity / Fischer–Tropsch process / Syngas,Selectivity | Fischer–Tropsch process | Syngas | Gas separation | Ethylene | Mount | Permeance | Selective adsorption | Hydrocarbon | Space velocity | Formate | Methanation | Olefin fiber | Glycerol | Barrer,10821,True,待主题范围审阅,全量NMF关键词主题,待主题范围审阅,10821,6,0,1,,,True
297,F0298,Electromagnetic interference / EMI / Electromagnetic shielding,Electromagnetic interference | EMI | Electromagnetic shielding | Interference (communication) | Electromagnetic compatibility | Electronic engineering | Conducted electromagnetic interference | Common-mode signal | Noise (video) | Printed circuit board | Electromagnetic field | Electromagnetic environment | Electromagnetic radiation | Shielded cable | Acoustics,7164,True,待主题范围审阅,全量NMF关键词主题,待主题范围审阅,7164,463,0,0,,,True
298,F0299,Dispersion (optics) / Zeta potential / Colloid,Dispersion (optics) | Zeta potential | Colloid | Pulmonary surfactant | Dispersant | Electrophoretic deposition | Cationic polymerization | Suspension (topology) | Electrokinetic phenomena | Surface charge | Heavy metals | Dispersion stability | Dispersion relation | Refractive index | Particle size,4397,True,待主题范围审阅,全量NMF关键词主题,待主题范围审阅,4397,169,0,0,,,True
299,F0300,Bimetallic strip / Selenide / Selenium,Bimetallic strip | Selenide | Selenium | Cadmium selenide | Bimetal | Zinc selenide | Nanomaterial-based catalyst | Nanocrystal | Lead selenide | Chalcogen | Cadmium | Synergistic catalysis | Copper | Stoichiometry | Galvanic cell,12406,True,待主题范围审阅,全量NMF关键词主题,待主题范围审阅,12406,10,0,0,,,True
300,F0301,Phonon / Thermal conductivity / Scattering,Phonon | Thermal conductivity | Scattering | Phonon scattering | Anharmonicity | Lattice (music) | Thermal conduction | Condensed matter physics | Raman scattering | Optics | Boltzmann equation | Raman spectroscopy | Exciton | Coupling (piping) | Superlattice,8593,True,待主题范围审阅,全量NMF关键词主题,待主题范围审阅,8593,0,0,0,,,True
301,F0302,Sulfide / Chalcopyrite / Bioleaching,Sulfide | Chalcopyrite | Bioleaching | Pyrite | Nickel sulfide | Copper sulfide | Hydrogen sulfide | Cobalt sulfide | Cadmium sulfide | Zinc sulfide | Stoichiometry | Fast ion conductor | Copper | Copper extraction techniques | Lead sulfide,4968,True,待主题范围审阅,全量NMF关键词主题,待主题范围审阅,4968,14,0,0,,,True
302,F0303,Function (biology) / Basis (linear algebra) / Transfer function,Function (biology) | Basis (linear algebra) | Transfer function | Realization (probability) | Work function | Radial basis function | Management system | Geometry | Cell biology | Mathematical model | Matrix (chemical analysis) | Representation (politics) | Bellman equation | Probability density function | Dual function,6015,True,待主题范围审阅,全量NMF关键词主题,待主题范围审阅,6014,272,0,0,,,True
303,F0304,Hydrogen / Hydrogen production / Hydrogen storage,Hydrogen | Hydrogen production | Hydrogen storage | Hydrogen fuel | Steam reforming | Hydrogen economy | Syngas | Energy carrier | Catalysis | Chemical engineering | Hydrogen technologies | Deuterium | Hydrogen atom | Permeation | Power to gas,14377,True,待主题范围审阅,全量NMF关键词主题,待主题范围审阅,14376,305,0,3,,,True
304,F0305,Energy consumption / Consumption (sociology) / Power consumption,Energy consumption | Consumption (sociology) | Power consumption | Sociology | Environmental economics | Fuel efficiency | Agricultural economics | Per capita | Electric energy consumption | Energy intensity | Energy accounting | Water consumption | Population | Social science | Gas consumption,13876,True,待主题范围审阅,全量NMF关键词主题,待主题范围审阅,13873,48,15,0,,,True
305,F0306,Stress (linguistics) / Composite material / Structural engineering,Stress (linguistics) | Composite material | Structural engineering | Creep | Residual stress | Ultimate tensile strength | Cracking | Fracture (geology) | Stress relaxation | Thermal expansion | Compressive strength | Threshold voltage | Bending | Stress field | Stress corrosion cracking,6705,True,待主题范围审阅,全量NMF关键词主题,待主题范围审阅,6705,9,0,0,,,True
306,F0307,Resource (disambiguation) / Natural resource / Scarcity,Resource (disambiguation) | Natural resource | Scarcity | Renewable resource | Resource allocation | Resource recovery | Resource efficiency | Resource management (computing) | Environmental economics | Resource curse | Circular economy | Resource depletion | Water scarcity | Water resources | Solar Resource,7998,True,待主题范围审阅,全量NMF关键词主题,待主题范围审阅,7995,2,3,0,,,True
307,F0308,Microgrid / Voltage droop / Distributed generation,Microgrid | Voltage droop | Distributed generation | Renewable energy | Grid | Energy storage | Automatic frequency control | Scheduling (production processes) | Islanding | Control engineering | Demand response | Energy management | Diesel generator | Control (management) | Controller (irrigation),20380,True,待主题范围审阅,全量NMF关键词主题,待主题范围审阅,20380,168,0,2,,,True
308,F0309,Focus (optics) / Dense plasma focus / Optics,Focus (optics) | Dense plasma focus | Optics | Point (geometry) | Feature (linguistics) | Class (philosophy) | Focus group | Section (typography) | Subject (documents) | Deep learning | Face (sociological concept) | Special section | Management science | Fresnel lens | Lens (geology),3766,True,待主题范围审阅,全量NMF关键词主题,待主题范围审阅,3766,3,0,0,,,True
309,F0310,Window (computing) / Sliding window protocol / Window function,Window (computing) | Sliding window protocol | Window function | Fast Fourier transform | Shading | Glazing | Thin film solar cell | Solar gain | Electrochemical window | Diamond | Fourier transform | Interpolation (computer graphics) | Spectral leakage | Operating system | Window of opportunity,2129,True,待主题范围审阅,全量NMF关键词主题,待主题范围审阅,2129,254,0,0,,,True
310,F0311,Line (geometry) / Electric power transmission / Transmission line,Line (geometry) | Electric power transmission | Transmission line | Ground | Lightning (connector) | Overhead (engineering) | Electrical engineering | Overvoltage | Overhead line | Transmission (telecommunications) | Lightning strike | Lightning arrester | Power transmission | Earthing system | Emtp,14881,True,待主题范围审阅,全量NMF关键词主题,待主题范围审阅,14881,3533,5,0,,,True
311,F0312,Aerodynamics / Airfoil / Lift (data mining),Aerodynamics | Airfoil | Lift (data mining) | Turbine blade | Wing | Angle of attack | Stall (fluid mechanics) | Drag | Wind tunnel | Blade (archaeology) | Flapping | Rotor (electric) | Structural engineering | Aerospace engineering | Aerodynamic force,9657,True,待主题范围审阅,全量NMF关键词主题,待主题范围审阅,9656,306,0,0,,,True
312,F0313,Anatase / Rutile / Titanium dioxide,Anatase | Rutile | Titanium dioxide | Titanium | Brookite | Titanium oxide | Anodizing | Sol-gel | Nanotube | Titanate | Metallurgy | Inorganic chemistry | Methyl orange | Dye-sensitized solar cell | Hydrolysis,15247,True,待主题范围审阅,全量NMF关键词主题,待主题范围审阅,15246,16,0,0,,,True
313,F0314,Operations research / Penetration (warfare) / Operations management,Operations research | Penetration (warfare) | Operations management | Risk analysis (engineering) | Analytic hierarchy process | Industrial engineering | Profit (economics) | Demand forecasting | Management science | Multiple-criteria decision analysis | TOPSIS | Environmental economics | Bidding | Schedule | News aggregator,3313,True,待主题范围审阅,全量NMF关键词主题,待主题范围审阅,3313,328,2,1,,,True
314,F0315,SCADA / Nacelle / Supervisory control,SCADA | Nacelle | Supervisory control | Industrial control system | Lidar | Anomaly detection | Intrusion detection system | Modbus | Real-time computing | Critical infrastructure | Data acquisition | Anemometer | Programmable logic controller | Turbine | Control system security,3863,True,待主题范围审阅,全量NMF关键词主题,待主题范围审阅,3863,744,3,0,,,True
315,F0316,Automotive engineering / Electric vehicle / Powertrain,Automotive engineering | Electric vehicle | Powertrain | Fuel efficiency | Driving cycle | Charging station | Internal combustion engine | Battery electric vehicle | Torque | Electric cars | Range (aeronautics) | Hybrid vehicle | Driving range | Electric motor | Plug-in,16551,True,待主题范围审阅,全量NMF关键词主题,待主题范围审阅,16551,7331,11,1,,,True
316,F0317,Actuator / Control system / Control engineering,Actuator | Control system | Control engineering | Robust control | Hydraulic machinery | Fault tolerance | Fault detection and isolation | Cyber-physical system | Observer (physics) | Polypyrrole | Vehicle dynamics | Clutch | Hydraulic cylinder | Automatic control | Valve actuator,3446,True,待主题范围审阅,全量NMF关键词主题,待主题范围审阅,3446,1913,0,0,,,True
317,F0318,Control (management) / Control system / Artificial intelligence,Control (management) | Control system | Artificial intelligence | Object (grammar) | Power control | Scheme (mathematics) | Industrial control system | Optimal control | Automatic control | Supervisory control | Event (particle physics) | Process control | Motor control | Security controls | Automatic Generation Control,6263,True,待主题范围审阅,全量NMF关键词主题,待主题范围审阅,6262,3432,0,0,,,True
318,F0319,Electricity / Electricity market / Electricity generation,Electricity | Electricity market | Electricity generation | Environmental economics | Electricity retailing | Mains electricity | Electricity demand | Cogeneration | Tariff | Consumption (sociology) | Bidding | Microeconomics | Cost of electricity by source | Stand-alone power system | Electric power industry,21744,True,待主题范围审阅,全量NMF关键词主题,待主题范围审阅,21739,247,863,1,,,True
319,F0320,Oxide / Solid oxide fuel cell / Yttria-stabilized zirconia,Oxide | Solid oxide fuel cell | Yttria-stabilized zirconia | Iron oxide | Cobalt oxide | Cubic zirconia | Titanium oxide | Tin oxide | Cerium oxide | Nickel oxide | Copper oxide | Ethylene oxide | Thermal expansion | TEC | Cermet,8278,True,待主题范围审阅,全量NMF关键词主题,待主题范围审阅,8276,129,0,0,,,True
320,F0321,Metre / Electricity meter / Smart grid,Metre | Electricity meter | Smart grid | Smart meter | Automatic meter reading | Electrical engineering | Reading (process) | Microcontroller | Real-time computing | Watt | GSM | Power-line communication | Telecommunications | Big data | General Packet Radio Service,3981,True,待主题范围审阅,全量NMF关键词主题,待主题范围审阅,3981,1064,0,1,,,True
321,F0322,Resistor / Electrical impedance / Metrology,Resistor | Electrical impedance | Metrology | Quantum | Range (aeronautics) | Measurement uncertainty | Quantum mechanics | Josephson effect | Output impedance | Resistive touchscreen | Traceability | Optics | Statistics | Impedance matching | System of measurement,3326,True,待主题范围审阅,全量NMF关键词主题,待主题范围审阅,3325,3675,0,0,,,True
322,F0323,Key (lock) / Computer security / Feature (linguistics),Key (lock) | Computer security | Feature (linguistics) | Systems engineering | Architecture | Process management | Scheme (mathematics) | Realization (probability) | Development (topology) | Emerging technologies | Cryptography | System integration | Performance indicator | Adaptability | Key management,10381,True,待主题范围审阅,全量NMF关键词主题,待主题范围审阅,10381,72,6,0,,,True
323,F0324,Sewage sludge / Sewage / Sewage treatment,Sewage sludge | Sewage | Sewage treatment | Sewage sludge treatment | Environmental engineering | Hydrothermal carbonization | Activated sludge | Incineration | Carbonization | Anaerobic digestion | Waste management | Thermal hydrolysis | Biosolids | Dewatering | Mesophile,4642,True,待主题范围审阅,全量NMF关键词主题,待主题范围审阅,4641,10,0,1,,,True
324,F0325,Electronic circuit / Equivalent circuit / Spice,Electronic circuit | Equivalent circuit | Spice | Electronic engineering | Integrated circuit | Short circuit | State of charge | Network analysis | Electrical network | Printed circuit board | RLC circuit | Capacitance | Electronic circuit simulation | Circuit design | Kalman filter,5337,True,待主题范围审阅,全量NMF关键词主题,待主题范围审阅,5337,5660,0,0,,,True
325,F0326,Welding / Friction stir welding / Arc welding,Welding | Friction stir welding | Arc welding | Traverse | Spot welding | Welding power supply | Gas tungsten arc welding | Heat-affected zone | Rotational speed | Weldability | Robot welding | Electric resistance welding | Indentation hardness | Base metal | Laser beam welding,5004,True,待主题范围审阅,全量NMF关键词主题,待主题范围审阅,5004,226,0,0,,,True
326,F0327,Photocatalysis / Catalysis / Chemical engineering,Photocatalysis | Catalysis | Chemical engineering | Visible spectrum | Rhodamine B | Materials science | Photochemistry | Nanotechnology | Degradation (telecommunications) | Methyl orange | Chemistry | Graphitic carbon nitride | Photodegradation | Nuclear chemistry | Organic chemistry,44312,True,待主题范围审阅,全量NMF关键词主题,待主题范围审阅,44308,12,0,1,,,True
327,F0328,Environmental planning / Environmental resource management / Sustainable development,Environmental planning | Environmental resource management | Sustainable development | Environmental protection | Pollution | SWOT analysis | Environmental economics | Regional science | Environmental policy | Air pollution | Adaptation (eye) | Environmental impact assessment | Stakeholder | Environmental pollution | Energy planning,5674,True,待主题范围审阅,全量NMF关键词主题,待主题范围审阅,5674,2,55,0,,,True
328,F0329,Bioenergy / Productivity / Logging,Bioenergy | Productivity | Logging | Biomass (ecology) | Agroforestry | Biofuel | Agricultural engineering | Agronomy | Felling | Forest management | Solar still | Energy crop | Miscanthus | Forestry | Panicum virgatum,7652,True,待主题范围审阅,全量NMF关键词主题,待主题范围审阅,7650,3,0,0,,,True
329,F0330,Fuzzy logic / Fuzzy control system / Adaptive neuro fuzzy inference system,Fuzzy logic | Fuzzy control system | Adaptive neuro fuzzy inference system | Ranking (information retrieval) | Analytic hierarchy process | Weighting | Multiple-criteria decision analysis | Neuro-fuzzy | Fuzzy set | TOPSIS | Operations research | Fuzzy inference system | Inference system | Interval (graph theory) | Hierarchy,8401,True,待主题范围审阅,全量NMF关键词主题,待主题范围审阅,8399,2,0,0,,,True
330,F0331,Heteroatom / Ring (chemistry) / Thiophene,Heteroatom | Ring (chemistry) | Thiophene | Organic chemistry | Pseudocapacitance | Aromaticity | Alkyl | Specific surface area | Benzene | Electronegativity | Melamine | HOMO/LUMO | Thiourea | Electrochemistry | Sodium-ion battery,5605,True,待主题范围审阅,全量NMF关键词主题,待主题范围审阅,5604,20,0,0,,,True
331,F0332,Animal science / Manure / NAK,Animal science | Manure | NAK | Traditional medicine | Cow dung | Guan | Rumen | Chicken manure | Silage | Dry matter | Straw | Agronomy | Urea | Manure management | Fertilizer,2518,True,待主题范围审阅,全量NMF关键词主题,待主题范围审阅,2518,1,1,1,,,True
332,F0333,Diesel fuel / Diesel engine / Biodiesel,Diesel fuel | Diesel engine | Biodiesel | Diesel generator | Biofuel | Turbocharger | Biodiesel production | Turbo | NOx | Brake specific fuel consumption | Hybrid system | Fuel efficiency | Thermal efficiency | Diesel exhaust | Exhaust gas recirculation,9980,True,待主题范围审阅,全量NMF关键词主题,待主题范围审阅,9979,71,3,0,,,True
333,F0334,Brake / Regenerative brake / Dynamic braking,Brake | Regenerative brake | Dynamic braking | Engine braking | Retarder | Electronic brakeforce distribution | Threshold braking | Braking system | Energy recovery | Anti-lock braking system | Hydraulic brake | Braking distance | Control engineering | Air brake | Automotive engineering,3412,True,待主题范围审阅,全量NMF关键词主题,待主题范围审阅,3412,439,0,0,,,True
334,F0335,Biochar / Soil water / Thermal conductivity,Biochar | Soil water | Thermal conductivity | Soil science | Conductivity | Water content | Charcoal | Environmental remediation | Agronomy | Soil carbon | Thermal diffusivity | Organic matter | Amendment | Geotechnical engineering | Contamination,10279,True,待主题范围审阅,全量NMF关键词主题,待主题范围审阅,10279,2,0,0,,,True
335,F0336,Nanocomposite / Carbon nanotube / Composite material,Nanocomposite | Carbon nanotube | Composite material | Chemical engineering | Polymer nanocomposite | Epoxy | Polyaniline | Fourier transform infrared spectroscopy | Materials science | Montmorillonite | Nanoparticle | Chitosan | Nanotube | High-resolution transmission electron microscopy | Halloysite,18977,True,待主题范围审阅,全量NMF关键词主题,待主题范围审阅,18977,33,0,0,,,True
336,F0337,Nitrogen / Nitrogen fixation / Nitrogenase,Nitrogen | Nitrogen fixation | Nitrogenase | Nitride | Liquid nitrogen | Oxygen reduction reaction | Ammonia | Melamine | Nitrogen atom | Denitrification | Nitrogen oxides | Nitriding | Oxygen | Fixation (population genetics) | Nitrogen gas,6126,True,待主题范围审阅,全量NMF关键词主题,待主题范围审阅,6126,12,0,0,,,True
337,F0338,Amorphous solid / Crystallization / Nucleation,Amorphous solid | Crystallization | Nucleation | Crystallinity | Amorphous silicon | Amorphous carbon | Chemical engineering | Amorphous metal | Crystalline silicon | Crystal (programming language) | Crystal growth | Nanocrystalline silicon | Phase-change memory | Glass transition | Thin-film transistor,9031,True,待主题范围审阅,全量NMF关键词主题,待主题范围审阅,9031,6,0,0,,,True
338,F0339,Thermal stability / Ether / Polymer chemistry,Thermal stability | Ether | Polymer chemistry | Arylene | Thermogravimetric analysis | Sulfone | Ketone | Thermal decomposition | Differential scanning calorimetry | Organic chemistry | Glass transition | Sulfonic acid | Aryl | Alkyl | Condensation polymer,7283,True,待主题范围审阅,全量NMF关键词主题,待主题范围审阅,7283,198,0,0,,,True
339,F0340,Ultimate tensile strength / Strain (injury) / Elongation,Ultimate tensile strength | Strain (injury) | Elongation | Ductility (Earth science) | Tensile testing | Strain engineering | Tensile strain | Composite material | Extrusion | Compressive strength | Toughness | Brittleness | Modulus | Strain rate | Bacteria,6101,True,待主题范围审阅,全量NMF关键词主题,待主题范围审阅,6100,47,0,0,,,True
340,F0341,Lithium (medication) / Lithium metal / Lithium-ion battery,Lithium (medication) | Lithium metal | Lithium-ion battery | Ion | Lithium iron phosphate | Lithium battery | Lithium vanadium phosphate battery | Metal | Energy density | Nanoarchitectures for lithium-ion batteries | Lithium titanate | Interphase | Cycling | Solid-state | Lithium carbonate,17529,True,待主题范围审阅,全量NMF关键词主题,待主题范围审阅,17529,2960,0,0,,,True
341,F0342,Hydrogen production / Fermentation / Biohydrogen,Hydrogen production | Fermentation | Biohydrogen | Food science | Dark fermentation | Fermentative hydrogen production | Pulp and paper industry | Hydrolysis | Biochemistry | Bacteria | Acidogenesis | Bioreactor | Food waste | Acetic acid | Steam reforming,8687,True,待主题范围审阅,全量NMF关键词主题,待主题范围审阅,8686,58,0,1,,,True
342,F0343,Electronics / Power electronics / Triboelectric effect,Electronics | Power electronics | Triboelectric effect | Energy harvesting | Nanogenerator | Wearable computer | Electrical engineering | Wearable technology | Piezoelectricity | Nanotechnology | Organic electronics | Flexible electronics | Mechanical energy | Power semiconductor device | Stretchable electronics,8307,True,待主题范围审阅,全量NMF关键词主题,待主题范围审阅,8306,2605,0,0,,,True
343,F0344,Generator (circuit theory) / Permanent magnet synchronous generator / Induction generator,Generator (circuit theory) | Permanent magnet synchronous generator | Induction generator | Electric generator | Thermoelectric generator | Excitation | Stator | Shunt generator | Doubly fed electric machine | Diesel generator | Rotor (electric) | Wind generator | Turbo generator | Linear congruential generator | Exciter,12526,True,待主题范围审阅,全量NMF关键词主题,待主题范围审阅,12526,999,0,0,,,True
344,F0345,Non-blocking I/O / Nickel oxide / Yttria-stabilized zirconia,Non-blocking I/O | Nickel oxide | Yttria-stabilized zirconia | Chemical engineering | Cermet | Cubic zirconia | Chemical looping combustion | Oxide | Solid oxide fuel cell | Photocathode | Oxygen | Molten carbonate fuel cell | Thermal decomposition | Anode | Methane,8643,True,待主题范围审阅,全量NMF关键词主题,待主题范围审阅,8643,100,0,0,,,True
345,F0346,Pyrolysis / Biomass (ecology) / Biochar,Pyrolysis | Biomass (ecology) | Biochar | Pulp and paper industry | Waste management | Raw material | Thermogravimetric analysis | Biofuel | Chemical engineering | Syngas | Pyrolysis oil | Organic chemistry | Pyrolytic carbon | Heat of combustion | tar (computing),21482,True,待主题范围审阅,全量NMF关键词主题,待主题范围审阅,21482,6,0,2,,,True
346,F0347,Wireless / Telecommunications / Wireless power transfer,Wireless | Telecommunications | Wireless power transfer | Computer science | Maximum power transfer theorem | Electrical engineering | Channel (broadcasting) | Transmitter | Transmission (telecommunications) | Electronic engineering | Wireless sensor network | Wireless network | Engineering | Computer network | Coupling (piping),14577,True,待主题范围审阅,全量NMF关键词主题,待主题范围审阅,14577,3228,1,2,,,True
347,F0348,Cascade / Refrigeration / Scheduling (production processes),Cascade | Refrigeration | Scheduling (production processes) | Refrigerant | Molecular dynamics | Energy cascade | H bridge | Hydropower | Molecular physics | Collision cascade | Radiation damage | Crystallographic defect | Chopper | Displacement (psychology) | Vapor-compression refrigeration,5071,True,待主题范围审阅,全量NMF关键词主题,待主题范围审阅,5071,4,0,0,,,True
348,F0349,Smart grid / IEC 61850 / Interoperability,Smart grid | IEC 61850 | Interoperability | Standardization | Ethernet | Protocol (science) | Communications protocol | Software engineering | Goose | Engineering | Telecommunications network | Testbed | Smart power | Information model | XML,3773,True,待主题范围审阅,全量NMF关键词主题,待主题范围审阅,3773,480,5,0,,,True
349,F0350,Hydropower / Hydroelectricity / Small hydro,Hydropower | Hydroelectricity | Small hydro | Civil engineering | Water resource management | Marine engineering | Hydrology (agriculture) | Water turbine | Head (geology) | Hydraulic turbines | Three gorges | Pumped-storage hydroelectricity | Governor | Nameplate capacity | Inflow,9601,True,待主题范围审阅,全量NMF关键词主题,待主题范围审阅,9599,385,81,0,,,True
350,F0351,Anode / Electrochemistry / Electrode,Anode | Electrochemistry | Electrode | Chemical engineering | Materials science | Electrolyte | Lithium (medication) | Nanotechnology | Ion | Inorganic chemistry | Chemistry | Current density | Cathode | Faraday efficiency | Physical chemistry,35403,True,待主题范围审阅,全量NMF关键词主题,待主题范围审阅,35403,423,0,3,,,True
351,F0352,Substitution (logic) / Transition metal / Type (biology),Substitution (logic) | Transition metal | Type (biology) | Fluorine | Substitution effect | Solid solution | Cationic polymerization | Crystallography | Halogen | Elasticity of substitution | Chalcogen | Substitution reaction | Elasticity (physics) | Microeconomics | Hydrogen storage,2815,True,待主题范围审阅,全量NMF关键词主题,待主题范围审阅,2815,21,0,0,,,True
352,F0353,MATLAB / Control engineering / Simulation,MATLAB | Control engineering | Simulation | Toolbox | Modeling and simulation | Three-phase | Correctness | DSPACE | Programming language | Control theory (sociology) | Software | Graphical user interface | Dynamic simulation | Power (physics) | H bridge,8252,True,待主题范围审阅,全量NMF关键词主题,待主题范围审阅,8252,67,0,0,,,True
353,F0354,Sequence (biology) / Zero (linguistics) / Net (polyhedron),Sequence (biology) | Zero (linguistics) | Net (polyhedron) | Zero emission | Symmetrical components | Zero-energy building | Zero-point energy | Three-phase | Zero crossing | Net energy | Time sequence | Energy sector | Ground | Point (geometry) | Sequence diagram,4267,True,待主题范围审阅,全量NMF关键词主题,待主题范围审阅,4265,21,10,0,,,True
354,F0355,Stacking / Period (music) / van der Waals force,Stacking | Period (music) | van der Waals force | Stacking fault | Bilayer | Intermolecular force | Transmission electron microscopy | Stack (abstract data type) | Lamellar structure | Dislocation | Partial dislocations | Stacking-fault energy | Side chain | Nuclear magnetic resonance | Epitaxy,7510,True,待主题范围审阅,全量NMF关键词主题,待主题范围审阅,7508,48,0,0,,,True
355,F0356,Range (aeronautics) / Extension (predicate logic) / Driving range,Range (aeronautics) | Extension (predicate logic) | Driving range | Programming language | Life extension | Class (philosophy) | Extender | Code (set theory) | Battery electric vehicle | Software engineering | Weibull distribution | Interval (graph theory) | Resonant converter | Dynamic range | Anxiety,6048,True,待主题范围审阅,全量NMF关键词主题,待主题范围审阅,6047,12,0,0,,,True
356,F0357,Turbulence / Atmospheric sciences / Meteorology,Turbulence | Atmospheric sciences | Meteorology | Climatology | Solar wind | Atmosphere (unit) | Turbulence kinetic energy | Computational physics | Heliosphere | K-epsilon turbulence model | Aerosol | Latitude | Gyrokinetics | Boundary layer | Large eddy simulation,4744,True,待主题范围审阅,全量NMF关键词主题,待主题范围审阅,4740,2,0,0,,,True
357,F0358,Transmittance / Transparency (behavior) / Refractive index,Transmittance | Transparency (behavior) | Refractive index | Sheet resistance | Molar absorptivity | Absorbance | Supply chain | Interpretability | Revenue | Attenuation coefficient | Anti-reflective coating | Accountability | Thermochromism | Optical transparency | Blockchain,3413,True,待主题范围审阅,全量NMF关键词主题,待主题范围审阅,3410,141,0,0,,,True
358,F0359,Distribution (mathematics) / Automation / Process automation system,Distribution (mathematics) | Automation | Process automation system | Systems engineering | IEC 61850 | Engineering | Embedded system | Mathematical analysis | Home automation | Electric power distribution | Control system | Manufacturing engineering | SCADA | Distribution grid | Building automation,7658,True,待主题范围审阅,全量NMF关键词主题,待主题范围审阅,7656,414,0,0,,,True
359,F0360,Sustainability / Sustainable development / Environmental economics,Sustainability | Sustainable development | Environmental economics | Sustainable energy | Life-cycle assessment | Environmental resource management | Circular economy | Environmental impact assessment | Sustainable transport | Ecology | Natural resource | Reuse | Ecological footprint | Efficient energy use | Resource (disambiguation),15312,True,待主题范围审阅,全量NMF关键词主题,待主题范围审阅,15308,2,82,0,,,True
360,F0361,Schottky barrier / Schottky diode / Ohmic contact,Schottky barrier | Schottky diode | Ohmic contact | Silicon carbide | Diode | Metal–semiconductor junction | Contact resistance | Thermionic emission | Equivalent series resistance | Breakdown voltage | Work function | Reverse leakage current | Wide-bandgap semiconductor | Quantum tunnelling | Fermi level,6670,True,待主题范围审阅,全量NMF关键词主题,待主题范围审阅,6669,9,0,0,,,True
361,F0362,Control reconfiguration / Heuristic / Shading,Control reconfiguration | Heuristic | Shading | Mathematical optimization | Meta heuristic | Heuristics | Node (physics) | Metaheuristic | Routing (electronic design automation) | Tabu search | Ant colony optimization algorithms | Power loss | Vehicle routing problem | Harmony search | Integer programming,4086,True,待主题范围审阅,全量NMF关键词主题,待主题范围审阅,4086,567,0,0,,,True
362,F0363,Marine engineering / Aerospace engineering / Propulsion,Marine engineering | Aerospace engineering | Propulsion | Propeller | Thrust | Electrically powered spacecraft propulsion | Range (aeronautics) | Hull | Underwater | Computational fluid dynamics | Propulsor | Tidal power | Aerodynamics | Spacecraft | Wing,8040,True,待主题范围审阅,全量NMF关键词主题,待主题范围审阅,8039,1274,0,0,,,True
363,F0364,Zinc / Wurtzite crystal structure / Metallurgy,Zinc | Wurtzite crystal structure | Metallurgy | Galvanic anode | Inorganic chemistry | Zinc sulfide | Dendrite (mathematics) | Aqueous solution | Cadmium | Bifunctional | Zinc ferrite | Zinc nitrate | Alkaline battery | Ion | Zinc compounds,13273,True,待主题范围审阅,全量NMF关键词主题,待主题范围审阅,13273,196,0,1,,,True
364,F0365,Aeronautics / Engineering / Aerospace engineering,Aeronautics | Engineering | Aerospace engineering | Automotive engineering | Aviation | Systems engineering | Forensic engineering | Electrical engineering | Transport engineering | Operations management | Architectural engineering | Telecommunications | Aerospace | Marine engineering | Fuel cells,8257,True,待主题范围审阅,全量NMF关键词主题,待主题范围审阅,8254,374,0,0,,,True
365,F0366,Plasma / Tokamak / Atomic physics,Plasma | Tokamak | Atomic physics | Divertor | Nuclear physics | Computational physics | Toroid | Magnetohydrodynamics | DIII-D | Plasma diagnostics | Magnetic field | Cyclotron | Electron temperature | Impurity | ASDEX Upgrade,36206,True,待主题范围审阅,全量NMF关键词主题,待主题范围审阅,36206,9,0,0,,,True
366,F0367,Covalent bond / Carbon nanotube / Covalent organic framework,Covalent bond | Carbon nanotube | Covalent organic framework | Triazine | Ionic bonding | Imine | Nanotube | Crystallinity | Organic chemistry | Porphyrin | Hydrogen bond | Chemical bond | Surface modification | Metal-organic framework | Combinatorial chemistry,7772,True,待主题范围审阅,全量NMF关键词主题,待主题范围审阅,7771,101,0,0,,,True
367,F0368,Supply chain / Dependency (UML) / Supply chain management,Supply chain | Dependency (UML) | Supply chain management | Chain (unit) | Marketing | Supply chain optimization | Profit (economics) | Upstream (networking) | Stackelberg competition | Biorefinery | Energy supply | Supply chain risk management | Supply and demand | Supply chain network | Downstream (manufacturing),4628,True,待主题范围审阅,全量NMF关键词主题,待主题范围审阅,4628,1,1,0,,,True
368,F0369,Context (archaeology) / Work (physics) / Subject (documents),Context (archaeology) | Work (physics) | Subject (documents) | Environmental economics | Relation (database) | Sustainable development | Identity (music) | Population | Field (mathematics) | Interpretation (philosophy) | Relevance (law) | Gloom | Set (abstract data type) | Order (exchange) | Risk analysis (engineering),15414,True,待主题范围审阅,全量NMF关键词主题,待主题范围审阅,15411,0,0,0,,,True
369,F0370,Catalysis / Electrocatalyst / Oxygen evolution,Catalysis | Electrocatalyst | Oxygen evolution | Oxygen | Inorganic chemistry | Bifunctional | Electrochemistry | Chemical engineering | Water splitting | Oxygen reduction reaction | Transition metal | Organic chemistry | Overpotential | Physical chemistry | Bimetallic strip,22542,True,待主题范围审阅,全量NMF关键词主题,待主题范围审阅,22541,95,0,1,,,True
370,F0371,Dye-sensitized solar cell / Energy conversion efficiency / Auxiliary electrode,Dye-sensitized solar cell | Energy conversion efficiency | Auxiliary electrode | Electrode | Ruthenium | Triiodide | Open-circuit voltage | Tin oxide | Quasi-solid | Iodide | Short circuit | Photochemistry | Organic dye | Light scattering | Natural dye,16476,True,待主题范围审阅,全量NMF关键词主题,待主题范围审阅,16476,7,0,0,,,True
371,F0372,Aluminium / Metallurgy / Anodizing,Aluminium | Metallurgy | Anodizing | Aluminum oxide | Friction stir processing | Composite material | Tribology | Titanium | FOIL method | Casting | Aluminium alloy | Nitride | Metal matrix composite | Aluminium oxide | Hydroxide,7151,True,待主题范围审阅,全量NMF关键词主题,待主题范围审阅,7151,45,0,0,,,True
372,F0373,Thin film / Annealing (glass) / Sputtering,Thin film | Annealing (glass) | Sputtering | Sputter deposition | Analytical Chemistry (journal) | Crystallinity | Chemical bath deposition | Thin film solar cell | Electrical resistivity and conductivity | Pulsed laser deposition | Spin coating | Amorphous solid | Substrate (aquarium) | Deposition (geology) | Cavity magnetron,14551,True,待主题范围审阅,全量NMF关键词主题,待主题范围审阅,14549,2,0,0,,,True
373,F0374,Surface (topology) / Geometry / Morphology (biology),Surface (topology) | Geometry | Morphology (biology) | Surface reconstruction | Surface states | Surface roughness | Free surface | Surface energy | Surface charge | Surface modification | Surface finish | Plane (geometry) | Cylinder | Surface engineering | Mathematical analysis,5093,True,待主题范围审阅,全量NMF关键词主题,待主题范围审阅,5090,68,0,0,,,True
374,F0375,Nucleation / Deformation (meteorology) / Dislocation,Nucleation | Deformation (meteorology) | Dislocation | Composite material | Slip (aerodynamics) | Compression (physics) | Creep | Plasticity | Crystal twinning | Hardening (computing) | Deformation mechanism | Strain rate | Brittleness | Ductility (Earth science) | Nanoindentation,6693,True,待主题范围审阅,全量NMF关键词主题,待主题范围审阅,6692,2,0,0,,,True
375,F0376,Aquifer / Groundwater / Hydrology (agriculture),Aquifer | Groundwater | Hydrology (agriculture) | Geotechnical engineering | Petroleum engineering | Carbon sequestration | Permeability (electromagnetism) | Hydrogeology | Brine | Groundwater flow | Plume | Soil science | Structural basin | Groundwater recharge | Caprock,5903,True,待主题范围审阅,全量NMF关键词主题,待主题范围审阅,5903,14,0,0,,,True
376,F0377,Supercapacitor / Capacitance / Electrode,Supercapacitor | Capacitance | Electrode | Electrochemistry | Power density | Energy storage | Nanotechnology | Current density | Capacitor | Specific surface area | Cyclic voltammetry | Pseudocapacitance | Activated carbon | Pseudocapacitor | Horizontal scan rate,44318,True,待主题范围审阅,全量NMF关键词主题,待主题范围审阅,44314,311,0,1,,,True
377,F0378,Nuclear engineering / Nuclear physics / Fusion power,Nuclear engineering | Nuclear physics | Fusion power | Tritium | Blanket | Neutron | Radiochemistry | Mechanical engineering | Superconducting magnet | Magnet | Thermonuclear fusion | Stack (abstract data type) | Neutron transport | Engineering | Breeder (animal),10072,True,待主题范围审阅,全量NMF关键词主题,待主题范围审阅,10071,274,0,0,,,True
378,F0379,Control theory (sociology) / Controller (irrigation) / Control engineering,Control theory (sociology) | Controller (irrigation) | Control engineering | Control (management) | Voltage | Engineering | Automatic frequency control | Power (physics) | Electric power system | Control system | Observer (physics) | Stability (learning theory) | Voltage droop | Model predictive control | Nonlinear system,23909,True,待主题范围审阅,全量NMF关键词主题,待主题范围审阅,23908,3473,0,1,,,True
379,F0380,Reliability (semiconductor) / Reliability engineering / Engineering,Reliability (semiconductor) | Reliability engineering | Engineering | Risk analysis (engineering) | Failure rate | Electric power system | Preventive maintenance | Sizing | Fault tree analysis | Failure mode and effects analysis | Weibull distribution | Downtime | Predictive maintenance | Markov chain | Mean time between failures,18911,True,待主题范围审阅,全量NMF关键词主题,待主题范围审阅,18910,680,8,0,,,True
380,F0381,Doping / Dopant / Optoelectronics,Doping | Dopant | Optoelectronics | Materials science | Conductivity | Electrochemistry | Supercapacitor | Nanotechnology | Analytical Chemistry (journal) | Impurity | Electrode | Electrical resistivity and conductivity | Oxygen | Capacitance | Inorganic chemistry,11470,True,待主题范围审阅,全量NMF关键词主题,待主题范围审阅,11470,0,0,0,,,True
381,F0382,Graphite / Intercalation (chemistry) / Exfoliation joint,Graphite | Intercalation (chemistry) | Exfoliation joint | Graphite oxide | Composite material | Anode | Graphene oxide paper | Pyrolytic carbon | Thermal conductivity | Highly oriented pyrolytic graphite | Carbon black | Ethylene carbonate | Raman spectroscopy | Lithium-ion battery | Propylene carbonate,13713,True,待主题范围审阅,全量NMF关键词主题,待主题范围审阅,13711,19,0,0,,,True
382,F0383,Radical / Mineralization (soil science) / Hydroxyl radical,Radical | Mineralization (soil science) | Hydroxyl radical | Persulfate | Oxidizing agent | Phenol | Singlet oxygen | Hydrogen peroxide | Ozone | Nuclear chemistry | Reaction rate constant | Decomposition | Oxalic acid | Advanced oxidation process | Bisphenol A,5440,True,待主题范围审阅,全量NMF关键词主题,待主题范围审阅,5439,1,0,0,,,True
383,F0384,State (computer science) / Estimation / State of charge,State (computer science) | Estimation | State of charge | Solid-state | State of health | Kalman filter | Steady state (chemistry) | Estimator | Extended Kalman filter | State space | Observer (physics) | Charge (physics) | Engineering | Economic system | Ion,9352,True,待主题范围审阅,全量NMF关键词主题,待主题范围审阅,9350,38,0,0,,,True
384,F0385,Charge (physics) / Charge carrier / Chemical physics,Charge (physics) | Charge carrier | Chemical physics | Transfer (computing) | State of charge | Space charge | Recombination | Charge density | Electron mobility | Surface charge | Organic semiconductor | Quantum mechanics | Separation (statistics) | Charge ordering | Polaron,9115,True,待主题范围审阅,全量NMF关键词主题,待主题范围审阅,9114,540,0,0,,,True
385,F0386,Heterojunction / Optoelectronics / van der Waals force,Heterojunction | Optoelectronics | van der Waals force | Charge carrier | Semiconductor | Scheme (mathematics) | Polymer solar cell | Epitaxy | Photoelectric effect | Nanotechnology | Photodetector | Electric field | Interface (matter) | In situ | Schottky barrier,22476,True,待主题范围审阅,全量NMF关键词主题,待主题范围审阅,22475,3,0,0,,,True
386,F0387,Cellulose / Lignin / Hemicellulose,Cellulose | Lignin | Hemicellulose | Furfural | Hydrolysis | Lignocellulosic biomass | Organic chemistry | Bacterial cellulose | Cellulosic ethanol | Carboxymethyl cellulose | Nanocellulose | Cellulose acetate | Levoglucosan | Xylose | Furfuryl alcohol,7321,True,待主题范围审阅,全量NMF关键词主题,待主题范围审阅,7321,16,0,0,,,True
387,F0388,Power station / Thermal power station / Combined cycle,Power station | Thermal power station | Combined cycle | Retrofitting | Steam turbine | Gas turbines | Steam-electric power station | Cost of electricity by source | Carbon capture and storage (timeline) | Concentrated solar power | Integrated gasification combined cycle | Electricity generation | Hydroelectricity | Cogeneration | Base load power plant,8247,True,待主题范围审阅,全量NMF关键词主题,待主题范围审阅,8247,387,49,0,,,True
388,F0389,Limiting / Current limiting / Fault current limiter,Limiting | Current limiting | Fault current limiter | Limiter | Limit (mathematics) | Limiting current | Resistive touchscreen | Short circuit | Global warming | Mechanical engineering | Overcurrent | Fuse (electrical) | Recombination | Inductance | Electrodialysis,4810,True,待主题范围审阅,全量NMF关键词主题,待主题范围审阅,4810,46,0,0,,,True
389,F0390,Magnetic field / Flux (metallurgy) / Magnetohydrodynamics,Magnetic field | Flux (metallurgy) | Magnetohydrodynamics | Astrophysics | Astronomy | Magnetic flux | Magnetic reconnection | Magnetohydrodynamic drive | Solar flare | Computational physics | Sunspot | Flare | Classical mechanics | Spectral line | Coronal mass ejection,8272,True,待主题范围审阅,全量NMF关键词主题,待主题范围审阅,8272,16,0,0,,,True
390,F0391,Self-healing hydrogels / Chitosan / Polymer chemistry,Self-healing hydrogels | Chitosan | Polymer chemistry | Wearable computer | Polyvinyl alcohol | Wearable technology | Vinyl alcohol | Swelling | Chemical engineering | Cationic polymerization | Polyacrylamide | Polyelectrolyte | Ethylene glycol | Self-healing | Acrylic acid,2510,True,待主题范围审阅,全量NMF关键词主题,待主题范围审阅,2510,244,0,0,,,True
391,F0392,Metal / Transition metal / Lithium metal,Metal | Transition metal | Lithium metal | Metal ions in aqueous solution | Metallurgy | Noble metal | Inorganic chemistry | Anode | Metal-organic framework | Dendrite (mathematics) | Halide | Hydride | Interphase | Atom (system on chip) | Oxide,6174,True,待主题范围审阅,全量NMF关键词主题,待主题范围审阅,6174,831,0,0,,,True
392,F0393,Surface modification / Biocompatibility / Drug delivery,Surface modification | Biocompatibility | Drug delivery | Chemical modification | Grafting | Silane | Magnetic nanoparticles | Nanotechnology | Iron oxide nanoparticles | Amine gas treating | Halloysite | Superparamagnetism | Nanocarriers | Surface engineering | Biomedical engineering,6672,True,待主题范围审阅,全量NMF关键词主题,待主题范围审阅,6672,294,0,0,,,True
393,F0394,Photochemistry / Electron transfer / Conjugated system,Photochemistry | Electron transfer | Conjugated system | Acceptor | Fluorescence | Porphyrin | Excited state | Intramolecular force | Electron acceptor | HOMO/LUMO | Carbazole | Molecule | Radical | Quenching (fluorescence) | Chromophore,9271,True,待主题范围审阅,全量NMF关键词主题,待主题范围审阅,9270,28,0,0,,,True
394,F0395,Art / Humanities / Gynecology,Art | Humanities | Gynecology | Art history | Physics | Visual arts | Guan | Library science | Jian | Aesthetics | Studio | Literature | Cartography | Political science | Composition (language),7352,True,待主题范围审阅,全量NMF关键词主题,待主题范围审阅,7351,4,2,0,,,True
395,F0396,Scope (computer science) / Risk analysis (engineering) / Environmental economics,Scope (computer science) | Risk analysis (engineering) | Environmental economics | Relevance (law) | Emerging technologies | Management science | Life-cycle assessment | Public economics | Systems engineering | Hydrogen technologies | Certification | Directive | Baseline (sea) | Stakeholder | Hydrogen economy,4877,True,待主题范围审阅,全量NMF关键词主题,待主题范围审阅,4875,5,16,0,,,True
396,F0397,Bismuth / Tellurium / Bismuth telluride,Bismuth | Tellurium | Bismuth telluride | Formate | Bismuth vanadate | Antimony | Telluride | Tungstate | Vanadate | Formic acid | Bismuth titanate | Bismuth ferrite | Iodide | Molybdate | Inorganic chemistry,6604,True,待主题范围审阅,全量NMF关键词主题,待主题范围审阅,6603,0,0,0,,,True
397,F0398,Transient (computer programming) / Transient response / Transient analysis,Transient (computer programming) | Transient response | Transient analysis | Steady state (chemistry) | Transient voltage suppressor | Overvoltage | Stability (learning theory) | Electric power system | Emtp | Transient flow | Overshoot (microwave communication) | Surge | Transient state | Computer science | Thermal,16004,True,待主题范围审阅,全量NMF关键词主题,待主题范围审阅,16004,36,0,0,,,True
398,F0399,Climate change / Global warming / Natural resource economics,Climate change | Global warming | Natural resource economics | Climate change mitigation | Environmental resource management | Climate policy | Climatology | Adaptation (eye) | Oceanography | Greenhouse gas | Political economy of climate change | Climate model | Carbon capture and storage (timeline) | Kyoto Protocol | Ecology,20059,True,待主题范围审阅,全量NMF关键词主题,待主题范围审阅,20054,0,0,0,,,True
399,F0400,Thyristor / Insulated-gate bipolar transistor / Integrated gate-commutated thyristor,Thyristor | Insulated-gate bipolar transistor | Integrated gate-commutated thyristor | Bipolar junction transistor | Power semiconductor device | MOS-controlled thyristor | Commutation | Static VAR compensator | Junction temperature | Silicon carbide | Gate turn-off thyristor | Thyristor drive | Snubber | Rectifier (neural networks) | Current injection technique,6410,True,待主题范围审阅,全量NMF关键词主题,待主题范围审阅,6410,647,0,1,,,True
400,F0401,Measure (data warehouse) / Instrumentation (computer programming) / Data mining,Measure (data warehouse) | Instrumentation (computer programming) | Data mining | Data acquisition | System of measurement | Temperature measurement | Data envelopment analysis | Noise (video) | Measuring instrument | Data collection | Electrical engineering | Observational error | Systems engineering | Benchmarking | Control system,4344,True,待主题范围审阅,全量NMF关键词主题,待主题范围审阅,4344,1171,1,1,,,True
401,F0402,Partial discharge / High voltage / Voltage,Partial discharge | High voltage | Voltage | Ultra high frequency | Switchgear | Electrical treeing | Corona discharge | Electrode | Corona (planetary geology) | Power cable | Electrical engineering | SIGNAL (programming language) | Pattern recognition (psychology) | Insulation system | Impulse (physics),6027,True,待主题范围审阅,全量NMF关键词主题,待主题范围审阅,6027,256,0,0,,,True
402,F0403,Coke / Zeolite / Coal,Coke | Zeolite | Coal | Petroleum coke | Syngas | tar (computing) | Steam reforming | Cracking | Metallurgy | Blast furnace | Catalysis | Fluid catalytic cracking | Coke strength after reaction | Waste management | Coal tar,5965,True,待主题范围审阅,全量NMF关键词主题,待主题范围审阅,5963,5,0,0,,,True
403,F0404,Mineralogy / Carbonate / Geochemistry,Mineralogy | Carbonate | Geochemistry | Calcite | Clay minerals | Weathering | Silicate | Kaolinite | Dolomite | Quartz | Olivine | Illite | Calcium carbonate | Brine | Pyrite,6015,True,待主题范围审阅,全量NMF关键词主题,待主题范围审阅,6007,14,0,0,,,True
404,F0405,Carbon fibers / Carbon nanotube / Chemical engineering,Carbon fibers | Carbon nanotube | Chemical engineering | Carbonization | Activated carbon | Carbon nitride | Carbon black | Composite material | Porosity | Graphitic carbon nitride | Carbon nanofiber | Composite number | Microporous material | Specific surface area | Amorphous carbon,9455,True,待主题范围审阅,全量NMF关键词主题,待主题范围审阅,9454,178,0,0,,,True
405,F0406,Carbonization / Pulp and paper industry / Briquette,Carbonization | Pulp and paper industry | Briquette | Hydrothermal carbonization | Biofuel | Heat of combustion | Biomass (ecology) | Torrefaction | Sawdust | Bioenergy | Charcoal | Husk | Waste management | Water content | Moisture,7866,True,待主题范围审阅,全量NMF关键词主题,待主题范围审阅,7865,406,0,0,,,True
406,F0407,Instability / Magnetohydrodynamics / Two-stream instability,Instability | Magnetohydrodynamics | Two-stream instability | Amplitude | Magnetohydrodynamic drive | Classical mechanics | Resistive touchscreen | Tearing | Richtmyer–Meshkov instability | Dispersion relation | Quantum electrodynamics | Kink instability | Oscillation (cell signaling) | Anisotropy | Perturbation (astronomy),6982,True,待主题范围审阅,全量NMF关键词主题,待主题范围审阅,6980,0,0,0,,,True
407,F0408,Quantum dot / Nanocrystal / Colloid,Quantum dot | Nanocrystal | Colloid | Nanotechnology | Quantum yield | Quantum | Carbon quantum dots | Lead sulfide | Cadmium selenide | Optoelectronics | Passivation | Multiple exciton generation | Light-emitting diode | Fluorescence | Biexciton,16114,True,待主题范围审阅,全量NMF关键词主题,待主题范围审阅,16114,10,0,0,,,True
408,F0409,Current (fluid) / Electrical engineering / Current density,Current (fluid) | Electrical engineering | Current density | Direct current | Current collector | Engineering | Fault current limiter | Current limiting | Constant current | Alternating current | Arc (geometry) | Short circuit | Electric current | Overcurrent | Current transformer,15330,True,待主题范围审阅,全量NMF关键词主题,待主题范围审阅,15320,108,0,0,,,True
409,F0410,Mode (computer interface) / Decomposition / Sliding mode control,Mode (computer interface) | Decomposition | Sliding mode control | Hilbert–Huang transform | Modal | Common-mode signal | Thermal decomposition | Oscillation (cell signaling) | Dual mode | Tearing | Human–computer interaction | Connection (principal bundle) | Modal analysis | Resistive touchscreen | Operating system,7664,True,待主题范围审阅,全量NMF关键词主题,待主题范围审阅,7664,185,0,0,,,True
410,F0411,Supercritical fluid / Supercritical carbon dioxide / Supercritical water oxidation,Supercritical fluid | Supercritical carbon dioxide | Supercritical water oxidation | Brayton cycle | Petroleum engineering | Supercritical fluid extraction | Thermodynamics | Organic chemistry | Chemical engineering | Heat transfer | Supercritical flow | Process engineering | Oil shale | Decomposition | Phenol,13689,True,待主题范围审阅,全量NMF关键词主题,待主题范围审阅,13689,7,0,0,,,True
411,F0412,Hematite / Magnetite / Goethite,Hematite | Magnetite | Goethite | Iron oxide | Mineralogy | Maghemite | Ferrihydrite | Superparamagnetism | Iron oxide nanoparticles | Mössbauer spectroscopy | Magnetic nanoparticles | Lepidocrocite | Magnetization | Chemical engineering | Ferric,6936,True,待主题范围审阅,全量NMF关键词主题,待主题范围审阅,6935,1,0,0,,,True
412,F0413,Methanol / Direct methanol fuel cell / Methanol fuel,Methanol | Direct methanol fuel cell | Methanol fuel | Ethanol | Nafion | Steam reforming | Chronoamperometry | Organic chemistry | Methanol reformer | Cyclic voltammetry | Ethanol fuel | Formaldehyde | Formic acid | Ethylene glycol | Alcohol,13606,True,待主题范围审阅,全量NMF关键词主题,待主题范围审阅,13605,18,0,0,,,True
413,F0414,Distillation / Membrane distillation / Chromatography,Distillation | Membrane distillation | Chromatography | Column (typography) | Vacuum distillation | Solar still | Multiple-effect distillation | Fractionating column | Extractive distillation | Separation (statistics) | Distilled water | Reboiler | Volumetric flow rate | Flux (metallurgy) | Air separation,5481,True,待主题范围审阅,全量NMF关键词主题,待主题范围审阅,5480,24,0,0,,,True
414,F0415,Artificial intelligence / Machine learning / Data mining,Artificial intelligence | Machine learning | Data mining | Pattern recognition (psychology) | Support vector machine | Cluster analysis | Feature (linguistics) | Anomaly detection | Deep learning | Fuzzy logic | Random forest | Classifier (UML) | Boosting (machine learning) | Feature selection | Wavelet,12476,True,待主题范围审阅,全量NMF关键词主题,待主题范围审阅,12476,457,0,1,,,True
415,F0416,Chemistry / Organic chemistry / Nuclear chemistry,Chemistry | Organic chemistry | Nuclear chemistry | Inorganic chemistry | Catalysis | Physical chemistry | Crystallography | Chromatography | Pulp and paper industry | Chemical engineering | Environmental chemistry | Oxygen | Photochemistry | Electrode | Waste management,15821,True,待主题范围审阅,全量NMF关键词主题,待主题范围审阅,15803,2769,0,0,,,True
416,F0417,European union / International trade / International economics,European union | International trade | International economics | Energy policy | Emissions trading | Economy | Economic policy | Member states | European commission | Directive | Energy security | Commission | Kyoto Protocol | Negotiation | Accession,7809,True,待主题范围审阅,全量NMF关键词主题,待主题范围审阅,7808,0,0,0,,,True
417,F0418,Process engineering / Exergy / Exergy efficiency,Process engineering | Exergy | Exergy efficiency | Waste management | Cogeneration | Engineering | Refrigeration | Process (computing) | Thermal energy storage | Absorption refrigerator | Syngas | Thermodynamics | Nuclear engineering | Solid oxide fuel cell | Mechanical engineering,14498,True,待主题范围审阅,全量NMF关键词主题,待主题范围审阅,14498,21,0,0,,,True
418,F0419,Diode / OLED / Optoelectronics,Diode | OLED | Optoelectronics | Electroluminescence | Light-emitting diode | Quantum efficiency | Fluorescence | Phosphorescence | Common emitter | Exciton | Optics | Luminance | Layer (electronics) | Carbazole | Brightness,17635,True,待主题范围审阅,全量NMF关键词主题,待主题范围审阅,17635,26,0,0,,,True
419,F0420,"PEDOT:PSS / Conductive polymer / Poly(3,4-ethylenedioxythiophene)","PEDOT:PSS | Conductive polymer | Poly(3,4-ethylenedioxythiophene) | Layer (electronics) | Conductivity | Polymer | Indium tin oxide | Polystyrene sulfonate | Active layer | Work function | Polymer solar cell | Optoelectronics | Sulfonate | Polythiophene | Sheet resistance",8016,True,待主题范围审阅,全量NMF关键词主题,待主题范围审阅,8016,18,0,0,,,True
420,F0421,Copper / Leaching (pedology) / Metallurgy,Copper | Leaching (pedology) | Metallurgy | Sulfuric acid | Inorganic chemistry | Nuclear chemistry | Roasting | Hydrometallurgy | Copper oxide | Bioleaching | Copper extraction techniques | Copper sulfide | Lixiviant | Reagent | Dissolution,13376,True,待主题范围审阅,全量NMF关键词主题,待主题范围审阅,13374,637,0,1,,,True
421,F0422,Stability (learning theory) / Margin (machine learning) / Electronic stability control,Stability (learning theory) | Margin (machine learning) | Electronic stability control | Machine learning | Structural stability | SIGNAL (programming language) | Thermal stability | Chemical stability | Eigenvalues and eigenvectors | Lyapunov function | Electrical impedance | Electric power system | Limit (mathematics) | Exponential stability | Longitudinal static stability,8811,True,待主题范围审阅,全量NMF关键词主题,待主题范围审阅,8810,354,0,0,,,True
422,F0423,Overheating (electricity) / Electrical engineering / Thermal comfort,Overheating (electricity) | Electrical engineering | Thermal comfort | Superheater | Heat sink | Thermal runaway | Building envelope | Glazing | Passive cooling | Solar gain | Temperature measurement | Thermal mass | TRNSYS | Natural ventilation | Facade,2593,True,待主题范围审阅,全量NMF关键词主题,待主题范围审阅,2593,6613,0,0,,,True
423,F0424,Dopant / Profiling (computer programming) / Dopant Activation,Dopant | Profiling (computer programming) | Dopant Activation | Ion implantation | Ionic radius | Secondary ion mass spectrometry | Sheet resistance | Electronegativity | Germanium | Crystallographic defect | Impurity | Redistribution (election) | Cluster analysis | Transition metal | Conductive polymer,10836,True,待主题范围审阅,全量NMF关键词主题,待主题范围审阅,10835,1,0,0,,,True
424,F0425,Molecule / Perylene / Diimide,Molecule | Perylene | Diimide | Hydrogen bond | HOMO/LUMO | Intermolecular force | Organic semiconductor | Small molecule | Organic molecules | van der Waals force | Supramolecular chemistry | Molecular orbital | Organic chemistry | Acceptor | Naphthalene,5111,True,待主题范围审阅,全量NMF关键词主题,待主题范围审阅,5111,56,0,0,,,True
425,F0426,Electron paramagnetic resonance / Nuclear magnetic resonance / Resonance (particle physics),Electron paramagnetic resonance | Nuclear magnetic resonance | Resonance (particle physics) | Paramagnetism | Phenomenon | Hyperfine structure | Spectroscopy | Spectral line | Spin (aerodynamics) | Epistemology | Atomic physics | Unpaired electron | Electron paramagnetic resonance spectroscopy | Radical | Surface plasmon resonance,5767,True,待主题范围审阅,全量NMF关键词主题,待主题范围审阅,5764,7,0,0,,,True
426,F0427,Thermodynamics / Enthalpy / Atmospheric temperature range,Thermodynamics | Enthalpy | Atmospheric temperature range | Range (aeronautics) | Heat capacity | Gibbs free energy | Differential scanning calorimetry | Thermal expansion | Physical chemistry | Debye model | Bulk modulus | Entropy (arrow of time) | Phase diagram | Binary number | Phase transition,3583,True,待主题范围审阅,全量NMF关键词主题,待主题范围审阅,3583,13,0,0,,,True
427,F0428,Transistor / Optoelectronics / Semiconductor,Transistor | Optoelectronics | Semiconductor | Field-effect transistor | Thin-film transistor | Organic semiconductor | MOSFET | Pentacene | Threshold voltage | Electron mobility | Electrical engineering | Organic field-effect transistor | Silicon carbide | High-electron-mobility transistor | Ambipolar diffusion,20199,True,待主题范围审阅,全量NMF关键词主题,待主题范围审阅,20199,89,0,0,,,True
428,F0429,Visible spectrum / Photochromism / Photochemistry,Visible spectrum | Photochromism | Photochemistry | Optoelectronics | Diffuse reflectance infrared fourier transform | Ultraviolet | Surface plasmon resonance | Absorbance | Diffuse reflection | Ultraviolet light | Photon upconversion | Absorption edge | Infrared | Polyoxometalate | Diarylethene,4172,True,待主题范围审阅,全量NMF关键词主题,待主题范围审阅,4172,19,0,0,,,True
429,F0430,Interface (matter) / Embedded system / Computer hardware,Interface (matter) | Embedded system | Computer hardware | Operating system | Field-programmable gate array | Microcontroller | Real-time computing | Realization (probability) | Controller (irrigation) | Digital signal processing | Chip | Data acquisition | Ethernet | Protocol (science) | Control system,10637,True,待主题范围审阅,全量NMF关键词主题,待主题范围审阅,10636,3179,0,1,,,True
430,F0431,Agriculture / Agricultural economics / Biofuel,Agriculture | Agricultural economics | Biofuel | Natural resource economics | Bioenergy | Biomass (ecology) | Agricultural productivity | Agricultural engineering | Food security | Environmental protection | Rural area | Agronomy | Agricultural science | Agroforestry | Energy crop,8735,True,待主题范围审阅,全量NMF关键词主题,待主题范围审阅,8735,13,0,0,,,True
431,F0432,Heat pump / Heat exchanger / Coefficient of performance,Heat pump | Heat exchanger | Coefficient of performance | Refrigeration | Refrigerant | Air source heat pumps | Hybrid heat | Evaporator | Absorption refrigerator | Air conditioning | Condenser (optics) | Mechanical engineering | Renewable heat | Chiller | Heating system,11556,True,待主题范围审阅,全量NMF关键词主题,待主题范围审阅,11555,2476,0,1,,,True
432,F0433,Order (exchange) / Finance / Model order reduction,Order (exchange) | Finance | Model order reduction | Environmental economics | Risk analysis (engineering) | Electricity market | Industrial organization | German | Sustainable development | Microeconomics | Marketing | Energy market | Bidding | Variety (cybernetics) | Type (biology),6678,True,待主题范围审阅,全量NMF关键词主题,待主题范围审阅,6673,1,0,0,,,True
433,F0434,Volatility (finance) / Stock (firearms) / Monetary economics,Volatility (finance) | Stock (firearms) | Monetary economics | Financial economics | Econometrics | Stock market | Oil price | Crude oil | Portfolio | Economics | Stock price | Spillover effect | Finance | Autoregressive conditional heteroskedasticity | Macroeconomics,7744,True,待主题范围审阅,全量NMF关键词主题,待主题范围审阅,7744,0,0,0,,,True
434,F0435,Waveform / Time domain / Frequency domain,Waveform | Time domain | Frequency domain | SIGNAL (programming language) | Domain (mathematical analysis) | Reflectometry | Mathematical analysis | Wavelet | Signal processing | Fourier transform | Wavelet transform | Fast Fourier transform | Digital signal processing | Impulse (physics) | Transfer function,5141,True,待主题范围审阅,全量NMF关键词主题,待主题范围审阅,5140,846,0,1,,,True
435,F0436,Evapotranspiration / Mean squared error / Balance (ability),Evapotranspiration | Mean squared error | Balance (ability) | Estimation | Energy balance | Amazon rainforest | Latent heat | Hydrology (agriculture) | Correlation coefficient | Sunshine duration | Water balance | Penman–Monteith equation | Coefficient of determination | Arid | Wind speed,2860,True,待主题范围审阅,全量NMF关键词主题,待主题范围审阅,2860,3,0,0,,,True
436,F0437,Insulator (electricity) / Arc flash / Composite material,Insulator (electricity) | Arc flash | Composite material | Pollution | Silicone rubber | Natural rubber | High voltage | Contamination | Voltage | Impulse (physics) | Icing | Silicone | Arc (geometry) | Electric arc | Vulcanization,5199,True,待主题范围审阅,全量NMF关键词主题,待主题范围审阅,5199,137,0,0,,,True
437,F0438,Meteorology / Irradiance / Solar irradiance,Meteorology | Irradiance | Solar irradiance | Wind speed | Atmospheric sciences | Solar energy | Sky | Remote sensing | Photovoltaic system | Lightning (connector) | Satellite | Optics | Weibull distribution | Mean squared error | Cloud cover,7590,True,待主题范围审阅,全量NMF关键词主题,待主题范围审阅,7587,144,0,0,,,True
438,F0439,Husk / Activated carbon / Point of delivery,Husk | Activated carbon | Point of delivery | Horticulture | Botany | Agronomy | Bagasse | Sunflower | Producer gas | Stalk | Wood gas generator | Agricultural waste | Greenhouse | Potassium hydroxide | Straw,3748,True,待主题范围审阅,全量NMF关键词主题,待主题范围审阅,3747,1,0,0,,,True
439,F0440,Variable (mathematics) / Variable renewable energy / Continuously variable transmission,Variable (mathematics) | Variable renewable energy | Continuously variable transmission | Mathematical analysis | Variable speed wind turbine | Variable-frequency drive | Control variable | State variable | Electronic speed control | Wind speed | Variable cost | Variables | Variable structure control | Feature selection | Magnetic reluctance,5318,True,待主题范围审阅,全量NMF关键词主题,待主题范围审阅,5318,148,0,0,,,True
440,F0441,Property (philosophy) / Epistemology / Property rights,Property (philosophy) | Epistemology | Property rights | Physical property | Intellectual property | Composition (language) | Workflow | Law and economics | Polymer science | Class (philosophy) | Property value | Real estate | Function (biology) | Biological system | Property management,2531,True,待主题范围审阅,全量NMF关键词主题,待主题范围审阅,2529,3,0,0,,,True
441,F0442,Production (economics) / Hydrogen production / Life-cycle assessment,Production (economics) | Hydrogen production | Life-cycle assessment | Biogas production | Microeconomics | Sustainable production | Environmental impact assessment | Economics | Oil production | Payback period | Waste management | Biomass (ecology) | Natural resource economics | Manufacturing engineering | Process engineering,14234,True,待主题范围审阅,全量NMF关键词主题,待主题范围审阅,14230,44,4,1,,,True
442,F0443,Nanoparticle / Nanotechnology / Magnetic nanoparticles,Nanoparticle | Nanotechnology | Magnetic nanoparticles | Chemical engineering | Particle size | Transmission electron microscopy | Superparamagnetism | Colloidal gold | Iron oxide nanoparticles | Iron oxide | Surface plasmon resonance | Nanomaterial-based catalyst | Silver nanoparticle | Dispersity | Particle (ecology),13240,True,待主题范围审阅,全量NMF关键词主题,待主题范围审阅,13240,51,0,0,,,True
443,F0444,Power factor / Rectifier (neural networks) / Total harmonic distortion,Power factor | Rectifier (neural networks) | Total harmonic distortion | Precision rectifier | PWM rectifier | Ballast | Three-phase | Switched-mode power supply | Factor (programming language) | Peak inverse voltage | Distortion (music) | Single-phase electric power | Constant power circuit | Rectification | Volt-ampere,6262,True,待主题范围审阅,全量NMF关键词主题,待主题范围审阅,6262,819,0,0,,,True
444,F0445,Vacancy defect / Oxygen / Void (composites),Vacancy defect | Oxygen | Void (composites) | Swelling | Nucleation | Crystallographic defect | Political science | Positron | Positron annihilation spectroscopy | Helium | Composite material | Positron annihilation | Annihilation | Doppler broadening | Frenkel defect,7260,True,待主题范围审阅,全量NMF关键词主题,待主题范围审阅,7260,0,0,0,,,True
445,F0446,Wastewater / Sewage treatment / Environmental engineering,Wastewater | Sewage treatment | Environmental engineering | Pulp and paper industry | Effluent | Waste management | Chemical oxygen demand | Microbial fuel cell | Bioreactor | Industrial wastewater treatment | Activated sludge | Hydraulic retention time | Anaerobic exercise | Fouling | Water treatment,16920,True,待主题范围审阅,全量NMF关键词主题,待主题范围审阅,16920,519,0,1,,,True
446,F0447,Economics / Econometrics / Microeconomics,Economics | Econometrics | Microeconomics | Natural resource economics | Economy | Public economics | Futures contract | Macroeconomics | Financial economics | Welfare economics | Mathematical economics | International economics | Finance | Welfare | Consumption (sociology),12651,True,待主题范围审阅,全量NMF关键词主题,待主题范围审阅,12647,0,0,0,,,True
447,F0448,Calcination / Carbonation / Chemical engineering,Calcination | Carbonation | Chemical engineering | Crystallinity | Specific surface area | Sorbent | Sol-gel | Particle size | Coprecipitation | Calcium looping | Cement | Sintering | Precipitation | Mineralogy | Carbon sequestration,13505,True,待主题范围审阅,全量NMF关键词主题,待主题范围审阅,13504,606,0,0,,,True
448,F0449,Manganese / Manganese oxide / Inorganic chemistry,Manganese | Manganese oxide | Inorganic chemistry | Birnessite | Alkaline battery | Pyrolusite | Electrochemistry | Metallurgy | Valence (chemistry) | Ferromanganese | Oxidation state | Lithium vanadium phosphate battery | Electrode | Redox | Sulfuric acid,10352,True,待主题范围审阅,全量NMF关键词主题,待主题范围审阅,10351,23,0,0,,,True
449,F0450,Boiler (water heating) / Waste management / Engineering,Boiler (water heating) | Waste management | Engineering | Coal | Flue gas | Thermal power station | Power station | Superheater | Process engineering | Pulverized coal-fired boiler | Steam turbine | Fluidized bed combustion | Superheated steam | Heat recovery steam generator | Boiler feedwater,11818,True,待主题范围审阅,全量NMF关键词主题,待主题范围审阅,11818,1256,5,1,,,True
450,F0451,Degradation (telecommunications) / Pollutant / Tetracycline,Degradation (telecommunications) | Pollutant | Tetracycline | Wastewater | Environmental chemistry | Persulfate | Phenol | Bisphenol A | Radical | Tetracycline Hydrochloride | Environmental remediation | Antibiotics | Telecommunications | Peroxydisulfate | Biochar,16911,True,待主题范围审阅,全量NMF关键词主题,待主题范围审阅,16909,1,0,0,,,True
451,F0452,Electric power / Metering mode / Electric energy,Electric power | Metering mode | Electric energy | Electric potential energy | Electric power industry | Net metering | Smart meter | Electricity meter | Smart grid | Automatic meter reading | Engineering | Electrical load | Single-phase electric power | Real-time computing | Electrical equipment,4662,True,待主题范围审阅,全量NMF关键词主题,待主题范围审阅,4662,1171,27,0,,,True
452,F0453,Platinum / Platinum nanoparticles / Rhenium,Platinum | Platinum nanoparticles | Rhenium | Palladium | Inorganic chemistry | Cyclic voltammetry | Platinum group | Carbon black | Rhodium | Auxiliary electrode | Tungsten | Rotating disk electrode | Glassy carbon | Carbon monoxide | Membrane electrode assembly,9943,True,待主题范围审阅,全量NMF关键词主题,待主题范围审阅,9943,101,0,0,,,True
453,F0454,Wetting / Contact angle / Superhydrophilicity,Wetting | Contact angle | Superhydrophilicity | Composite material | Surface roughness | Membrane distillation | Surface energy | Surface tension | Capillary action | Polyvinylidene fluoride | Surface finish | Brine | Separator (oil production) | Superhydrophobic coating | Saturation (graph theory),6189,True,待主题范围审阅,全量NMF关键词主题,待主题范围审阅,6188,79,0,0,,,True
454,F0455,Microstructure / Alloy / Metallurgy,Microstructure | Alloy | Metallurgy | Intermetallic | Composite material | Grain size | Ultimate tensile strength | Sintering | Grain boundary | Lamellar structure | Scanning electron microscope | Indentation hardness | Extrusion | Phase (matter) | Magnesium alloy,16397,True,待主题范围审阅,全量NMF关键词主题,待主题范围审阅,16396,3,0,0,,,True
455,F0456,Carbonation / Mineral / Carbon sequestration,Carbonation | Mineral | Carbon sequestration | Cement | Carbonatation | Compressive strength | Calcium looping | Calcite | Cementitious | Mineral processing | Portland cement | Fly ash | Curing (chemistry) | Clay minerals | Mineral resource classification,5481,True,待主题范围审阅,全量NMF关键词主题,待主题范围审阅,5480,50,0,0,,,True
456,F0457,Cluster (spacecraft) / Atom (system on chip) / Nanoclusters,Cluster (spacecraft) | Atom (system on chip) | Nanoclusters | Atomic physics | Cluster analysis | Hydrogen atom | Binding energy | Vacancy defect | Molecular physics | Oxygen atom | Helium | Chemical physics | Hydrogenase | Atom probe | Cluster size,4583,True,待主题范围审阅,全量NMF关键词主题,待主题范围审阅,4583,5,0,0,,,True
457,F0458,Solubility / Solvent / Amine gas treating,Solubility | Solvent | Amine gas treating | Solvation | Organic chemistry | Physical chemistry | Absorption (acoustics) | Alkyl | Organic solvent | Ethylene glycol | Hildebrand solubility parameter | Toluene | Inorganic chemistry | Activity coefficient | Acetonitrile,6551,True,待主题范围审阅,全量NMF关键词主题,待主题范围审阅,6549,24,0,0,,,True
458,F0459,Quality (philosophy) / Power quality / Risk analysis (engineering),Quality (philosophy) | Power quality | Risk analysis (engineering) | Environmental quality | Air quality index | Electric power quality | Power (physics) | Quality assurance | Distribution (mathematics) | Data quality | Water quality | Disturbance (geology) | Control (management) | Service quality | Operations management,8244,True,待主题范围审阅,全量NMF关键词主题,待主题范围审阅,8242,103,9,0,,,True
459,F0460,Boost converter / Forward converter / Flyback converter,Boost converter | Forward converter | Flyback converter | Ćuk converter | Buck–boost converter | Buck converter | Charge pump | Duty cycle | Flyback transformer | Integrating ADC | Voltage multiplier | Voltage doubler | Ripple | Flyback diode | SINADR,9083,True,待主题范围审阅,全量NMF关键词主题,待主题范围审阅,9083,1096,0,0,,,True
460,F0461,Lead (geology) / Halide / Lead–acid battery,Lead (geology) | Halide | Lead–acid battery | Iodide | Metal halides | Caesium | Bromide | Lead sulfide | Inorganic chemistry | Lead oxide | Cadmium | VRLA battery | Lead dioxide | Halogen | Risk analysis (engineering),5771,True,待主题范围审阅,全量NMF关键词主题,待主题范围审阅,5771,3,0,0,,,True
461,F0462,Nonlinear system / Linearization / Discretization,Nonlinear system | Linearization | Discretization | Nonlinear programming | Nonlinear optical | Lyapunov function | Sliding mode control | Feedback linearization | Mathematical analysis | Classical mechanics | Partial differential equation | Backstepping | Bifurcation | Nonlinear control | Nonlinear model,9506,True,待主题范围审阅,全量NMF关键词主题,待主题范围审阅,9505,74,0,0,,,True
462,F0463,Dielectric / Epoxy / Conductivity,Dielectric | Epoxy | Conductivity | Dielectric loss | Permittivity | Dielectric strength | Composite material | Gate dielectric | Electrical resistivity and conductivity | Ferroelectricity | Relaxation (psychology) | Refractive index | Capacitor | Dissipation factor | High-κ dielectric,12414,True,待主题范围审阅,全量NMF关键词主题,待主题范围审阅,12414,27,0,1,,,True
463,F0464,Transmission (telecommunications) / Power transmission / Transmission system,Transmission (telecommunications) | Power transmission | Transmission system | Clutch | Automatic transmission | Transmission network | Data transmission | Continuously variable transmission | Manual transmission | Torque | High-voltage direct current | Electric power transmission | Engineering | Automotive engineering | Direct current,10828,True,待主题范围审阅,全量NMF关键词主题,待主题范围审阅,10828,571,0,0,,,True
464,F0465,Diffraction / Reflection (computer programming) / Breakwater,Diffraction | Reflection (computer programming) | Breakwater | Geotechnical engineering | Marine engineering | Energy transformation | Wave energy converter | Borehole | X-ray crystallography | Oscillating Water Column | Wave height | Optics | Pile | Buoy | Wave power,3461,True,待主题范围审阅,全量NMF关键词主题,待主题范围审阅,3460,206,0,0,,,True
465,F0466,Ligand (biochemistry) / Reactivity (psychology) / Stereochemistry,Ligand (biochemistry) | Reactivity (psychology) | Stereochemistry | Medicinal chemistry | Ruthenium | Nanocrystal | Steric effects | Hydrogenase | Proton | Protonation | Pyridine | Moiety | Denticity | Active site | Substituent,5603,True,待主题范围审阅,全量NMF关键词主题,待主题范围审阅,5602,16,0,0,,,True
466,F0467,Cavitation / Bubble / Jet (fluid),Cavitation | Bubble | Jet (fluid) | Nozzle | Vortex | Cavitation erosion | Supercavitation | Propeller | Erosion | Acoustics | Venturi effect | Body orifice | Inducer | Water tunnel | Suction,8354,True,待主题范围审阅,全量NMF关键词主题,待主题范围审阅,8354,1,0,0,,,True
467,F0468,Volume (thermodynamics) / Microporous material / Activated carbon,Volume (thermodynamics) | Microporous material | Activated carbon | Specific surface area | Volume fraction | Volumetric flow rate | Thermodynamics | BET theory | Conjugated microporous polymer | Content (measure theory) | Surface-area-to-volume ratio | Volume expansion | Finite volume method | Bar (unit) | Chromatography,5186,True,待主题范围审阅,全量NMF关键词主题,待主题范围审阅,5185,48,0,0,,,True
468,F0469,Scalability / Blockchain / Distributed computing,Scalability | Blockchain | Distributed computing | Smart grid | Anomaly detection | Database transaction | Intrusion detection system | Workflow | Computer security | Efficient energy use | Smart contract | Big data | Adaptability | Parallel computing | Deep learning,6829,True,待主题范围审阅,全量NMF关键词主题,待主题范围审阅,6829,410,0,0,,,True
469,F0470,Sensitivity (control systems) / Electronic engineering / Parametric statistics,Sensitivity (control systems) | Electronic engineering | Parametric statistics | Climate sensitivity | Pressure sensor | Margin (machine learning) | Sizing | Sobol sequence | Electrical impedance | Climate model | Range (aeronautics) | Biological system | Uncertainty analysis | Eigenvalues and eigenvectors | Wearable computer,7442,True,待主题范围审阅,全量NMF关键词主题,待主题范围审阅,7440,285,0,0,,,True
470,F0471,Electricity generation / Electricity system / Microbial fuel cell,Electricity generation | Electricity system | Microbial fuel cell | Cost of electricity by source | Integrated gasification combined cycle | Stand-alone power system | Nameplate capacity | Energy system | Electricity retailing | Energy mix | Solid oxide fuel cell | Heat generation | Thermoelectric generator | Environmental economics | Variable renewable energy,2619,True,待主题范围审阅,全量NMF关键词主题,待主题范围审阅,2619,322,0,0,,,True
471,F0472,The Internet / World Wide Web / Internet of Things,The Internet | World Wide Web | Internet of Things | Scalable Vector Graphics | Internet privacy | Web application | XML | Download | Multimedia | Intranet | Operating system | Information retrieval | Home automation | Web service | Telecommunications,5784,True,待主题范围审阅,全量NMF关键词主题,待主题范围审阅,5783,236,2,0,,,True
472,F0473,Humidity / Relative humidity / Evaporative cooler,Humidity | Relative humidity | Evaporative cooler | Water cooling | Air conditioning | Condenser (optics) | Meteorology | Inlet | Water vapor | Chiller | Cooling capacity | Airflow | Dew point | Air cooling | Evaporation,6743,True,待主题范围审阅,全量NMF关键词主题,待主题范围审阅,6743,174,0,0,,,True
473,F0474,Superconductivity / High-temperature superconductivity / Superconducting magnet,Superconductivity | High-temperature superconductivity | Superconducting magnet | Josephson effect | Critical current | Superconducting magnetic energy storage | Condensed matter physics | Fault current limiter | Limiter | Vortex | Magnet | Resistive touchscreen | Niobium | Superconducting electric machine | Superconducting Coils,8683,True,待主题范围审阅,全量NMF关键词主题,待主题范围审阅,8681,68,0,0,,,True
474,F0475,Computer science / Engineering / Artificial intelligence,Computer science | Engineering | Artificial intelligence | Power (physics) | Electrical engineering | Control theory (sociology) | Reliability engineering | Algorithm | Telecommunications | Control (management) | Process (computing) | Mathematical optimization | Environmental science | Grid | Mathematics,68756,True,待主题范围审阅,全量NMF关键词主题,待主题范围审阅,68688,673,4,0,,,True
475,F0476,Torque / Magnet / Rotor (electric),Torque | Magnet | Rotor (electric) | Direct torque control | Switched reluctance motor | Torque ripple | Synchronous motor | Permanent magnet synchronous generator | Reluctance motor | Magnetic reluctance | Permanent magnet synchronous motor | Ripple | Stall torque | Superconducting magnet | Torque motor,9343,True,待主题范围审阅,全量NMF关键词主题,待主题范围审阅,9343,687,0,2,,,True
476,F0477,Aerogel / Thermal insulation / Chemical engineering,Aerogel | Thermal insulation | Chemical engineering | Thermal conductivity | Specific surface area | Cellulose | Supercritical drying | Resorcinol | Composite material | Compressive strength | Evaporation | Nanocellulose | Chitosan | Polyimide | Nanofiber,6878,True,待主题范围审阅,全量NMF关键词主题,待主题范围审阅,6878,22,0,0,,,True
477,F0478,Trapping / Trap (plumbing) / Recombination,Trapping | Trap (plumbing) | Recombination | Residual | Molecular physics | Atomic physics | Deuterium | Photoconductivity | Helium | Carrier lifetime | Saturation (graph theory) | Capillary action | Space charge | Plasmonic solar cell | Vacancy defect,3757,True,待主题范围审阅,全量NMF关键词主题,待主题范围审阅,3756,1,0,0,,,True
478,F0479,Redox / Electrochromism / Flow battery,Redox | Electrochromism | Flow battery | Vanadium | Electrochemistry | Electrochromic devices | Cyclic voltammetry | Electrode | Prussian blue | Thiophene | Flow (mathematics) | Transmittance | Triphenylamine | Chemical looping combustion | Physical chemistry,14674,True,待主题范围审阅,全量NMF关键词主题,待主题范围审阅,14672,683,0,0,,,True
479,F0480,Forensic engineering / Damages / Construction engineering,Forensic engineering | Damages | Construction engineering | Structural engineering | Lightning (connector) | Civil engineering | Seal (emblem) | Accident (philosophy) | Electrical engineering | Risk analysis (engineering) | Service life | Lightning arrester | Power cable | Mining engineering | Lightning strike,6407,True,待主题范围审阅,全量NMF关键词主题,待主题范围审阅,6407,7752,92,0,,,True
480,F0481,Geography / Meteorology / Forestry,Geography | Meteorology | Forestry | Climatology | China | Regional science | Archaeology | Cartography | Environmental protection | Economic geography | Environmental planning | Environmental resource management | Oceanography | Remote sensing | Wind power,9845,True,待主题范围审阅,全量NMF关键词主题,待主题范围审阅,9841,1,12,0,,,True
481,F0482,Energy storage / Thermal energy storage / Electrochemical energy storage,Energy storage | Thermal energy storage | Electrochemical energy storage | Computer data storage | Compressed air energy storage | Energy density | Pumped-storage hydroelectricity | Electrochemical energy conversion | Flywheel | Cold storage | Energy transformation | Intermittent energy source | Thermal energy | Compressed air | Sizing,10948,True,待主题范围审阅,全量NMF关键词主题,待主题范围审阅,10947,2857,13,1,,,True
482,F0483,Robustness (evolution) / Robust control / Sliding mode control,Robustness (evolution) | Robust control | Sliding mode control | Robust optimization | State of charge | Adaptability | Kalman filter | Parametric statistics | Residual | Estimator | Fault detection and isolation | Adversarial system | Extended Kalman filter | Interpretability | Electric power system,14702,True,待主题范围审阅,全量NMF关键词主题,待主题范围审阅,14702,669,0,1,,,True
483,F0484,Sulfur / Polysulfide / Lithium–sulfur battery,Sulfur | Polysulfide | Lithium–sulfur battery | Redox | Inorganic chemistry | Electrolyte | Sulfide | Separator (oil production) | Electrode | Chemical engineering | Hydrogen sulfide | Flue-gas desulfurization | Sulfur dioxide | Lithium (medication) | Electrochemistry,12540,True,待主题范围审阅,全量NMF关键词主题,待主题范围审阅,12539,127,0,0,,,True
484,F0485,Model predictive control / Horizon / Time horizon,Model predictive control | Horizon | Time horizon | Weighting | Optimal control | Predictive power | Nonlinear model | Quadratic programming | Constraint (computer-aided design) | Vehicle dynamics | Setpoint | HVAC | Thermal comfort | Computational complexity theory | Powertrain,8224,True,待主题范围审阅,全量NMF关键词主题,待主题范围审阅,8224,173,0,0,,,True
485,F0486,Solar chimney / Chimney (locomotive) / Ventilation (architecture),Solar chimney | Chimney (locomotive) | Ventilation (architecture) | Airflow | Inlet | Natural ventilation | Meteorology | Passive solar building design | Solar energy | Thermosiphon | Solar air conditioning | Marine engineering | Power station | Stack effect | Duct (anatomy),2808,True,待主题范围审阅,全量NMF关键词主题,待主题范围审阅,2808,61,0,0,,,True
486,F0487,X-ray photoelectron spectroscopy / Raman spectroscopy / Spectroscopy,X-ray photoelectron spectroscopy | Raman spectroscopy | Spectroscopy | Analytical Chemistry (journal) | Transmission electron microscopy | High-resolution transmission electron microscopy | Scanning electron microscope | Diffuse reflectance infrared fourier transform | Raman scattering | Absorption spectroscopy | Optics | Photoemission spectroscopy | Valence (chemistry) | Ultraviolet photoelectron spectroscopy | Infrared spectroscopy,15598,True,待主题范围审阅,全量NMF关键词主题,待主题范围审阅,15597,1,0,0,,,True
487,F0488,Die (integrated circuit) / Silicon carbide / Operating system,Die (integrated circuit) | Silicon carbide | Operating system | Soldering | Chip | Temperature cycling | Carbide | Junction temperature | Power semiconductor device | Power module | Ball grid array | Die casting | Flip chip | Cycling | Thermal resistance,1729,True,待主题范围审阅,全量NMF关键词主题,待主题范围审阅,1729,73,0,0,,,True
488,F0489,Traction (geology) / Automotive engineering / Traction motor,Traction (geology) | Automotive engineering | Traction motor | Traction substation | Mechanical engineering | Traction power network | Traction control system | Engineering | Electric locomotive | Electric traction | Electric motor | Train | Tractive force | Electrical engineering | Single-phase electric power,5184,True,待主题范围审阅,全量NMF关键词主题,待主题范围审阅,5184,3403,0,0,,,True
489,F0490,Gasoline / Petroleum / Waste management,Gasoline | Petroleum | Waste management | Refinery | Petrochemical | Oil refinery | Refining (metallurgy) | Hydrocarbon | Petroleum industry | Diesel fuel | Cracking | Fluid catalytic cracking | Petroleum product | Crude oil | Hazardous waste,4802,True,待主题范围审阅,全量NMF关键词主题,待主题范围审阅,4798,79,241,0,,,True
490,F0491,Tracking (education) / Point (geometry) / Trajectory,Tracking (education) | Point (geometry) | Trajectory | Solar tracker | Tracking system | Path (computing) | Power point | Tracking error | Track (disk drive) | Trajectory optimization | Azimuth | Optimal control | Computer vision | Microcontroller | Vehicle dynamics,4072,True,待主题范围审阅,全量NMF关键词主题,待主题范围审阅,4070,1077,0,0,,,True
491,F0492,Space (punctuation) / Space charge / Aerospace engineering,Space (punctuation) | Space charge | Aerospace engineering | State space | Space vector | Space vector modulation | Phase space | Spacecraft | Operating system | Space environment | Space exploration | Space technology | Mathematical analysis | Chemical space | Classical mechanics,3888,True,待主题范围审阅,全量NMF关键词主题,待主题范围审阅,3888,53,0,0,,,True
492,F0493,Pipeline (software) / Petroleum engineering / Pipeline transport,Pipeline (software) | Petroleum engineering | Pipeline transport | Gas pipeline | Enhanced oil recovery | Crude oil | Oil shale | Engineering | Mechanical engineering | Leak | Environmental engineering | Shale gas | Petroleum | Carbon capture and storage (timeline) | Oil field,6381,True,待主题范围审阅,全量NMF关键词主题,待主题范围审阅,6381,127,71,0,,,True
493,F0494,Combinatorial chemistry / Organic chemistry / Amine gas treating,Combinatorial chemistry | Organic chemistry | Amine gas treating | Nanotechnology | Catalysis | Hydrogenase | Ruthenium | Carboxylation | Reagent | Cycloaddition | Aryl | Homogeneous | Metathesis | Enzyme | Photoredox catalysis,5051,True,待主题范围审阅,全量NMF关键词主题,待主题范围审阅,5051,1080,0,0,,,True
494,F0495,Electric power system / Phasor / Phasor measurement unit,Electric power system | Phasor | Phasor measurement unit | Units of measurement | Observability | Automatic frequency control | Economic dispatch | Automatic Generation Control | Blackout | Power system simulation | Oscillation (cell signaling) | Power flow | Power network | Transmission system | Unified power flow controller,6338,True,待主题范围审阅,全量NMF关键词主题,待主题范围审阅,6338,1429,0,1,,,True
495,F0496,Photoluminescence / Luminescence / Phosphor,Photoluminescence | Luminescence | Phosphor | Exciton | Analytical Chemistry (journal) | Optoelectronics | Quantum yield | Excitation | Light-emitting diode | Nanocrystal | Fluorescence | Excited state | Quenching (fluorescence) | Spectroscopy | Emission spectrum,24546,True,待主题范围审阅,全量NMF关键词主题,待主题范围审阅,24546,2,0,0,,,True
496,F0497,Raw material / Pellets / Pellet,Raw material | Pellets | Pellet | Pulp and paper industry | Torrefaction | Pelletizing | Biomass (ecology) | Straw | Heat of combustion | Sawdust | Water content | Sintering | Composite material | Biofuel | Moisture,7821,True,待主题范围审阅,全量NMF关键词主题,待主题范围审阅,7819,87,0,0,,,True
497,F0498,Rational design / Nanostructure / Sustainable energy,Rational design | Nanostructure | Sustainable energy | Nanotechnology | Electrochemical energy storage | Design elements and principles | Nanomaterial-based catalyst | Catalysis | Material Design | Surface engineering | Heterogeneous catalysis | Active site | Nanoflower | Energy transformation | Molecular engineering,2740,True,待主题范围审阅,全量NMF关键词主题,待主题范围审阅,2740,19,0,0,,,True
498,F0499,Leakage (economics) / Carbon leakage / Petroleum engineering,Leakage (economics) | Carbon leakage | Petroleum engineering | Leak | Leakage inductance | Magnetic flux leakage | Vortex | Reverse leakage current | Tip clearance | Diode | Breakdown voltage | Inductance | Leak detection | Emissions trading | High-electron-mobility transistor,6362,True,待主题范围审阅,全量NMF关键词主题,待主题范围审阅,6362,261,0,0,,,True
499,F0500,Composite number / Composite material / Tribology,Composite number | Composite material | Tribology | Carbon nanotube | Thermal conductivity | Ball mill | Matrix (chemical analysis) | Friction stir processing | Scanning electron microscope | Composite film | Flexural strength | Filler (materials) | Metal matrix composite | Indentation hardness | Carbon black,7873,True,待主题范围审阅,全量NMF关键词主题,待主题范围审阅,7873,1402,0,0,,,True
