entity_type,entity_id,entity_name,rank,topic_id,category_id,category_name,cosine,top1_top2_margin,association_status,needs_review,transfers_maturity
case,C0009-B01,磁场辅助氧化物衍生铜电极二氧化碳电还原,1,296,F0297,Selectivity / Fischer–Tropsch process / Syngas,0.7415072672262332,0.004329715483486374,automatic_candidate_needs_semantic_review,True,False
case,C0009-B01,磁场辅助氧化物衍生铜电极二氧化碳电还原,2,369,F0370,Catalysis / Electrocatalyst / Oxygen evolution,0.7371775517427468,0.004329715483486374,automatic_candidate_needs_semantic_review,True,False
case,C0009-B01,磁场辅助氧化物衍生铜电极二氧化碳电还原,3,142,F0143,Reduction (mathematics) / Oxygen / Oxygen reduction reaction,0.7301777454362784,0.004329715483486374,automatic_candidate_needs_semantic_review,True,False
case,C0493-B01,银负载二氧化钛聚光反应器光催化制氢,1,326,F0327,Photocatalysis / Catalysis / Chemical engineering,0.7555279892061691,0.008825874982301918,automatic_candidate_needs_semantic_review,True,False
case,C0493-B01,银负载二氧化钛聚光反应器光催化制氢,2,197,F0198,Water splitting / Photocurrent / Oxygen evolution,0.7467021142238672,0.008825874982301918,automatic_candidate_needs_semantic_review,True,False
case,C0493-B01,银负载二氧化钛聚光反应器光催化制氢,3,428,F0429,Visible spectrum / Photochromism / Photochemistry,0.7451647321786008,0.008825874982301918,automatic_candidate_needs_semantic_review,True,False
case,C0060-B01,镍铜氧化物电极扣式超级电容储能,1,376,F0377,Supercapacitor / Capacitance / Electrode,0.808198921702734,0.04102879490035871,automatic_candidate_needs_semantic_review,True,False
case,C0060-B01,镍铜氧化物电极扣式超级电容储能,2,158,F0159,Faraday efficiency / Electrosynthesis / Formate,0.7671701268023753,0.04102879490035871,automatic_candidate_needs_semantic_review,True,False
case,C0060-B01,镍铜氧化物电极扣式超级电容储能,3,442,F0443,Nanoparticle / Nanotechnology / Magnetic nanoparticles,0.7669553679562655,0.04102879490035871,automatic_candidate_needs_semantic_review,True,False
case,C0067-B01,双界面桥联钝化钙钛矿光伏器件,1,141,F0142,Perovskite (structure) / Halide / Energy conversion efficiency,0.7768999739827794,0.03781403514631687,automatic_candidate_needs_semantic_review,True,False
case,C0067-B01,双界面桥联钝化钙钛矿光伏器件,2,265,F0266,Photovoltaics / Nanotechnology / Building-integrated photovoltaics,0.7390859388364626,0.03781403514631687,automatic_candidate_needs_semantic_review,True,False
case,C0067-B01,双界面桥联钝化钙钛矿光伏器件,3,43,F0044,Tandem / Terminal (telecommunication) / Telecommunications,0.7351260307312365,0.03781403514631687,automatic_candidate_needs_semantic_review,True,False
case,C0091-B01,GENE–CHEASE线性局域计算接口,1,81,F0082,Statistical physics / Chaotic / CHAOS (operating system),0.7384871153056765,0.0012042548309671997,automatic_candidate_needs_semantic_review,True,False
case,C0091-B01,GENE–CHEASE线性局域计算接口,2,356,F0357,Turbulence / Atmospheric sciences / Meteorology,0.7372828604747093,0.0012042548309671997,automatic_candidate_needs_semantic_review,True,False
case,C0091-B01,GENE–CHEASE线性局域计算接口,3,406,F0407,Instability / Magnetohydrodynamics / Two-stream instability,0.7345069453089038,0.0012042548309671997,automatic_candidate_needs_semantic_review,True,False
case,C0098-B01,建筑冷站低负荷自适应控制,1,482,F0483,Robustness (evolution) / Robust control / Sliding mode control,0.7616450338979606,0.0016637418174092478,automatic_candidate_needs_semantic_review,True,False
case,C0098-B01,建筑冷站低负荷自适应控制,2,484,F0485,Model predictive control / Horizon / Time horizon,0.7599812920805513,0.0016637418174092478,automatic_candidate_needs_semantic_review,True,False
case,C0098-B01,建筑冷站低负荷自适应控制,3,97,F0098,Benchmark (surveying) / Benchmarking / VVER,0.7599199045110008,0.0016637418174092478,automatic_candidate_needs_semantic_review,True,False
case,C0122-B01,复合热电墨水印刷径向发电器,1,12,F0013,Fabrication / Nanotechnology / Optoelectronics,0.7493541072037144,0.007532512583550255,automatic_candidate_needs_semantic_review,True,False
case,C0122-B01,复合热电墨水印刷径向发电器,2,86,F0087,Thermoelectric effect / Thermoelectric materials / Seebeck coefficient,0.7418215946201642,0.007532512583550255,automatic_candidate_needs_semantic_review,True,False
case,C0122-B01,复合热电墨水印刷径向发电器,3,342,F0343,Electronics / Power electronics / Triboelectric effect,0.7276589904054962,0.007532512583550255,automatic_candidate_needs_semantic_review,True,False
case,C0124-B01,区块链电碳身份计量与结算方法,1,320,F0321,Metre / Electricity meter / Smart grid,0.6739231943238304,0.01358949071006954,automatic_candidate_needs_semantic_review,True,False
case,C0124-B01,区块链电碳身份计量与结算方法,2,198,F0199,Greenhouse gas / Emissions trading / Natural resource economics,0.6603337036137609,0.01358949071006954,automatic_candidate_needs_semantic_review,True,False
case,C0124-B01,区块链电碳身份计量与结算方法,3,468,F0469,Scalability / Blockchain / Distributed computing,0.6602325877762446,0.01358949071006954,automatic_candidate_needs_semantic_review,True,False
case,C0155-B01,NiFe-LDH-PTA析氧电极与AEM单池,1,207,F0208,Electrolysis / Electrolysis of water / Alkaline water electrolysis,0.7600436006256762,0.0024236816975731212,automatic_candidate_needs_semantic_review,True,False
case,C0155-B01,NiFe-LDH-PTA析氧电极与AEM单池,2,28,F0029,Overpotential / Tafel equation / Oxygen evolution,0.7576199189281031,0.0024236816975731212,automatic_candidate_needs_semantic_review,True,False
case,C0155-B01,NiFe-LDH-PTA析氧电极与AEM单池,3,369,F0370,Catalysis / Electrocatalyst / Oxygen evolution,0.7514215729373774,0.0024236816975731212,automatic_candidate_needs_semantic_review,True,False
case,C0593-B01,跨车辆迁移电池健康状态估计,1,138,F0139,Battery (electricity) / Lithium-ion battery / State of charge,0.734307310335272,0.015013252189397974,automatic_candidate_needs_semantic_review,True,False
case,C0593-B01,跨车辆迁移电池健康状态估计,2,315,F0316,Automotive engineering / Electric vehicle / Powertrain,0.719294058145874,0.015013252189397974,automatic_candidate_needs_semantic_review,True,False
case,C0593-B01,跨车辆迁移电池健康状态估计,3,383,F0384,State (computer science) / Estimation / State of charge,0.716098595130517,0.015013252189397974,automatic_candidate_needs_semantic_review,True,False
case,C0186-B01,煤热解移动颗粒床除尘,1,345,F0346,Pyrolysis / Biomass (ecology) / Biochar,0.752801768885003,0.00550284831815373,automatic_candidate_needs_semantic_review,True,False
case,C0186-B01,煤热解移动颗粒床除尘,2,257,F0258,Char / Particle (ecology) / Particle size,0.7472989205668493,0.00550284831815373,automatic_candidate_needs_semantic_review,True,False
case,C0186-B01,煤热解移动颗粒床除尘,3,496,F0497,Raw material / Pellets / Pellet,0.7299620260419084,0.00550284831815373,automatic_candidate_needs_semantic_review,True,False
case,C0191-B01,TiFe金属氢化物热驱动氢气压缩,1,77,F0078,Hydrogen storage / Hydride / Desorption,0.7505490805922745,0.012233666643239438,automatic_candidate_needs_semantic_review,True,False
case,C0191-B01,TiFe金属氢化物热驱动氢气压缩,2,256,F0257,Gas compressor / Turbine / Impeller,0.7383154139490351,0.012233666643239438,automatic_candidate_needs_semantic_review,True,False
case,C0191-B01,TiFe金属氢化物热驱动氢气压缩,3,303,F0304,Hydrogen / Hydrogen production / Hydrogen storage,0.7159645244545967,0.012233666643239438,automatic_candidate_needs_semantic_review,True,False
case,C0210-B01,能源桩换热与热力耦合,1,60,F0061,Foundation (evidence) / Pile / Hydrate,0.7680528536525885,0.010163517666986088,automatic_candidate_needs_semantic_review,True,False
case,C0210-B01,能源桩换热与热力耦合,2,223,F0224,Geothermal gradient / Geothermal energy / Petroleum engineering,0.7578893359856024,0.010163517666986088,automatic_candidate_needs_semantic_review,True,False
case,C0210-B01,能源桩换热与热力耦合,3,168,F0169,Thermal / Thermal energy storage / Phase-change material,0.7353346613573515,0.010163517666986088,automatic_candidate_needs_semantic_review,True,False
case,C0216-B01,IGBT加速功率循环试验,1,399,F0400,Thyristor / Insulated-gate bipolar transistor / Integrated gate-commutated thyristor,0.8120633002630173,0.06521917562077939,automatic_candidate_needs_semantic_review,True,False
case,C0216-B01,IGBT加速功率循环试验,2,232,F0233,Test (biology) / Reliability engineering / Test method,0.7468441246422379,0.06521917562077939,automatic_candidate_needs_semantic_review,True,False
case,C0216-B01,IGBT加速功率循环试验,3,324,F0325,Electronic circuit / Equivalent circuit / Spice,0.744547344556104,0.06521917562077939,automatic_candidate_needs_semantic_review,True,False
case,C0221-B01,锂金属软包电池原位压力映射诊断,1,138,F0139,Battery (electricity) / Lithium-ion battery / State of charge,0.7309618772550992,0.010657523343464037,automatic_candidate_needs_semantic_review,True,False
case,C0221-B01,锂金属软包电池原位压力映射诊断,2,340,F0341,Lithium (medication) / Lithium metal / Lithium-ion battery,0.7203043539116352,0.010657523343464037,automatic_candidate_needs_semantic_review,True,False
case,C0221-B01,锂金属软包电池原位压力映射诊断,3,305,F0306,Stress (linguistics) / Composite material / Structural engineering,0.7137379182544809,0.010657523343464037,automatic_candidate_needs_semantic_review,True,False
case,C0246-B01,居民电池自发自用控制,1,84,F0085,Sizing / Irrigation / Agricultural engineering,0.705667015309944,0.006901065538493678,automatic_candidate_needs_semantic_review,True,False
case,C0246-B01,居民电池自发自用控制,2,307,F0308,Microgrid / Voltage droop / Distributed generation,0.6987659497714503,0.006901065538493678,automatic_candidate_needs_semantic_review,True,False
case,C0246-B01,居民电池自发自用控制,3,52,F0053,Distributed generation / Distributed computing / Islanding,0.6965105035954071,0.006901065538493678,automatic_candidate_needs_semantic_review,True,False
case,C0251-B01,充电保形预测与V2G容量边界计算模块组,1,109,F0110,Probabilistic logic / Probabilistic forecasting / Electric power system,0.7147257606156806,0.0011770916480792204,automatic_candidate_needs_semantic_review,True,False
case,C0251-B01,充电保形预测与V2G容量边界计算模块组,2,268,F0269,Flexibility (engineering) / Demand response / Scheduling (production processes),0.7135486689676014,0.0011770916480792204,automatic_candidate_needs_semantic_review,True,False
case,C0251-B01,充电保形预测与V2G容量边界计算模块组,3,97,F0098,Benchmark (surveying) / Benchmarking / VVER,0.7109562432934475,0.0011770916480792204,automatic_candidate_needs_semantic_review,True,False
case,C0254-B01,多元素CoNiMoWOSeTe析氢电极与单池,1,28,F0029,Overpotential / Tafel equation / Oxygen evolution,0.7768348241301525,0.0033430322743029928,automatic_candidate_needs_semantic_review,True,False
case,C0254-B01,多元素CoNiMoWOSeTe析氢电极与单池,2,207,F0208,Electrolysis / Electrolysis of water / Alkaline water electrolysis,0.7734917918558495,0.0033430322743029928,automatic_candidate_needs_semantic_review,True,False
case,C0254-B01,多元素CoNiMoWOSeTe析氢电极与单池,3,303,F0304,Hydrogen / Hydrogen production / Hydrogen storage,0.7557895078857816,0.0033430322743029928,automatic_candidate_needs_semantic_review,True,False
case,C0518-B01,壳聚糖香草醛自修复石墨负极粘结,1,350,F0351,Anode / Electrochemistry / Electrode,0.7523729792287527,0.0030948795750237457,automatic_candidate_needs_semantic_review,True,False
case,C0518-B01,壳聚糖香草醛自修复石墨负极粘结,2,158,F0159,Faraday efficiency / Electrosynthesis / Formate,0.7492780996537289,0.0030948795750237457,automatic_candidate_needs_semantic_review,True,False
case,C0518-B01,壳聚糖香草醛自修复石墨负极粘结,3,340,F0341,Lithium (medication) / Lithium metal / Lithium-ion battery,0.7401221112718285,0.0030948795750237457,automatic_candidate_needs_semantic_review,True,False
case,C0278-B01,CuFeS2双功能电极整体水电解,1,28,F0029,Overpotential / Tafel equation / Oxygen evolution,0.7947445174627904,0.01251958105953499,automatic_candidate_needs_semantic_review,True,False
case,C0278-B01,CuFeS2双功能电极整体水电解,2,369,F0370,Catalysis / Electrocatalyst / Oxygen evolution,0.7822249364032554,0.01251958105953499,automatic_candidate_needs_semantic_review,True,False
case,C0278-B01,CuFeS2双功能电极整体水电解,3,207,F0208,Electrolysis / Electrolysis of water / Alkaline water electrolysis,0.7797514375656129,0.01251958105953499,automatic_candidate_needs_semantic_review,True,False
case,C0294-B01,模块化容错BMS电压监测,1,242,F0243,Modular design / High-voltage direct current / Capacitor,0.7491298119057426,0.00271460142020985,automatic_candidate_needs_semantic_review,True,False
case,C0294-B01,模块化容错BMS电压监测,2,429,F0430,Interface (matter) / Embedded system / Computer hardware,0.7464152104855327,0.00271460142020985,automatic_candidate_needs_semantic_review,True,False
case,C0294-B01,模块化容错BMS电压监测,3,214,F0215,Redundancy (engineering) / Fault tolerance / Observability,0.7463815831911911,0.00271460142020985,automatic_candidate_needs_semantic_review,True,False
case,C0684-B01,退役NMC模组热失控危害表征,1,116,F0117,Thermal runaway / Exothermic reaction / Overcharge,0.8114833054269308,0.07374147274306597,automatic_candidate_needs_semantic_review,True,False
case,C0684-B01,退役NMC模组热失控危害表征,2,422,F0423,Overheating (electricity) / Electrical engineering / Thermal comfort,0.7377418326838648,0.07374147274306597,automatic_candidate_needs_semantic_review,True,False
case,C0684-B01,退役NMC模组热失控危害表征,3,377,F0378,Nuclear engineering / Nuclear physics / Fusion power,0.7262052708468093,0.07374147274306597,automatic_candidate_needs_semantic_review,True,False
case,C0356-B01,电力动态研究智能体基准评测,1,97,F0098,Benchmark (surveying) / Benchmarking / VVER,0.7170071856961294,0.0031149441073078377,automatic_candidate_needs_semantic_review,True,False
case,C0356-B01,电力动态研究智能体基准评测,2,252,F0253,Artificial neural network / Artificial intelligence / Machine learning,0.7138922415888216,0.0031149441073078377,automatic_candidate_needs_semantic_review,True,False
case,C0356-B01,电力动态研究智能体基准评测,3,66,F0067,Reinforcement learning / Reinforcement / Artificial intelligence,0.7006166511494082,0.0031149441073078377,automatic_candidate_needs_semantic_review,True,False
case,C0435-B01,可配置宽带电力线通信波形,1,219,F0220,Computer network / Scheme (mathematics) / Protocol (science),0.7084671156127998,0.007930951494475758,automatic_candidate_needs_semantic_review,True,False
case,C0435-B01,可配置宽带电力线通信波形,2,186,F0187,Interconnection / Telecommunications / Chip,0.7005361641183241,0.007930951494475758,automatic_candidate_needs_semantic_review,True,False
case,C0435-B01,可配置宽带电力线通信波形,3,231,F0232,Electronic engineering / Amplifier / CMOS,0.6996310743551205,0.007930951494475758,automatic_candidate_needs_semantic_review,True,False
case,C0443-B01,智能温控计量数据校准建筑能耗模型,1,22,F0023,Architectural engineering / Efficient energy use / Air conditioning,0.7540418000106296,0.02270583764219891,automatic_candidate_needs_semantic_review,True,False
case,C0443-B01,智能温控计量数据校准建筑能耗模型,2,304,F0305,Energy consumption / Consumption (sociology) / Power consumption,0.7313359623684307,0.02270583764219891,automatic_candidate_needs_semantic_review,True,False
case,C0443-B01,智能温控计量数据校准建筑能耗模型,3,320,F0321,Metre / Electricity meter / Smart grid,0.7292609269490946,0.02270583764219891,automatic_candidate_needs_semantic_review,True,False
case,C0191-B02,TiFe固态储氢耦合燃料电池供电,1,77,F0078,Hydrogen storage / Hydride / Desorption,0.7749287389200168,0.02012664060430369,automatic_candidate_needs_semantic_review,True,False
case,C0191-B02,TiFe固态储氢耦合燃料电池供电,2,303,F0304,Hydrogen / Hydrogen production / Hydrogen storage,0.7548020983157131,0.02012664060430369,automatic_candidate_needs_semantic_review,True,False
case,C0191-B02,TiFe固态储氢耦合燃料电池供电,3,481,F0482,Energy storage / Thermal energy storage / Electrochemical energy storage,0.7370550561794224,0.02012664060430369,automatic_candidate_needs_semantic_review,True,False
case,C0665-B01,大螺旋角无缝内螺纹铜管换热强化,1,168,F0169,Thermal / Thermal energy storage / Phase-change material,0.6739825357478305,0.0015126297620370321,automatic_candidate_needs_semantic_review,True,False
case,C0665-B01,大螺旋角无缝内螺纹铜管换热强化,2,72,F0073,Process (computing) / Identification (biology) / Product (mathematics),0.6724699059857935,0.0015126297620370321,automatic_candidate_needs_semantic_review,True,False
case,C0665-B01,大螺旋角无缝内螺纹铜管换热强化,3,487,F0488,Die (integrated circuit) / Silicon carbide / Operating system,0.672117073847663,0.0015126297620370321,automatic_candidate_needs_semantic_review,True,False
case,C0098-B02,建筑高效冷站集成节能控制,1,22,F0023,Architectural engineering / Efficient energy use / Air conditioning,0.7056186920894985,0.020219642158337714,automatic_candidate_needs_semantic_review,True,False
case,C0098-B02,建筑高效冷站集成节能控制,2,387,F0388,Power station / Thermal power station / Combined cycle,0.6853990499311607,0.020219642158337714,automatic_candidate_needs_semantic_review,True,False
case,C0098-B02,建筑高效冷站集成节能控制,3,163,F0164,Upgrade / ASDEX Upgrade / Operating system,0.6815279498719049,0.020219642158337714,automatic_candidate_needs_semantic_review,True,False
case,C0509-B01,太阳能储热多能互补建筑供暖,1,245,F0246,Solar energy / Optics / Solar power,0.7290697016011275,0.019643208894557396,automatic_candidate_needs_semantic_review,True,False
case,C0509-B01,太阳能储热多能互补建筑供暖,2,22,F0023,Architectural engineering / Efficient energy use / Air conditioning,0.7094264927065701,0.019643208894557396,automatic_candidate_needs_semantic_review,True,False
case,C0509-B01,太阳能储热多能互补建筑供暖,3,270,F0271,Photovoltaic system / Electrical engineering / Harmonics,0.704252093513896,0.019643208894557396,automatic_candidate_needs_semantic_review,True,False
case,C0246-B02,虚拟电厂新能源入市协同结算,1,318,F0319,Electricity / Electricity market / Electricity generation,0.7082080422096692,0.008352304540241828,automatic_candidate_needs_semantic_review,True,False
case,C0246-B02,虚拟电厂新能源入市协同结算,2,451,F0452,Electric power / Metering mode / Electric energy,0.6998557376694273,0.008352304540241828,automatic_candidate_needs_semantic_review,True,False
case,C0246-B02,虚拟电厂新能源入市协同结算,3,313,F0314,Operations research / Penetration (warfare) / Operations management,0.6988854994792266,0.008352304540241828,automatic_candidate_needs_semantic_review,True,False
case,C0356-B02,电网业务测试用例智能生成,1,232,F0233,Test (biology) / Reliability engineering / Test method,0.7004610508660487,0.013857021988805673,automatic_candidate_needs_semantic_review,True,False
case,C0356-B02,电网业务测试用例智能生成,2,295,F0296,Software / Operating system / Software engineering,0.686604028877243,0.013857021988805673,automatic_candidate_needs_semantic_review,True,False
case,C0356-B02,电网业务测试用例智能生成,3,302,F0303,Function (biology) / Basis (linear algebra) / Transfer function,0.6781946885330515,0.013857021988805673,automatic_candidate_needs_semantic_review,True,False
case,C0124-B02,电碳耦合源荷互动交易动态合约,1,268,F0269,Flexibility (engineering) / Demand response / Scheduling (production processes),0.6934337074318229,0.008957003279701503,automatic_candidate_needs_semantic_review,True,False
case,C0124-B02,电碳耦合源荷互动交易动态合约,2,237,F0238,Dual (grammatical number) / Dual role / Dual purpose,0.6844767041521214,0.008957003279701503,automatic_candidate_needs_semantic_review,True,False
case,C0124-B02,电碳耦合源荷互动交易动态合约,3,236,F0237,Constant (computer programming) / Constant current / Entropy (arrow of time),0.6836313283176179,0.008957003279701503,automatic_candidate_needs_semantic_review,True,False
case,C0487-N01,部分浸没冷却电池多尺度热建模,1,138,F0139,Battery (electricity) / Lithium-ion battery / State of charge,0.7488394070854119,0.0006718407597154918,automatic_candidate_needs_semantic_review,True,False
case,C0487-N01,部分浸没冷却电池多尺度热建模,2,422,F0423,Overheating (electricity) / Electrical engineering / Thermal comfort,0.7481675663256964,0.0006718407597154918,automatic_candidate_needs_semantic_review,True,False
case,C0487-N01,部分浸没冷却电池多尺度热建模,3,116,F0117,Thermal runaway / Exothermic reaction / Overcharge,0.734293434962847,0.0006718407597154918,automatic_candidate_needs_semantic_review,True,False
case,C0490-N01,再分析风资源数据适用性验证,1,108,F0109,Wind power / Turbine / Wind speed,0.7356341064304128,0.03008961729456039,automatic_candidate_needs_semantic_review,True,False
case,C0490-N01,再分析风资源数据适用性验证,2,109,F0110,Probabilistic logic / Probabilistic forecasting / Electric power system,0.7055444891358524,0.03008961729456039,automatic_candidate_needs_semantic_review,True,False
case,C0490-N01,再分析风资源数据适用性验证,3,435,F0436,Evapotranspiration / Mean squared error / Balance (ability),0.7028872491903775,0.03008961729456039,automatic_candidate_needs_semantic_review,True,False
case,C0491-N01,银纳米线海绵浸涂可拉伸电池电极,1,350,F0351,Anode / Electrochemistry / Electrode,0.7199481604107533,0.0037256745084665033,automatic_candidate_needs_semantic_review,True,False
case,C0491-N01,银纳米线海绵浸涂可拉伸电池电极,2,12,F0013,Fabrication / Nanotechnology / Optoelectronics,0.7162224859022868,0.0037256745084665033,automatic_candidate_needs_semantic_review,True,False
case,C0491-N01,银纳米线海绵浸涂可拉伸电池电极,3,158,F0159,Faraday efficiency / Electrosynthesis / Formate,0.7084073689712033,0.0037256745084665033,automatic_candidate_needs_semantic_review,True,False
case,C0492-N01,热虹吸光生物反应器制氢,1,341,F0342,Hydrogen production / Fermentation / Biohydrogen,0.7237688005706266,0.017134891754281845,automatic_candidate_needs_semantic_review,True,False
case,C0492-N01,热虹吸光生物反应器制氢,2,303,F0304,Hydrogen / Hydrogen production / Hydrogen storage,0.7066339088163448,0.017134891754281845,automatic_candidate_needs_semantic_review,True,False
case,C0492-N01,热虹吸光生物反应器制氢,3,283,F0284,Photothermal therapy / Photothermal effect / Evaporation,0.6857929617376821,0.017134891754281845,automatic_candidate_needs_semantic_review,True,False
case,C0494-N01,聚合物金属交替叠层介电储能,1,462,F0463,Dielectric / Epoxy / Conductivity,0.7590823074326303,0.007892704234927161,automatic_candidate_needs_semantic_review,True,False
case,C0494-N01,聚合物金属交替叠层介电储能,2,164,F0165,Compatibility (geochemistry) / Solid-state / Electromagnetic compatibility,0.7511896031977031,0.007892704234927161,automatic_candidate_needs_semantic_review,True,False
case,C0494-N01,聚合物金属交替叠层介电储能,3,354,F0355,Stacking / Period (music) / van der Waals force,0.7502632897920618,0.007892704234927161,automatic_candidate_needs_semantic_review,True,False
case,C0495-N01,乙烯茴香基共聚物自修复电绝缘,1,37,F0038,Polymer / Copolymer / Polymer chemistry,0.7114093763068114,0.009602327522496235,automatic_candidate_needs_semantic_review,True,False
case,C0495-N01,乙烯茴香基共聚物自修复电绝缘,2,462,F0463,Dielectric / Epoxy / Conductivity,0.7018070487843152,0.009602327522496235,automatic_candidate_needs_semantic_review,True,False
case,C0495-N01,乙烯茴香基共聚物自修复电绝缘,3,281,F0282,Polyaniline / Polymerization / Polymer,0.6965389785539616,0.009602327522496235,automatic_candidate_needs_semantic_review,True,False
case,C0497-N01,受控气候平板光生物反应器藻类培养,1,331,F0332,Animal science / Manure / NAK,0.7249435493100095,0.008926093353256337,automatic_candidate_needs_semantic_review,True,False
case,C0497-N01,受控气候平板光生物反应器藻类培养,2,341,F0342,Hydrogen production / Fermentation / Biohydrogen,0.7160174559567531,0.008926093353256337,automatic_candidate_needs_semantic_review,True,False
case,C0497-N01,受控气候平板光生物反应器藻类培养,3,328,F0329,Bioenergy / Productivity / Logging,0.7155502479023351,0.008926093353256337,automatic_candidate_needs_semantic_review,True,False
case,C0499-N01,圆形线圈电磁振动能量采集,1,8,F0009,Electromagnetic coil / Inductance / Wireless power transfer,0.7516186926245865,0.01588073768145759,automatic_candidate_needs_semantic_review,True,False
case,C0499-N01,圆形线圈电磁振动能量采集,2,267,F0268,Spring (device) / Vibration / Structural engineering,0.7357379549431289,0.01588073768145759,automatic_candidate_needs_semantic_review,True,False
case,C0499-N01,圆形线圈电磁振动能量采集,3,343,F0344,Generator (circuit theory) / Permanent magnet synchronous generator / Induction generator,0.7148078423904256,0.01588073768145759,automatic_candidate_needs_semantic_review,True,False
case,C0500-N01,辅助振子压电悬臂振动能量采集,1,267,F0268,Spring (device) / Vibration / Structural engineering,0.7408629858557512,0.03250070054162646,automatic_candidate_needs_semantic_review,True,False
case,C0500-N01,辅助振子压电悬臂振动能量采集,2,50,F0051,Harmonic / Acoustics / Harmonic analysis,0.7083622853141247,0.03250070054162646,automatic_candidate_needs_semantic_review,True,False
case,C0500-N01,辅助振子压电悬臂振动能量采集,3,343,F0344,Generator (circuit theory) / Permanent magnet synchronous generator / Induction generator,0.7049028863433253,0.03250070054162646,automatic_candidate_needs_semantic_review,True,False
case,C0501-N01,NaBFMB/TMPT单离子钠电解质传导,1,229,F0230,Electrolyte / Ionic conductivity / Conductivity,0.7411442766797818,0.033795843206175236,automatic_candidate_needs_semantic_review,True,False
case,C0501-N01,NaBFMB/TMPT单离子钠电解质传导,2,65,F0066,Nanotechnology / Nanoscopic scale / Nanopore,0.7073484334736065,0.033795843206175236,automatic_candidate_needs_semantic_review,True,False
case,C0501-N01,NaBFMB/TMPT单离子钠电解质传导,3,158,F0159,Faraday efficiency / Electrosynthesis / Formate,0.7039061378320656,0.033795843206175236,automatic_candidate_needs_semantic_review,True,False
case,C0502-N01,潮流能输出功率测量不确定度评定,1,400,F0401,Measure (data warehouse) / Instrumentation (computer programming) / Data mining,0.7056583138361459,0.0032825590201412957,automatic_candidate_needs_semantic_review,True,False
case,C0502-N01,潮流能输出功率测量不确定度评定,2,108,F0109,Wind power / Turbine / Wind speed,0.7023757548160046,0.0032825590201412957,automatic_candidate_needs_semantic_review,True,False
case,C0502-N01,潮流能输出功率测量不确定度评定,3,269,F0270,Transformer / Electrical engineering / Distribution transformer,0.6962746771088907,0.0032825590201412957,automatic_candidate_needs_semantic_review,True,False
case,C0504-N01,电动车并网深度强化学习电压控制,1,66,F0067,Reinforcement learning / Reinforcement / Artificial intelligence,0.8042707270241312,0.013924015882217922,automatic_candidate_needs_semantic_review,True,False
case,C0504-N01,电动车并网深度强化学习电压控制,2,315,F0316,Automotive engineering / Electric vehicle / Powertrain,0.7903467111419132,0.013924015882217922,automatic_candidate_needs_semantic_review,True,False
case,C0504-N01,电动车并网深度强化学习电压控制,3,202,F0203,AC power / Compensation (psychology) / Power factor,0.7675578951051981,0.013924015882217922,automatic_candidate_needs_semantic_review,True,False
case,C0507-N01,污泥后曝气鸟粪石析出平衡建模,1,323,F0324,Sewage sludge / Sewage / Sewage treatment,0.7361508698739214,0.01600521077837669,automatic_candidate_needs_semantic_review,True,False
case,C0507-N01,污泥后曝气鸟粪石析出平衡建模,2,33,F0034,Phosphorus / Black phosphorus / Phosphate,0.7201456590955447,0.01600521077837669,automatic_candidate_needs_semantic_review,True,False
case,C0507-N01,污泥后曝气鸟粪石析出平衡建模,3,445,F0446,Wastewater / Sewage treatment / Environmental engineering,0.6974669825695536,0.01600521077837669,automatic_candidate_needs_semantic_review,True,False
case,C0510-N01,缺陷氧化铟表面FLP光催化逆水煤气变换,1,279,F0280,Indium / Copper indium gallium selenide solar cells / Indium tin oxide,0.7326602755314615,0.0172830999473107,automatic_candidate_needs_semantic_review,True,False
case,C0510-N01,缺陷氧化铟表面FLP光催化逆水煤气变换,2,486,F0487,X-ray photoelectron spectroscopy / Raman spectroscopy / Spectroscopy,0.7153771755841508,0.0172830999473107,automatic_candidate_needs_semantic_review,True,False
case,C0510-N01,缺陷氧化铟表面FLP光催化逆水煤气变换,3,326,F0327,Photocatalysis / Catalysis / Chemical engineering,0.713090525640804,0.0172830999473107,automatic_candidate_needs_semantic_review,True,False
case,C0512-N01,微波超表面整流无线能量采集,1,346,F0347,Wireless / Telecommunications / Wireless power transfer,0.7566943818596642,0.016781138228485037,automatic_candidate_needs_semantic_review,True,False
case,C0512-N01,微波超表面整流无线能量采集,2,342,F0343,Electronics / Power electronics / Triboelectric effect,0.7399132436311792,0.016781138228485037,automatic_candidate_needs_semantic_review,True,False
case,C0512-N01,微波超表面整流无线能量采集,3,355,F0356,Range (aeronautics) / Extension (predicate logic) / Driving range,0.7371975779288129,0.016781138228485037,automatic_candidate_needs_semantic_review,True,False
case,C0513-N01,TEG/PVCap甲烷水合物生长抑制,1,303,F0304,Hydrogen / Hydrogen production / Hydrogen storage,0.7036229212071018,0.008959917322245547,automatic_candidate_needs_semantic_review,True,False
case,C0513-N01,TEG/PVCap甲烷水合物生长抑制,2,467,F0468,Volume (thermodynamics) / Microporous material / Activated carbon,0.6946630038848562,0.008959917322245547,automatic_candidate_needs_semantic_review,True,False
case,C0513-N01,TEG/PVCap甲烷水合物生长抑制,3,227,F0228,Durability / Development (topology) / Composite material,0.6943180076234623,0.008959917322245547,automatic_candidate_needs_semantic_review,True,False
case,C0514-N01,水泥预分解炉外置煤气化数值建模,1,188,F0189,Combustor / NOx / Gas turbines,0.7449231488859835,0.0013471820434328707,automatic_candidate_needs_semantic_review,True,False
case,C0514-N01,水泥预分解炉外置煤气化数值建模,2,128,F0129,Combustion / Coal / Oxygen,0.7435759668425507,0.0013471820434328707,automatic_candidate_needs_semantic_review,True,False
case,C0514-N01,水泥预分解炉外置煤气化数值建模,3,257,F0258,Char / Particle (ecology) / Particle size,0.7151402281335768,0.0013471820434328707,automatic_candidate_needs_semantic_review,True,False
case,C0515-N01,SDADPS复合反渗透膜脱盐,1,18,F0019,Membrane / Chemical engineering / Permeation,0.7344204088122037,0.02583831570622841,automatic_candidate_needs_semantic_review,True,False
case,C0515-N01,SDADPS复合反渗透膜脱盐,2,453,F0454,Wetting / Contact angle / Superhydrophilicity,0.7085820931059753,0.02583831570622841,automatic_candidate_needs_semantic_review,True,False
case,C0515-N01,SDADPS复合反渗透膜脱盐,3,12,F0013,Fabrication / Nanotechnology / Optoelectronics,0.7015063728179575,0.02583831570622841,automatic_candidate_needs_semantic_review,True,False
case,C0517-N01,CIM/OPC需求响应平台仿真接口,1,429,F0430,Interface (matter) / Embedded system / Computer hardware,0.6934997928726389,0.009043337483634173,automatic_candidate_needs_semantic_review,True,False
case,C0517-N01,CIM/OPC需求响应平台仿真接口,2,295,F0296,Software / Operating system / Software engineering,0.6844564553890047,0.009043337483634173,automatic_candidate_needs_semantic_review,True,False
case,C0517-N01,CIM/OPC需求响应平台仿真接口,3,348,F0349,Smart grid / IEC 61850 / Interoperability,0.6827354591906172,0.009043337483634173,automatic_candidate_needs_semantic_review,True,False
case,C0519-N01,陶瓷涂层聚乙烯隔膜抗压滥用验证,1,292,F0293,Separator (oil production) / Polyethylene / Polypropylene,0.794188656251423,0.02276488101092833,automatic_candidate_needs_semantic_review,True,False
case,C0519-N01,陶瓷涂层聚乙烯隔膜抗压滥用验证,2,116,F0117,Thermal runaway / Exothermic reaction / Overcharge,0.7714237752404947,0.02276488101092833,automatic_candidate_needs_semantic_review,True,False
case,C0519-N01,陶瓷涂层聚乙烯隔膜抗压滥用验证,3,436,F0437,Insulator (electricity) / Arc flash / Composite material,0.7477607432233343,0.02276488101092833,automatic_candidate_needs_semantic_review,True,False
case,C0520-N01,凝胶电解质超快极化离子传输机理,1,229,F0230,Electrolyte / Ionic conductivity / Conductivity,0.7488147543156024,0.010133696389350244,automatic_candidate_needs_semantic_review,True,False
case,C0520-N01,凝胶电解质超快极化离子传输机理,2,215,F0216,Ion / Ionic liquid / Ionic bonding,0.7386810579262522,0.010133696389350244,automatic_candidate_needs_semantic_review,True,False
case,C0520-N01,凝胶电解质超快极化离子传输机理,3,246,F0247,Chemical physics / Molecular dynamics / Dynamics (music),0.735257214019189,0.010133696389350244,automatic_candidate_needs_semantic_review,True,False
case,C0521-N01,PAN-PEO-LiClO4固态聚合物电解质传导,1,229,F0230,Electrolyte / Ionic conductivity / Conductivity,0.7489591678252703,0.0020012517677382435,automatic_candidate_needs_semantic_review,True,False
case,C0521-N01,PAN-PEO-LiClO4固态聚合物电解质传导,2,281,F0282,Polyaniline / Polymerization / Polymer,0.746957916057532,0.0020012517677382435,automatic_candidate_needs_semantic_review,True,False
case,C0521-N01,PAN-PEO-LiClO4固态聚合物电解质传导,3,37,F0038,Polymer / Copolymer / Polymer chemistry,0.7414065149215333,0.0020012517677382435,automatic_candidate_needs_semantic_review,True,False
case,C0524-N01,楼宇储能两阶段调度控制,1,201,F0202,Energy management / Energy management system / Operations management,0.7480911182278948,0.008649409228386418,automatic_candidate_needs_semantic_review,True,False
case,C0524-N01,楼宇储能两阶段调度控制,2,481,F0482,Energy storage / Thermal energy storage / Electrochemical energy storage,0.7394417089995083,0.008649409228386418,automatic_candidate_needs_semantic_review,True,False
case,C0524-N01,楼宇储能两阶段调度控制,3,82,F0083,Stage (stratigraphy) / Single stage / Operations management,0.7310554785296676,0.008649409228386418,automatic_candidate_needs_semantic_review,True,False
case,C0525-N01,储能选址定容混合整数线性规划,1,84,F0085,Sizing / Irrigation / Agricultural engineering,0.757682428597384,0.029390320781582657,automatic_candidate_needs_semantic_review,True,False
case,C0525-N01,储能选址定容混合整数线性规划,2,103,F0104,Mathematical optimization / Scheduling (production processes) / Economic dispatch,0.7282921078158013,0.029390320781582657,automatic_candidate_needs_semantic_review,True,False
case,C0525-N01,储能选址定容混合整数线性规划,3,313,F0314,Operations research / Penetration (warfare) / Operations management,0.7144787529619306,0.029390320781582657,automatic_candidate_needs_semantic_review,True,False
case,C0529-N01,溶剂辅助再结晶混合气相沉积钙钛矿成膜,1,141,F0142,Perovskite (structure) / Halide / Energy conversion efficiency,0.7783531945369383,0.03954284061417612,automatic_candidate_needs_semantic_review,True,False
case,C0529-N01,溶剂辅助再结晶混合气相沉积钙钛矿成膜,2,265,F0266,Photovoltaics / Nanotechnology / Building-integrated photovoltaics,0.7388103539227622,0.03954284061417612,automatic_candidate_needs_semantic_review,True,False
case,C0529-N01,溶剂辅助再结晶混合气相沉积钙钛矿成膜,3,132,F0133,Evaporation / Maple / Evaporator,0.7379513635253692,0.03954284061417612,automatic_candidate_needs_semantic_review,True,False
case,C0531-N01,钙钛矿老化漂移扩散与传输矩阵建模,1,141,F0142,Perovskite (structure) / Halide / Energy conversion efficiency,0.7475497011045457,0.013175178220078965,automatic_candidate_needs_semantic_review,True,False
case,C0531-N01,钙钛矿老化漂移扩散与传输矩阵建模,2,3,F0004,Radiation / Optics / Tilt (camera),0.7343745228844667,0.013175178220078965,automatic_candidate_needs_semantic_review,True,False
case,C0531-N01,钙钛矿老化漂移扩散与传输矩阵建模,3,437,F0438,Meteorology / Irradiance / Solar irradiance,0.7318293924367453,0.013175178220078965,automatic_candidate_needs_semantic_review,True,False
case,C0532-N01,考虑离子迁移的钙钛矿硅叠层测量建模,1,43,F0044,Tandem / Terminal (telecommunication) / Telecommunications,0.7471816204817538,0.017417011575098784,automatic_candidate_needs_semantic_review,True,False
case,C0532-N01,考虑离子迁移的钙钛矿硅叠层测量建模,2,141,F0142,Perovskite (structure) / Halide / Energy conversion efficiency,0.7297646089066551,0.017417011575098784,automatic_candidate_needs_semantic_review,True,False
case,C0532-N01,考虑离子迁移的钙钛矿硅叠层测量建模,3,397,F0398,Transient (computer programming) / Transient response / Transient analysis,0.7280516365638113,0.017417011575098784,automatic_candidate_needs_semantic_review,True,False
case,C0533-N01,GaN MOS-HEMT宽带小信号建模,1,231,F0232,Electronic engineering / Amplifier / CMOS,0.7166482268181149,0.00010177995916271776,automatic_candidate_needs_semantic_review,True,False
case,C0533-N01,GaN MOS-HEMT宽带小信号建模,2,324,F0325,Electronic circuit / Equivalent circuit / Spice,0.7165464468589522,0.00010177995916271776,automatic_candidate_needs_semantic_review,True,False
case,C0533-N01,GaN MOS-HEMT宽带小信号建模,3,427,F0428,Transistor / Optoelectronics / Semiconductor,0.7097396808877005,0.00010177995916271776,automatic_candidate_needs_semantic_review,True,False
case,C0535-N01,燃料电池离心空压机代理模型多目标设计,1,256,F0257,Gas compressor / Turbine / Impeller,0.7551423771338974,0.031569010375280926,automatic_candidate_needs_semantic_review,True,False
case,C0535-N01,燃料电池离心空压机代理模型多目标设计,2,241,F0242,Impeller / Centrifugal pump / Specific speed,0.7235733667586165,0.031569010375280926,automatic_candidate_needs_semantic_review,True,False
case,C0535-N01,燃料电池离心空压机代理模型多目标设计,3,290,F0291,Computational fluid dynamics / Solver / Fluent,0.710360698713608,0.031569010375280926,automatic_candidate_needs_semantic_review,True,False
case,C0540-N01,低压配电网在线电压调节,1,91,F0092,Regulator / Voltage regulator / Voltage regulation,0.7518113559281492,0.0008929053988406821,automatic_candidate_needs_semantic_review,True,False
case,C0540-N01,低压配电网在线电压调节,2,24,F0025,Grid / Smart grid / Power grid,0.7509184505293085,0.0008929053988406821,automatic_candidate_needs_semantic_review,True,False
case,C0540-N01,低压配电网在线电压调节,3,52,F0053,Distributed generation / Distributed computing / Islanding,0.743135861955005,0.0008929053988406821,automatic_candidate_needs_semantic_review,True,False
case,C0543-N01,电解制氢加氢站储罐压缩机运行仿真,1,303,F0304,Hydrogen / Hydrogen production / Hydrogen storage,0.7252966734471434,0.00522959597732775,automatic_candidate_needs_semantic_review,True,False
case,C0543-N01,电解制氢加氢站储罐压缩机运行仿真,2,221,F0222,Truck / Automotive engineering / Fuel efficiency,0.7200670774698157,0.00522959597732775,automatic_candidate_needs_semantic_review,True,False
case,C0543-N01,电解制氢加氢站储罐压缩机运行仿真,3,441,F0442,Production (economics) / Hydrogen production / Life-cycle assessment,0.7134396646660632,0.00522959597732775,automatic_candidate_needs_semantic_review,True,False
case,C0546-N01,铁氧体辐条永磁泵用电机设计,1,475,F0476,Torque / Magnet / Rotor (electric),0.7547301272944248,0.02069588034972769,automatic_candidate_needs_semantic_review,True,False
case,C0546-N01,铁氧体辐条永磁泵用电机设计,2,8,F0009,Electromagnetic coil / Inductance / Wireless power transfer,0.7340342469446971,0.02069588034972769,automatic_candidate_needs_semantic_review,True,False
case,C0546-N01,铁氧体辐条永磁泵用电机设计,3,133,F0134,Induction motor / Stator / Vector control,0.7190981523963504,0.02069588034972769,automatic_candidate_needs_semantic_review,True,False
case,C0549-N01,高压断路器并联电容介损诊断,1,47,F0048,Circuit breaker / Electrical engineering / Switchgear,0.727204842107248,0.01781309965630762,automatic_candidate_needs_semantic_review,True,False
case,C0549-N01,高压断路器并联电容介损诊断,2,321,F0322,Resistor / Electrical impedance / Metrology,0.7093917424509404,0.01781309965630762,automatic_candidate_needs_semantic_review,True,False
case,C0549-N01,高压断路器并联电容介损诊断,3,134,F0135,Fault (geology) / Fault detection and isolation / Fault indicator,0.6896994816470353,0.01781309965630762,automatic_candidate_needs_semantic_review,True,False
case,C0552-N01,混合直流微电网自适应能量控制,1,307,F0308,Microgrid / Voltage droop / Distributed generation,0.8100280949360948,0.025325328785278933,automatic_candidate_needs_semantic_review,True,False
case,C0552-N01,混合直流微电网自适应能量控制,2,201,F0202,Energy management / Energy management system / Operations management,0.7847027661508159,0.025325328785278933,automatic_candidate_needs_semantic_review,True,False
case,C0552-N01,混合直流微电网自适应能量控制,3,242,F0243,Modular design / High-voltage direct current / Capacitor,0.7614288335254531,0.025325328785278933,automatic_candidate_needs_semantic_review,True,False
case,C0556-N01,ZIF-8聚合物电纺膜锌负极保护,1,363,F0364,Zinc / Wurtzite crystal structure / Metallurgy,0.7705396525527637,0.050318115589101486,automatic_candidate_needs_semantic_review,True,False
case,C0556-N01,ZIF-8聚合物电纺膜锌负极保护,2,158,F0159,Faraday efficiency / Electrosynthesis / Formate,0.7202215369636622,0.050318115589101486,automatic_candidate_needs_semantic_review,True,False
case,C0556-N01,ZIF-8聚合物电纺膜锌负极保护,3,350,F0351,Anode / Electrochemistry / Electrode,0.7182390150469041,0.050318115589101486,automatic_candidate_needs_semantic_review,True,False
case,C0559-N01,PDMS壳聚糖复合表面雾水采集,1,76,F0077,Adsorption / Desorption / Activated carbon,0.7469050898529956,0.009922381754084442,automatic_candidate_needs_semantic_review,True,False
case,C0559-N01,PDMS壳聚糖复合表面雾水采集,2,453,F0454,Wetting / Contact angle / Superhydrophilicity,0.7369827080989112,0.009922381754084442,automatic_candidate_needs_semantic_review,True,False
case,C0559-N01,PDMS壳聚糖复合表面雾水采集,3,185,F0186,Sorption / Sorbent / Ion exchange,0.7333075115280904,0.009922381754084442,automatic_candidate_needs_semantic_review,True,False
case,C0562-N01,HFC152a及混配制冷剂循环应用,1,256,F0257,Gas compressor / Turbine / Impeller,0.7048357648476995,0.007618145978932178,automatic_candidate_needs_semantic_review,True,False
case,C0562-N01,HFC152a及混配制冷剂循环应用,2,431,F0432,Heat pump / Heat exchanger / Coefficient of performance,0.6972176188687673,0.007618145978932178,automatic_candidate_needs_semantic_review,True,False
case,C0562-N01,HFC152a及混配制冷剂循环应用,3,472,F0473,Humidity / Relative humidity / Evaporative cooler,0.6853852206357285,0.007618145978932178,automatic_candidate_needs_semantic_review,True,False
case,C0565-N01,ALD氧化铝包覆镍催化甲烷干重整,1,369,F0370,Catalysis / Electrocatalyst / Oxygen evolution,0.7626034243848053,0.00019473715453444118,automatic_candidate_needs_semantic_review,True,False
case,C0565-N01,ALD氧化铝包覆镍催化甲烷干重整,2,296,F0297,Selectivity / Fischer–Tropsch process / Syngas,0.7624086872302709,0.00019473715453444118,automatic_candidate_needs_semantic_review,True,False
case,C0565-N01,ALD氧化铝包覆镍催化甲烷干重整,3,88,F0089,Nitrate / Nitrite / Electrosynthesis,0.7529292902656722,0.00019473715453444118,automatic_candidate_needs_semantic_review,True,False
case,C0576-N01,Co-S-B双功能电极零间隙碱性电解,1,207,F0208,Electrolysis / Electrolysis of water / Alkaline water electrolysis,0.7863085853417784,0.0012683118015768269,automatic_candidate_needs_semantic_review,True,False
case,C0576-N01,Co-S-B双功能电极零间隙碱性电解,2,130,F0131,Cobalt / Cobalt oxide / Inorganic chemistry,0.7850402735402016,0.0012683118015768269,automatic_candidate_needs_semantic_review,True,False
case,C0576-N01,Co-S-B双功能电极零间隙碱性电解,3,28,F0029,Overpotential / Tafel equation / Oxygen evolution,0.7635261613452888,0.0012683118015768269,automatic_candidate_needs_semantic_review,True,False
case,C0579-N01,分段外转子同步磁阻电机代理建模,1,475,F0476,Torque / Magnet / Rotor (electric),0.7794047839608103,0.05407357271483515,automatic_candidate_needs_semantic_review,True,False
case,C0579-N01,分段外转子同步磁阻电机代理建模,2,133,F0134,Induction motor / Stator / Vector control,0.7253312112459751,0.05407357271483515,automatic_candidate_needs_semantic_review,True,False
case,C0579-N01,分段外转子同步磁阻电机代理建模,3,8,F0009,Electromagnetic coil / Inductance / Wireless power transfer,0.7226000179694094,0.05407357271483515,automatic_candidate_needs_semantic_review,True,False
case,C0582-N01,含时延孤岛微电网PI观测器协同调压,1,307,F0308,Microgrid / Voltage droop / Distributed generation,0.7529115616385759,0.006460473869960293,automatic_candidate_needs_semantic_review,True,False
case,C0582-N01,含时延孤岛微电网PI观测器协同调压,2,378,F0379,Control theory (sociology) / Controller (irrigation) / Control engineering,0.7464510877686156,0.006460473869960293,automatic_candidate_needs_semantic_review,True,False
case,C0582-N01,含时延孤岛微电网PI观测器协同调压,3,52,F0053,Distributed generation / Distributed computing / Islanding,0.7426312910159021,0.006460473869960293,automatic_candidate_needs_semantic_review,True,False
case,C0585-N01,温控狭缝涂布柔性有机光伏,1,127,F0128,Organic solar cell / Energy conversion efficiency / Acceptor,0.780748028440268,0.01718526364061912,automatic_candidate_needs_semantic_review,True,False
case,C0585-N01,温控狭缝涂布柔性有机光伏,2,265,F0266,Photovoltaics / Nanotechnology / Building-integrated photovoltaics,0.7635627647996489,0.01718526364061912,automatic_candidate_needs_semantic_review,True,False
case,C0585-N01,温控狭缝涂布柔性有机光伏,3,7,F0008,Solar cell / Optoelectronics / CZTS,0.762610779632161,0.01718526364061912,automatic_candidate_needs_semantic_review,True,False
case,C0588-N01,变电站爆破接地降阻,1,60,F0061,Foundation (evidence) / Pile / Hydrate,0.6806858121114303,0.0013873063529132867,automatic_candidate_needs_semantic_review,True,False
case,C0588-N01,变电站爆破接地降阻,2,47,F0048,Circuit breaker / Electrical engineering / Switchgear,0.679298505758517,0.0013873063529132867,automatic_candidate_needs_semantic_review,True,False
case,C0588-N01,变电站爆破接地降阻,3,479,F0480,Forensic engineering / Damages / Construction engineering,0.6712111623749981,0.0013873063529132867,automatic_candidate_needs_semantic_review,True,False
case,C0591-N01,无源分数阶电池等效电路建模,1,434,F0435,Waveform / Time domain / Frequency domain,0.7527704855031812,0.012639614259022491,automatic_candidate_needs_semantic_review,True,False
case,C0591-N01,无源分数阶电池等效电路建模,2,324,F0325,Electronic circuit / Equivalent circuit / Spice,0.7401308712441587,0.012639614259022491,automatic_candidate_needs_semantic_review,True,False
case,C0591-N01,无源分数阶电池等效电路建模,3,321,F0322,Resistor / Electrical impedance / Metrology,0.736463380049855,0.012639614259022491,automatic_candidate_needs_semantic_review,True,False
case,C0597-N01,SC-CNN-LSTM充电负荷预测,1,414,F0415,Artificial intelligence / Machine learning / Data mining,0.7447474890562839,0.010549814627101584,automatic_candidate_needs_semantic_review,True,False
case,C0597-N01,SC-CNN-LSTM充电负荷预测,2,252,F0253,Artificial neural network / Artificial intelligence / Machine learning,0.7341976744291823,0.010549814627101584,automatic_candidate_needs_semantic_review,True,False
case,C0597-N01,SC-CNN-LSTM充电负荷预测,3,97,F0098,Benchmark (surveying) / Benchmarking / VVER,0.7293109730771217,0.010549814627101584,automatic_candidate_needs_semantic_review,True,False
case,C0600-N01,PEI捕碳吸附剂NMR降解诊断,1,76,F0077,Adsorption / Desorption / Activated carbon,0.7215231999869565,0.006780303127702281,automatic_candidate_needs_semantic_review,True,False
case,C0600-N01,PEI捕碳吸附剂NMR降解诊断,2,185,F0186,Sorption / Sorbent / Ion exchange,0.7147428968592542,0.006780303127702281,automatic_candidate_needs_semantic_review,True,False
case,C0600-N01,PEI捕碳吸附剂NMR降解诊断,3,184,F0185,Absorption (acoustics) / Laser / Optics,0.7111244818755457,0.006780303127702281,automatic_candidate_needs_semantic_review,True,False
case,C0603-N01,溶胶凝胶ZnO太阳光催化染料降解,1,280,F0281,Nuclear chemistry / Methylene blue / Methylene,0.758648546232618,0.0074031179338256425,automatic_candidate_needs_semantic_review,True,False
case,C0603-N01,溶胶凝胶ZnO太阳光催化染料降解,2,244,F0245,Photodegradation / Rhodamine B / Methyl orange,0.7512454282987924,0.0074031179338256425,automatic_candidate_needs_semantic_review,True,False
case,C0603-N01,溶胶凝胶ZnO太阳光催化染料降解,3,450,F0451,Degradation (telecommunications) / Pollutant / Tetracycline,0.7257711162569934,0.0074031179338256425,automatic_candidate_needs_semantic_review,True,False
case,C0606-N01,岩石圈稳态三维地热温度建模,1,223,F0224,Geothermal gradient / Geothermal energy / Petroleum engineering,0.708159053898759,0.05117217671602914,automatic_candidate_needs_semantic_review,True,False
case,C0606-N01,岩石圈稳态三维地热温度建模,2,168,F0169,Thermal / Thermal energy storage / Phase-change material,0.6569868771827299,0.05117217671602914,automatic_candidate_needs_semantic_review,True,False
case,C0606-N01,岩石圈稳态三维地热温度建模,3,180,F0181,Geology / Geochemistry / Petroleum engineering,0.6490601961292349,0.05117217671602914,automatic_candidate_needs_semantic_review,True,False
case,C0609-N01,双电感非隔离部分功率直流变换,1,240,F0241,Topology (electrical circuits) / Network topology / Graph,0.7797927880141898,4.359963736133565e-05,automatic_candidate_needs_semantic_review,True,False
case,C0609-N01,双电感非隔离部分功率直流变换,2,55,F0056,Converters / Electronic engineering / Voltage,0.7797491883768285,4.359963736133565e-05,automatic_candidate_needs_semantic_review,True,False
case,C0609-N01,双电感非隔离部分功率直流变换,3,255,F0256,Inductor / Inductance / Ripple,0.7779808738431486,4.359963736133565e-05,automatic_candidate_needs_semantic_review,True,False
case,C0616-N01,PI/LLZTO纳米纤维隔膜锂金属界面稳定,1,292,F0293,Separator (oil production) / Polyethylene / Polypropylene,0.7846497253510116,0.058623645613859576,automatic_candidate_needs_semantic_review,True,False
case,C0616-N01,PI/LLZTO纳米纤维隔膜锂金属界面稳定,2,340,F0341,Lithium (medication) / Lithium metal / Lithium-ion battery,0.726026079737152,0.058623645613859576,automatic_candidate_needs_semantic_review,True,False
case,C0616-N01,PI/LLZTO纳米纤维隔膜锂金属界面稳定,3,158,F0159,Faraday efficiency / Electrosynthesis / Formate,0.7209062284553409,0.058623645613859576,automatic_candidate_needs_semantic_review,True,False
case,C0627-N01,永磁偏置环形功率电感设计,1,8,F0009,Electromagnetic coil / Inductance / Wireless power transfer,0.6804130534238283,0.007133347471888318,automatic_candidate_needs_semantic_review,True,False
case,C0627-N01,永磁偏置环形功率电感设计,2,34,F0035,Condensed matter physics / Ferromagnetism / Magnetization,0.67327970595194,0.007133347471888318,automatic_candidate_needs_semantic_review,True,False
case,C0627-N01,永磁偏置环形功率电感设计,3,255,F0256,Inductor / Inductance / Ripple,0.6727836874320786,0.007133347471888318,automatic_candidate_needs_semantic_review,True,False
case,C0632-N01,DDQN/PER电动车路径补能规划,1,66,F0067,Reinforcement learning / Reinforcement / Artificial intelligence,0.7458999698919571,0.01270543172206795,automatic_candidate_needs_semantic_review,True,False
case,C0632-N01,DDQN/PER电动车路径补能规划,2,315,F0316,Automotive engineering / Electric vehicle / Powertrain,0.7331945381698891,0.01270543172206795,automatic_candidate_needs_semantic_review,True,False
case,C0632-N01,DDQN/PER电动车路径补能规划,3,103,F0104,Mathematical optimization / Scheduling (production processes) / Economic dispatch,0.7224515374833895,0.01270543172206795,automatic_candidate_needs_semantic_review,True,False
case,C0637-N01,MMC电流传感器协同故障诊断,1,134,F0135,Fault (geology) / Fault detection and isolation / Fault indicator,0.7655361732587636,0.04212354795720885,automatic_candidate_needs_semantic_review,True,False
case,C0637-N01,MMC电流传感器协同故障诊断,2,242,F0243,Modular design / High-voltage direct current / Capacitor,0.7234126253015547,0.04212354795720885,automatic_candidate_needs_semantic_review,True,False
case,C0637-N01,MMC电流传感器协同故障诊断,3,266,F0267,Harmonics / Voltage sag / Power quality,0.7200793644650365,0.04212354795720885,automatic_candidate_needs_semantic_review,True,False
case,C0644-N01,微气泡水吸收再生分离二氧化碳,1,445,F0446,Wastewater / Sewage treatment / Environmental engineering,0.751796345385521,0.002777246869186234,automatic_candidate_needs_semantic_review,True,False
case,C0644-N01,微气泡水吸收再生分离二氧化碳,2,117,F0118,Biogas / Anaerobic digestion / Methane,0.7490190985163347,0.002777246869186234,automatic_candidate_needs_semantic_review,True,False
case,C0644-N01,微气泡水吸收再生分离二氧化碳,3,467,F0468,Volume (thermodynamics) / Microporous material / Activated carbon,0.7359958036089519,0.002777246869186234,automatic_candidate_needs_semantic_review,True,False
case,C0650-N01,热泵室外机空气旁通孔口测量模型,1,431,F0432,Heat pump / Heat exchanger / Coefficient of performance,0.7513142831463595,0.02543851971151223,automatic_candidate_needs_semantic_review,True,False
case,C0650-N01,热泵室外机空气旁通孔口测量模型,2,256,F0257,Gas compressor / Turbine / Impeller,0.7258757634348473,0.02543851971151223,automatic_candidate_needs_semantic_review,True,False
case,C0650-N01,热泵室外机空气旁通孔口测量模型,3,422,F0423,Overheating (electricity) / Electrical engineering / Thermal comfort,0.7178437139034589,0.02543851971151223,automatic_candidate_needs_semantic_review,True,False
case,C0661-N01,压电自供能无线SAW温度传感,1,346,F0347,Wireless / Telecommunications / Wireless power transfer,0.7305600569819135,0.029454734352391987,automatic_candidate_needs_semantic_review,True,False
case,C0661-N01,压电自供能无线SAW温度传感,2,231,F0232,Electronic engineering / Amplifier / CMOS,0.7011053226295215,0.029454734352391987,automatic_candidate_needs_semantic_review,True,False
case,C0661-N01,压电自供能无线SAW温度传感,3,123,F0124,Microwave / Attenuation / Microwave heating,0.6952881561763773,0.029454734352391987,automatic_candidate_needs_semantic_review,True,False
case,C0667-N01,储能电网调频控制软件,1,494,F0495,Electric power system / Phasor / Phasor measurement unit,0.7021071337461909,0.005694835094340656,automatic_candidate_needs_semantic_review,True,False
case,C0667-N01,储能电网调频控制软件,2,317,F0318,Control (management) / Control system / Artificial intelligence,0.6964122986518503,0.005694835094340656,automatic_candidate_needs_semantic_review,True,False
case,C0667-N01,储能电网调频控制软件,3,482,F0483,Robustness (evolution) / Robust control / Sliding mode control,0.687075882679218,0.005694835094340656,automatic_candidate_needs_semantic_review,True,False
case,C0673-N01,硫化物固态电解质连续机械化学制备,1,229,F0230,Electrolyte / Ionic conductivity / Conductivity,0.763121031901034,0.006742425142484021,automatic_candidate_needs_semantic_review,True,False
case,C0673-N01,硫化物固态电解质连续机械化学制备,2,301,F0302,Sulfide / Chalcopyrite / Bioleaching,0.75637860675855,0.006742425142484021,automatic_candidate_needs_semantic_review,True,False
case,C0673-N01,硫化物固态电解质连续机械化学制备,3,483,F0484,Sulfur / Polysulfide / Lithium–sulfur battery,0.7538206742531008,0.006742425142484021,automatic_candidate_needs_semantic_review,True,False
case,C0679-N01,FPGA选择性谐波消除及SPWM控制,1,49,F0050,Pulse-width modulation / Modulation (music) / Space vector modulation,0.7591309214108611,5.603109594698452e-05,automatic_candidate_needs_semantic_review,True,False
case,C0679-N01,FPGA选择性谐波消除及SPWM控制,2,110,F0111,Voltage / Inverter / Electrical engineering,0.7590748903149142,5.603109594698452e-05,automatic_candidate_needs_semantic_review,True,False
case,C0679-N01,FPGA选择性谐波消除及SPWM控制,3,55,F0056,Converters / Electronic engineering / Voltage,0.7415067112181034,5.603109594698452e-05,automatic_candidate_needs_semantic_review,True,False
case,C0685-N01,智能电表多层数据安全防护,1,36,F0037,Computer security / Cyber-physical system / Risk analysis (engineering),0.7941880035566939,0.04121915873830351,automatic_candidate_needs_semantic_review,True,False
case,C0685-N01,智能电表多层数据安全防护,2,348,F0349,Smart grid / IEC 61850 / Interoperability,0.7529688448183904,0.04121915873830351,automatic_candidate_needs_semantic_review,True,False
case,C0685-N01,智能电表多层数据安全防护,3,320,F0321,Metre / Electricity meter / Smart grid,0.7324481188516221,0.04121915873830351,automatic_candidate_needs_semantic_review,True,False
case,C0690-N01,知识图谱与案例推理电力应急调度,1,313,F0314,Operations research / Penetration (warfare) / Operations management,0.7168831126253095,0.004390145601882667,automatic_candidate_needs_semantic_review,True,False
case,C0690-N01,知识图谱与案例推理电力应急调度,2,109,F0110,Probabilistic logic / Probabilistic forecasting / Electric power system,0.7124929670234268,0.004390145601882667,automatic_candidate_needs_semantic_review,True,False
case,C0690-N01,知识图谱与案例推理电力应急调度,3,103,F0104,Mathematical optimization / Scheduling (production processes) / Economic dispatch,0.7108626498930415,0.004390145601882667,automatic_candidate_needs_semantic_review,True,False
case,C0657-N01,半桥电感电容模块化电芯均衡,1,242,F0243,Modular design / High-voltage direct current / Capacitor,0.746574729602322,0.002979642935886373,automatic_candidate_needs_semantic_review,True,False
case,C0657-N01,半桥电感电容模块化电芯均衡,2,240,F0241,Topology (electrical circuits) / Network topology / Graph,0.7435950866664356,0.002979642935886373,automatic_candidate_needs_semantic_review,True,False
case,C0657-N01,半桥电感电容模块化电芯均衡,3,110,F0111,Voltage / Inverter / Electrical engineering,0.7319197336913894,0.002979642935886373,automatic_candidate_needs_semantic_review,True,False
case,C0660-N01,热预处理耦合生物浸出电池黑粉回收,1,420,F0421,Copper / Leaching (pedology) / Metallurgy,0.7360724441849475,0.002943706467626317,automatic_candidate_needs_semantic_review,True,False
case,C0660-N01,热预处理耦合生物浸出电池黑粉回收,2,445,F0446,Wastewater / Sewage treatment / Environmental engineering,0.7331287377173212,0.002943706467626317,automatic_candidate_needs_semantic_review,True,False
case,C0660-N01,热预处理耦合生物浸出电池黑粉回收,3,496,F0497,Raw material / Pellets / Pellet,0.7322991457159131,0.002943706467626317,automatic_candidate_needs_semantic_review,True,False
case,C0697-N01,废PET衍生钾离子电池有机负极,1,350,F0351,Anode / Electrochemistry / Electrode,0.7505927140000339,0.0031017110058575437,automatic_candidate_needs_semantic_review,True,False
case,C0697-N01,废PET衍生钾离子电池有机负极,2,419,F0420,"PEDOT:PSS / Conductive polymer / Poly(3,4-ethylenedioxythiophene)",0.7474910029941764,0.0031017110058575437,automatic_candidate_needs_semantic_review,True,False
case,C0697-N01,废PET衍生钾离子电池有机负极,3,478,F0479,Redox / Electrochromism / Flow battery,0.7441623664683521,0.0031017110058575437,automatic_candidate_needs_semantic_review,True,False
case,C0703-N01,下射锅炉旋流燃烧器二次风角优化,1,188,F0189,Combustor / NOx / Gas turbines,0.7445713769004174,0.019042715571333413,automatic_candidate_needs_semantic_review,True,False
case,C0703-N01,下射锅炉旋流燃烧器二次风角优化,2,449,F0450,Boiler (water heating) / Waste management / Engineering,0.725528661329084,0.019042715571333413,automatic_candidate_needs_semantic_review,True,False
case,C0703-N01,下射锅炉旋流燃烧器二次风角优化,3,68,F0069,Mechanics / Flow (mathematics) / Physics,0.7020025455709564,0.019042715571333413,automatic_candidate_needs_semantic_review,True,False
case,C0708-N01,负载均衡电缆桥架支架布设,1,240,F0241,Topology (electrical circuits) / Network topology / Graph,0.6988952030613023,0.004934462877255186,automatic_candidate_needs_semantic_review,True,False
case,C0708-N01,负载均衡电缆桥架支架布设,2,361,F0362,Control reconfiguration / Heuristic / Shading,0.6939607401840471,0.004934462877255186,automatic_candidate_needs_semantic_review,True,False
case,C0708-N01,负载均衡电缆桥架支架布设,3,310,F0311,Line (geometry) / Electric power transmission / Transmission line,0.6938824774939523,0.004934462877255186,automatic_candidate_needs_semantic_review,True,False
case,C0713-N01,CNN-MLP/MPA电价预测,1,252,F0253,Artificial neural network / Artificial intelligence / Machine learning,0.7697165317496033,0.012468283665272084,automatic_candidate_needs_semantic_review,True,False
case,C0713-N01,CNN-MLP/MPA电价预测,2,97,F0098,Benchmark (surveying) / Benchmarking / VVER,0.7572482480843312,0.012468283665272084,automatic_candidate_needs_semantic_review,True,False
case,C0713-N01,CNN-MLP/MPA电价预测,3,414,F0415,Artificial intelligence / Machine learning / Data mining,0.7539776264953802,0.012468283665272084,automatic_candidate_needs_semantic_review,True,False
case,C0718-N01,RNN灰色关联配电规划可靠性建模,1,214,F0215,Redundancy (engineering) / Fault tolerance / Observability,0.7482501810113645,0.0022848559361473564,automatic_candidate_needs_semantic_review,True,False
case,C0718-N01,RNN灰色关联配电规划可靠性建模,2,379,F0380,Reliability (semiconductor) / Reliability engineering / Engineering,0.7459653250752172,0.0022848559361473564,automatic_candidate_needs_semantic_review,True,False
case,C0718-N01,RNN灰色关联配电规划可靠性建模,3,252,F0253,Artificial neural network / Artificial intelligence / Machine learning,0.7388103853467198,0.0022848559361473564,automatic_candidate_needs_semantic_review,True,False
case,C0725-N01,沸石催化废塑料热解与余热发电,1,345,F0346,Pyrolysis / Biomass (ecology) / Biochar,0.764542521563335,0.015473433337527598,automatic_candidate_needs_semantic_review,True,False
case,C0725-N01,沸石催化废塑料热解与余热发电,2,496,F0497,Raw material / Pellets / Pellet,0.7490690882258074,0.015473433337527598,automatic_candidate_needs_semantic_review,True,False
case,C0725-N01,沸石催化废塑料热解与余热发电,3,402,F0403,Coke / Zeolite / Coal,0.7437614683924192,0.015473433337527598,automatic_candidate_needs_semantic_review,True,False
case,C0737-N01,SVC/TCSC联合无功补偿控制,1,378,F0379,Control theory (sociology) / Controller (irrigation) / Control engineering,0.7385790486512546,0.00866452864728684,automatic_candidate_needs_semantic_review,True,False
case,C0737-N01,SVC/TCSC联合无功补偿控制,2,494,F0495,Electric power system / Phasor / Phasor measurement unit,0.7299145200039677,0.00866452864728684,automatic_candidate_needs_semantic_review,True,False
case,C0737-N01,SVC/TCSC联合无功补偿控制,3,421,F0422,Stability (learning theory) / Margin (machine learning) / Electronic stability control,0.7297465122634266,0.00866452864728684,automatic_candidate_needs_semantic_review,True,False
case,C0742-N01,硫醇修饰Ru/rGO氮气电还原制氨,1,88,F0089,Nitrate / Nitrite / Electrosynthesis,0.7673649346914504,0.004404402961905807,automatic_candidate_needs_semantic_review,True,False
case,C0742-N01,硫醇修饰Ru/rGO氮气电还原制氨,2,392,F0393,Surface modification / Biocompatibility / Drug delivery,0.7629605317295446,0.004404402961905807,automatic_candidate_needs_semantic_review,True,False
case,C0742-N01,硫醇修饰Ru/rGO氮气电还原制氨,3,369,F0370,Catalysis / Electrocatalyst / Oxygen evolution,0.7584229568152068,0.004404402961905807,automatic_candidate_needs_semantic_review,True,False
case,C0747-N01,PLC/IoT轻量认证与本地入侵检测,1,36,F0037,Computer security / Cyber-physical system / Risk analysis (engineering),0.7663342702236938,0.05218838320764296,automatic_candidate_needs_semantic_review,True,False
case,C0747-N01,PLC/IoT轻量认证与本地入侵检测,2,429,F0430,Interface (matter) / Embedded system / Computer hardware,0.7141458870160509,0.05218838320764296,automatic_candidate_needs_semantic_review,True,False
case,C0747-N01,PLC/IoT轻量认证与本地入侵检测,3,314,F0315,SCADA / Nacelle / Supervisory control,0.7135764049261708,0.05218838320764296,automatic_candidate_needs_semantic_review,True,False
case,W001,WindFloat Atlantic三台WindFloat T浮式平台,1,183,F0184,Offshore wind power / Submarine pipeline / Marine engineering,0.7090459939310704,0.031836915051096204,automatic_candidate_needs_semantic_review,True,False
case,W001,WindFloat Atlantic三台WindFloat T浮式平台,2,108,F0109,Wind power / Turbine / Wind speed,0.6772090788799742,0.031836915051096204,automatic_candidate_needs_semantic_review,True,False
case,W001,WindFloat Atlantic三台WindFloat T浮式平台,3,362,F0363,Marine engineering / Aerospace engineering / Propulsion,0.6688695465163623,0.031836915051096204,automatic_candidate_needs_semantic_review,True,False
case,W002,格力大小容积切换家用多联机49套应用,1,256,F0257,Gas compressor / Turbine / Impeller,0.6714832008429393,0.006200188845552623,automatic_candidate_needs_semantic_review,True,False
case,W002,格力大小容积切换家用多联机49套应用,2,255,F0256,Inductor / Inductance / Ripple,0.6652830119973867,0.006200188845552623,automatic_candidate_needs_semantic_review,True,False
case,W002,格力大小容积切换家用多联机49套应用,3,55,F0056,Converters / Electronic engineering / Voltage,0.6641770219928962,0.006200188845552623,automatic_candidate_needs_semantic_review,True,False
case,W003,特锐德成都公交群智能充电网络,1,315,F0316,Automotive engineering / Electric vehicle / Powertrain,0.6997026770383488,0.009770736745617459,automatic_candidate_needs_semantic_review,True,False
case,W003,特锐德成都公交群智能充电网络,2,208,F0209,Transport engineering / Public transport / Environmental economics,0.6899319402927313,0.009770736745617459,automatic_candidate_needs_semantic_review,True,False
case,W003,特锐德成都公交群智能充电网络,3,276,F0277,Mains electricity / Backup / Switched-mode power supply,0.6853810943109306,0.009770736745617459,automatic_candidate_needs_semantic_review,True,False
case,W004,共济XVAC精密空调控制柜京南云10台应用,1,22,F0023,Architectural engineering / Efficient energy use / Air conditioning,0.6933645635783096,0.0013407279654928939,automatic_candidate_needs_semantic_review,True,False
case,W004,共济XVAC精密空调控制柜京南云10台应用,2,256,F0257,Gas compressor / Turbine / Impeller,0.6920238356128167,0.0013407279654928939,automatic_candidate_needs_semantic_review,True,False
case,W004,共济XVAC精密空调控制柜京南云10台应用,3,422,F0423,Overheating (electricity) / Electrical engineering / Thermal comfort,0.6863482180333722,0.0013407279654928939,automatic_candidate_needs_semantic_review,True,False
case,W005,华厚RED-HOO相变储热26套供暖应用,1,168,F0169,Thermal / Thermal energy storage / Phase-change material,0.6901092697723367,0.008483284076983177,automatic_candidate_needs_semantic_review,True,False
case,W005,华厚RED-HOO相变储热26套供暖应用,2,481,F0482,Energy storage / Thermal energy storage / Electrochemical energy storage,0.6816259856953535,0.008483284076983177,automatic_candidate_needs_semantic_review,True,False
case,W005,华厚RED-HOO相变储热26套供暖应用,3,422,F0423,Overheating (electricity) / Electrical engineering / Thermal comfort,0.6791499612907327,0.008483284076983177,automatic_candidate_needs_semantic_review,True,False
case,W006,华航HSRT三台向心式ORC余热发电,1,233,F0234,Organic Rankine cycle / Waste heat / Degree Rankine,0.7333550476423624,0.03631638914510149,automatic_candidate_needs_semantic_review,True,False
case,W006,华航HSRT三台向心式ORC余热发电,2,417,F0418,Process engineering / Exergy / Exergy efficiency,0.6970386584972609,0.03631638914510149,automatic_candidate_needs_semantic_review,True,False
case,W006,华航HSRT三台向心式ORC余热发电,3,470,F0471,Electricity generation / Electricity system / Microbial fuel cell,0.6942979844397471,0.03631638914510149,automatic_candidate_needs_semantic_review,True,False
case,W007,德邦热水型溴化锂制冷余热改造,1,72,F0073,Process (computing) / Identification (biology) / Product (mathematics),0.6832482943218404,0.007469417321848804,automatic_candidate_needs_semantic_review,True,False
case,W007,德邦热水型溴化锂制冷余热改造,2,192,F0193,Desalination / Solar desalination / Environmental engineering,0.6757788769999916,0.007469417321848804,automatic_candidate_needs_semantic_review,True,False
case,W007,德邦热水型溴化锂制冷余热改造,3,59,F0060,Coolant / Blanket / Stack (abstract data type),0.6704154573938013,0.007469417321848804,automatic_candidate_needs_semantic_review,True,False
case,W008,哈锅常熟3×650MW锅炉升参数改造,1,449,F0450,Boiler (water heating) / Waste management / Engineering,0.7045886619240744,0.020688989789076073,automatic_candidate_needs_semantic_review,True,False
case,W008,哈锅常熟3×650MW锅炉升参数改造,2,422,F0423,Overheating (electricity) / Electrical engineering / Thermal comfort,0.6838996721349984,0.020688989789076073,automatic_candidate_needs_semantic_review,True,False
case,W008,哈锅常熟3×650MW锅炉升参数改造,3,72,F0073,Process (computing) / Identification (biology) / Product (mathematics),0.6785223615235996,0.020688989789076073,automatic_candidate_needs_semantic_review,True,False
case,W009,誉特双菏泽富海20MW汽轮机通流EMC改造,1,256,F0257,Gas compressor / Turbine / Impeller,0.691427437968323,0.0006764436594138834,automatic_candidate_needs_semantic_review,True,False
case,W009,誉特双菏泽富海20MW汽轮机通流EMC改造,2,387,F0388,Power station / Thermal power station / Combined cycle,0.6907509943089091,0.0006764436594138834,automatic_candidate_needs_semantic_review,True,False
case,W009,誉特双菏泽富海20MW汽轮机通流EMC改造,3,72,F0073,Process (computing) / Identification (biology) / Product (mathematics),0.6876007301935332,0.0006764436594138834,automatic_candidate_needs_semantic_review,True,False
case,W010,清创晋华临猗水冷壁废锅水煤浆气化改造,1,72,F0073,Process (computing) / Identification (biology) / Product (mathematics),0.6422485856394575,0.003502083390550581,automatic_candidate_needs_semantic_review,True,False
case,W010,清创晋华临猗水冷壁废锅水煤浆气化改造,2,496,F0497,Raw material / Pellets / Pellet,0.6387465022489069,0.003502083390550581,automatic_candidate_needs_semantic_review,True,False
case,W010,清创晋华临猗水冷壁废锅水煤浆气化改造,3,449,F0450,Boiler (water heating) / Waste management / Engineering,0.635683043755986,0.003502083390550581,automatic_candidate_needs_semantic_review,True,False
case,W011,Pelham储能项目26台Sunny Central Storage 2475,1,481,F0482,Energy storage / Thermal energy storage / Electrochemical energy storage,0.6763922752856184,0.022264625162252694,automatic_candidate_needs_semantic_review,True,False
case,W011,Pelham储能项目26台Sunny Central Storage 2475,2,138,F0139,Battery (electricity) / Lithium-ion battery / State of charge,0.6541276501233657,0.022264625162252694,automatic_candidate_needs_semantic_review,True,False
case,W011,Pelham储能项目26台Sunny Central Storage 2475,3,84,F0085,Sizing / Irrigation / Agricultural engineering,0.6492930888786032,0.022264625162252694,automatic_candidate_needs_semantic_review,True,False
case,W012,REFHYNE莱茵炼厂10MW PEM电解系统,1,441,F0442,Production (economics) / Hydrogen production / Life-cycle assessment,0.685250703894992,0.00199531967677935,automatic_candidate_needs_semantic_review,True,False
case,W012,REFHYNE莱茵炼厂10MW PEM电解系统,2,489,F0490,Gasoline / Petroleum / Waste management,0.6832553842182126,0.00199531967677935,automatic_candidate_needs_semantic_review,True,False
case,W012,REFHYNE莱茵炼厂10MW PEM电解系统,3,119,F0120,Commercialization / Nanotechnology / Marketing,0.6745456852498821,0.00199531967677935,automatic_candidate_needs_semantic_review,True,False
case,W013,Lingen PEM制氢至Evonik的初次工业供氢路线,1,303,F0304,Hydrogen / Hydrogen production / Hydrogen storage,0.6607047123453282,0.012692781663245833,automatic_candidate_needs_semantic_review,True,False
case,W013,Lingen PEM制氢至Evonik的初次工业供氢路线,2,441,F0442,Production (economics) / Hydrogen production / Life-cycle assessment,0.6480119306820824,0.012692781663245833,automatic_candidate_needs_semantic_review,True,False
case,W013,Lingen PEM制氢至Evonik的初次工业供氢路线,3,21,F0022,Business / Environmental economics / Economics,0.6388131373380226,0.012692781663245833,automatic_candidate_needs_semantic_review,True,False
case,W014,Hornsdale一期100MW储能调频服务系统,1,276,F0277,Mains electricity / Backup / Switched-mode power supply,0.6697940247856343,0.008759961324800947,automatic_candidate_needs_semantic_review,True,False
case,W014,Hornsdale一期100MW储能调频服务系统,2,349,F0350,Hydropower / Hydroelectricity / Small hydro,0.6610340634608334,0.008759961324800947,automatic_candidate_needs_semantic_review,True,False
case,W014,Hornsdale一期100MW储能调频服务系统,3,177,F0178,Power (physics) / Electrical engineering / Engineering,0.6539985674686766,0.008759961324800947,automatic_candidate_needs_semantic_review,True,False
case,W015,Sleipner Utsira地层二氧化碳注入封存,1,180,F0181,Geology / Geochemistry / Petroleum engineering,0.6220392990196865,0.0032314274832452305,automatic_candidate_needs_semantic_review,True,False
case,W015,Sleipner Utsira地层二氧化碳注入封存,2,375,F0376,Aquifer / Groundwater / Hydrology (agriculture),0.6188078715364412,0.0032314274832452305,automatic_candidate_needs_semantic_review,True,False
case,W015,Sleipner Utsira地层二氧化碳注入封存,3,492,F0493,Pipeline (software) / Petroleum engineering / Pipeline transport,0.6171161779964222,0.0032314274832452305,automatic_candidate_needs_semantic_review,True,False
case,W016,Danucem TURBODEN 50 HR余热ORC及修复服务,1,233,F0234,Organic Rankine cycle / Waste heat / Degree Rankine,0.6669216978962654,0.0004934112844025007,automatic_candidate_needs_semantic_review,True,False
case,W016,Danucem TURBODEN 50 HR余热ORC及修复服务,2,387,F0388,Power station / Thermal power station / Combined cycle,0.6664282866118629,0.0004934112844025007,automatic_candidate_needs_semantic_review,True,False
case,W016,Danucem TURBODEN 50 HR余热ORC及修复服务,3,260,F0261,Environmental science / Waste management / Engineering,0.6586356789391317,0.0004934112844025007,automatic_candidate_needs_semantic_review,True,False
case,W017,HeliaSol西门子能源纽伦堡工厂立面太阳能薄膜,1,265,F0266,Photovoltaics / Nanotechnology / Building-integrated photovoltaics,0.6550278848252157,0.0100697534064762,automatic_candidate_needs_semantic_review,True,False
case,W017,HeliaSol西门子能源纽伦堡工厂立面太阳能薄膜,2,245,F0246,Solar energy / Optics / Solar power,0.6449581314187395,0.0100697534064762,automatic_candidate_needs_semantic_review,True,False
case,W017,HeliaSol西门子能源纽伦堡工厂立面太阳能薄膜,3,119,F0120,Commercialization / Nanotechnology / Marketing,0.6368428746385342,0.0100697534064762,automatic_candidate_needs_semantic_review,True,False
case,W018,嘉轩丁集矿永磁直驱电动滚筒两套应用,1,75,F0076,Electrical conductor / Conductor / Conductivity,0.6634256811951657,0.002249065345327206,automatic_candidate_needs_semantic_review,True,False
case,W018,嘉轩丁集矿永磁直驱电动滚筒两套应用,2,488,F0489,Traction (geology) / Automotive engineering / Traction motor,0.6611766158498384,0.002249065345327206,automatic_candidate_needs_semantic_review,True,False
case,W018,嘉轩丁集矿永磁直驱电动滚筒两套应用,3,72,F0073,Process (computing) / Identification (biology) / Product (mathematics),0.6600591623580048,0.002249065345327206,automatic_candidate_needs_semantic_review,True,False
direction,TD-bc9274e0e45f,电池冷却与散热,1,72,F0073,Process (computing) / Identification (biology) / Product (mathematics),0.6844982101235744,0.008380425233206146,automatic_candidate_needs_semantic_review,True,False
direction,TD-bc9274e0e45f,电池冷却与散热,2,302,F0303,Function (biology) / Basis (linear algebra) / Transfer function,0.6761177848903682,0.008380425233206146,automatic_candidate_needs_semantic_review,True,False
direction,TD-bc9274e0e45f,电池冷却与散热,3,474,F0475,Computer science / Engineering / Artificial intelligence,0.6736392453574718,0.008380425233206146,automatic_candidate_needs_semantic_review,True,False
direction,TD-ea4641969b13,电池低温预热,1,72,F0073,Process (computing) / Identification (biology) / Product (mathematics),0.6618825491251585,0.007507160954072223,automatic_candidate_needs_semantic_review,True,False
direction,TD-ea4641969b13,电池低温预热,2,138,F0139,Battery (electricity) / Lithium-ion battery / State of charge,0.6543753881710863,0.007507160954072223,automatic_candidate_needs_semantic_review,True,False
direction,TD-ea4641969b13,电池低温预热,3,113,F0114,Unit (ring theory) / Power system simulation / Power unit,0.6525039902951528,0.007507160954072223,automatic_candidate_needs_semantic_review,True,False
direction,TD-ee1e6c2fcf95,充电设施散热,1,72,F0073,Process (computing) / Identification (biology) / Product (mathematics),0.6798354714430499,0.0032637098535602815,automatic_candidate_needs_semantic_review,True,False
direction,TD-ee1e6c2fcf95,充电设施散热,2,113,F0114,Unit (ring theory) / Power system simulation / Power unit,0.6765717615894896,0.0032637098535602815,automatic_candidate_needs_semantic_review,True,False
direction,TD-ee1e6c2fcf95,充电设施散热,3,422,F0423,Overheating (electricity) / Electrical engineering / Thermal comfort,0.670896160658806,0.0032637098535602815,automatic_candidate_needs_semantic_review,True,False
direction,TD-d5098a789e1b,电池热失控与传播,1,72,F0073,Process (computing) / Identification (biology) / Product (mathematics),0.6909760249196731,0.0035849091206340278,automatic_candidate_needs_semantic_review,True,False
direction,TD-d5098a789e1b,电池热失控与传播,2,302,F0303,Function (biology) / Basis (linear algebra) / Transfer function,0.6873911157990391,0.0035849091206340278,automatic_candidate_needs_semantic_review,True,False
direction,TD-d5098a789e1b,电池热失控与传播,3,474,F0475,Computer science / Engineering / Artificial intelligence,0.6788691318811003,0.0035849091206340278,automatic_candidate_needs_semantic_review,True,False
direction,TD-2ebc72669b63,电池火灾抑制与灭火,1,72,F0073,Process (computing) / Identification (biology) / Product (mathematics),0.6632436425993731,0.0035708562833233204,automatic_candidate_needs_semantic_review,True,False
direction,TD-2ebc72669b63,电池火灾抑制与灭火,2,302,F0303,Function (biology) / Basis (linear algebra) / Transfer function,0.6596727863160498,0.0035708562833233204,automatic_candidate_needs_semantic_review,True,False
direction,TD-2ebc72669b63,电池火灾抑制与灭火,3,113,F0114,Unit (ring theory) / Power system simulation / Power unit,0.6492633006771178,0.0035708562833233204,automatic_candidate_needs_semantic_review,True,False
direction,TD-6a80fa303b1f,电池荷电状态估计,1,138,F0139,Battery (electricity) / Lithium-ion battery / State of charge,0.6966822762646547,0.006041529663323164,automatic_candidate_needs_semantic_review,True,False
direction,TD-6a80fa303b1f,电池荷电状态估计,2,302,F0303,Function (biology) / Basis (linear algebra) / Transfer function,0.6906407466013316,0.006041529663323164,automatic_candidate_needs_semantic_review,True,False
direction,TD-6a80fa303b1f,电池荷电状态估计,3,72,F0073,Process (computing) / Identification (biology) / Product (mathematics),0.6823588743068325,0.006041529663323164,automatic_candidate_needs_semantic_review,True,False
direction,TD-7006106bb1f8,电池健康状态与寿命预测,1,302,F0303,Function (biology) / Basis (linear algebra) / Transfer function,0.67162191558075,0.004165095619608983,automatic_candidate_needs_semantic_review,True,False
direction,TD-7006106bb1f8,电池健康状态与寿命预测,2,289,F0290,Service (business) / Marketing / Telecommunications,0.667456819961141,0.004165095619608983,automatic_candidate_needs_semantic_review,True,False
direction,TD-7006106bb1f8,电池健康状态与寿命预测,3,138,F0139,Battery (electricity) / Lithium-ion battery / State of charge,0.6654206247743726,0.004165095619608983,automatic_candidate_needs_semantic_review,True,False
direction,TD-366f2d3585db,电池等效电路与参数辨识,1,302,F0303,Function (biology) / Basis (linear algebra) / Transfer function,0.6878283932651058,0.0089613546620404,automatic_candidate_needs_semantic_review,True,False
direction,TD-366f2d3585db,电池等效电路与参数辨识,2,72,F0073,Process (computing) / Identification (biology) / Product (mathematics),0.6788670386030654,0.0089613546620404,automatic_candidate_needs_semantic_review,True,False
direction,TD-366f2d3585db,电池等效电路与参数辨识,3,324,F0325,Electronic circuit / Equivalent circuit / Spice,0.6736663587810273,0.0089613546620404,automatic_candidate_needs_semantic_review,True,False
direction,TD-9040e618a512,动力电池梯次利用,1,302,F0303,Function (biology) / Basis (linear algebra) / Transfer function,0.6781860502563135,0.009461571373417299,automatic_candidate_needs_semantic_review,True,False
direction,TD-9040e618a512,动力电池梯次利用,2,72,F0073,Process (computing) / Identification (biology) / Product (mathematics),0.6687244788828962,0.009461571373417299,automatic_candidate_needs_semantic_review,True,False
direction,TD-9040e618a512,动力电池梯次利用,3,474,F0475,Computer science / Engineering / Artificial intelligence,0.6662869738344251,0.009461571373417299,automatic_candidate_needs_semantic_review,True,False
direction,TD-d70643a25962,电池单体均衡控制,1,302,F0303,Function (biology) / Basis (linear algebra) / Transfer function,0.6783310314245684,0.0038518586576018476,automatic_candidate_needs_semantic_review,True,False
direction,TD-d70643a25962,电池单体均衡控制,2,317,F0318,Control (management) / Control system / Artificial intelligence,0.6744791727669666,0.0038518586576018476,automatic_candidate_needs_semantic_review,True,False
direction,TD-d70643a25962,电池单体均衡控制,3,113,F0114,Unit (ring theory) / Power system simulation / Power unit,0.6721689946669943,0.0038518586576018476,automatic_candidate_needs_semantic_review,True,False
direction,TD-89555b2b407a,电池阻抗表征,1,302,F0303,Function (biology) / Basis (linear algebra) / Transfer function,0.6657070114626208,0.0002158890346698472,automatic_candidate_needs_semantic_review,True,False
direction,TD-89555b2b407a,电池阻抗表征,2,474,F0475,Computer science / Engineering / Artificial intelligence,0.6654911224279509,0.0002158890346698472,automatic_candidate_needs_semantic_review,True,False
direction,TD-89555b2b407a,电池阻抗表征,3,72,F0073,Process (computing) / Identification (biology) / Product (mathematics),0.6637502107963622,0.0002158890346698472,automatic_candidate_needs_semantic_review,True,False
direction,TD-2fcf8c8538a6,电池老化实验与循环寿命,1,302,F0303,Function (biology) / Basis (linear algebra) / Transfer function,0.6672856237417378,0.0009313072467881378,automatic_candidate_needs_semantic_review,True,False
direction,TD-2fcf8c8538a6,电池老化实验与循环寿命,2,72,F0073,Process (computing) / Identification (biology) / Product (mathematics),0.6663543164949497,0.0009313072467881378,automatic_candidate_needs_semantic_review,True,False
direction,TD-2fcf8c8538a6,电池老化实验与循环寿命,3,474,F0475,Computer science / Engineering / Artificial intelligence,0.6617759521632121,0.0009313072467881378,automatic_candidate_needs_semantic_review,True,False
direction,TD-d2da57e12402,固态聚合物锂电解质,1,474,F0475,Computer science / Engineering / Artificial intelligence,0.643118587417582,0.00077216951921244,automatic_candidate_needs_semantic_review,True,False
direction,TD-d2da57e12402,固态聚合物锂电解质,2,72,F0073,Process (computing) / Identification (biology) / Product (mathematics),0.6423464178983695,0.00077216951921244,automatic_candidate_needs_semantic_review,True,False
direction,TD-d2da57e12402,固态聚合物锂电解质,3,415,F0416,Chemistry / Organic chemistry / Nuclear chemistry,0.6313772241993587,0.00077216951921244,automatic_candidate_needs_semantic_review,True,False
direction,TD-0202c7239fab,凝胶聚合物锂电解质,1,72,F0073,Process (computing) / Identification (biology) / Product (mathematics),0.6399402638690451,0.0010600689411189856,automatic_candidate_needs_semantic_review,True,False
direction,TD-0202c7239fab,凝胶聚合物锂电解质,2,474,F0475,Computer science / Engineering / Artificial intelligence,0.6388801949279261,0.0010600689411189856,automatic_candidate_needs_semantic_review,True,False
direction,TD-0202c7239fab,凝胶聚合物锂电解质,3,415,F0416,Chemistry / Organic chemistry / Nuclear chemistry,0.6309795311958449,0.0010600689411189856,automatic_candidate_needs_semantic_review,True,False
direction,TD-6340d8da0763,电池隔膜制备与改性,1,72,F0073,Process (computing) / Identification (biology) / Product (mathematics),0.679355706040442,0.007888436236642482,automatic_candidate_needs_semantic_review,True,False
direction,TD-6340d8da0763,电池隔膜制备与改性,2,474,F0475,Computer science / Engineering / Artificial intelligence,0.6714672698037996,0.007888436236642482,automatic_candidate_needs_semantic_review,True,False
direction,TD-6340d8da0763,电池隔膜制备与改性,3,302,F0303,Function (biology) / Basis (linear algebra) / Transfer function,0.6707996435025254,0.007888436236642482,automatic_candidate_needs_semantic_review,True,False
direction,TD-dbc64cde7e29,电池电极粘结剂,1,72,F0073,Process (computing) / Identification (biology) / Product (mathematics),0.6583188379507295,0.004567519385312302,automatic_candidate_needs_semantic_review,True,False
direction,TD-dbc64cde7e29,电池电极粘结剂,2,474,F0475,Computer science / Engineering / Artificial intelligence,0.6537513185654172,0.004567519385312302,automatic_candidate_needs_semantic_review,True,False
direction,TD-dbc64cde7e29,电池电极粘结剂,3,164,F0165,Compatibility (geochemistry) / Solid-state / Electromagnetic compatibility,0.6517217580364757,0.004567519385312302,automatic_candidate_needs_semantic_review,True,False
direction,TD-fb78d11d81a2,二次电池电解液添加剂与配方,1,72,F0073,Process (computing) / Identification (biology) / Product (mathematics),0.6529992867667367,0.005224858223124129,automatic_candidate_needs_semantic_review,True,False
direction,TD-fb78d11d81a2,二次电池电解液添加剂与配方,2,415,F0416,Chemistry / Organic chemistry / Nuclear chemistry,0.6477744285436126,0.005224858223124129,automatic_candidate_needs_semantic_review,True,False
direction,TD-fb78d11d81a2,二次电池电解液添加剂与配方,3,474,F0475,Computer science / Engineering / Artificial intelligence,0.6446221811352946,0.005224858223124129,automatic_candidate_needs_semantic_review,True,False
direction,TD-ff82004cc0d2,锂金属负极界面稳定与枝晶抑制,1,72,F0073,Process (computing) / Identification (biology) / Product (mathematics),0.6594077405691945,0.005995345054151668,automatic_candidate_needs_semantic_review,True,False
direction,TD-ff82004cc0d2,锂金属负极界面稳定与枝晶抑制,2,474,F0475,Computer science / Engineering / Artificial intelligence,0.6534123955150428,0.005995345054151668,automatic_candidate_needs_semantic_review,True,False
direction,TD-ff82004cc0d2,锂金属负极界面稳定与枝晶抑制,3,302,F0303,Function (biology) / Basis (linear algebra) / Transfer function,0.6461881945706114,0.005995345054151668,automatic_candidate_needs_semantic_review,True,False
direction,TD-001db14937c9,钠离子电池负极材料,1,340,F0341,Lithium (medication) / Lithium metal / Lithium-ion battery,0.6494065265421196,0.006735800598450692,automatic_candidate_needs_semantic_review,True,False
direction,TD-001db14937c9,钠离子电池负极材料,2,72,F0073,Process (computing) / Identification (biology) / Product (mathematics),0.6426707259436689,0.006735800598450692,automatic_candidate_needs_semantic_review,True,False
direction,TD-001db14937c9,钠离子电池负极材料,3,10,F0011,Metallurgy / Vanadium / Slag (welding),0.6338675362260806,0.006735800598450692,automatic_candidate_needs_semantic_review,True,False
direction,TD-aab0c69b8bbb,钠离子电池正极材料,1,340,F0341,Lithium (medication) / Lithium metal / Lithium-ion battery,0.6495889295699542,0.0032599386150535814,automatic_candidate_needs_semantic_review,True,False
direction,TD-aab0c69b8bbb,钠离子电池正极材料,2,72,F0073,Process (computing) / Identification (biology) / Product (mathematics),0.6463289909549006,0.0032599386150535814,automatic_candidate_needs_semantic_review,True,False
direction,TD-aab0c69b8bbb,钠离子电池正极材料,3,474,F0475,Computer science / Engineering / Artificial intelligence,0.639467234364767,0.0032599386150535814,automatic_candidate_needs_semantic_review,True,False
direction,TD-b226be5bdae1,钠电池电解液与界面,1,72,F0073,Process (computing) / Identification (biology) / Product (mathematics),0.6592869057238553,0.0040556527416012456,automatic_candidate_needs_semantic_review,True,False
direction,TD-b226be5bdae1,钠电池电解液与界面,2,474,F0475,Computer science / Engineering / Artificial intelligence,0.655231252982254,0.0040556527416012456,automatic_candidate_needs_semantic_review,True,False
direction,TD-b226be5bdae1,钠电池电解液与界面,3,415,F0416,Chemistry / Organic chemistry / Nuclear chemistry,0.6540813734160353,0.0040556527416012456,automatic_candidate_needs_semantic_review,True,False
direction,TD-49bb9d2994cc,水系锌离子电池,1,72,F0073,Process (computing) / Identification (biology) / Product (mathematics),0.6491606715370032,0.0024652653956253046,automatic_candidate_needs_semantic_review,True,False
direction,TD-49bb9d2994cc,水系锌离子电池,2,474,F0475,Computer science / Engineering / Artificial intelligence,0.6466954061413779,0.0024652653956253046,automatic_candidate_needs_semantic_review,True,False
direction,TD-49bb9d2994cc,水系锌离子电池,3,119,F0120,Commercialization / Nanotechnology / Marketing,0.6442899668637903,0.0024652653956253046,automatic_candidate_needs_semantic_review,True,False
direction,TD-f378d69f2cc9,锌空气电池,1,474,F0475,Computer science / Engineering / Artificial intelligence,0.6383659955154359,0.0008713058679322705,automatic_candidate_needs_semantic_review,True,False
direction,TD-f378d69f2cc9,锌空气电池,2,72,F0073,Process (computing) / Identification (biology) / Product (mathematics),0.6374946896475037,0.0008713058679322705,automatic_candidate_needs_semantic_review,True,False
direction,TD-f378d69f2cc9,锌空气电池,3,113,F0114,Unit (ring theory) / Power system simulation / Power unit,0.6335760003874825,0.0008713058679322705,automatic_candidate_needs_semantic_review,True,False
direction,TD-084312e9f54f,水系锌电池负极及界面稳定,1,72,F0073,Process (computing) / Identification (biology) / Product (mathematics),0.687233867922721,0.01085740214061226,automatic_candidate_needs_semantic_review,True,False
direction,TD-084312e9f54f,水系锌电池负极及界面稳定,2,474,F0475,Computer science / Engineering / Artificial intelligence,0.6763764657821087,0.01085740214061226,automatic_candidate_needs_semantic_review,True,False
direction,TD-084312e9f54f,水系锌电池负极及界面稳定,3,302,F0303,Function (biology) / Basis (linear algebra) / Transfer function,0.6697394776939124,0.01085740214061226,automatic_candidate_needs_semantic_review,True,False
direction,TD-61f07497b611,锂硫电池正极与多硫化物调控,1,72,F0073,Process (computing) / Identification (biology) / Product (mathematics),0.6446110730539151,0.00033535099036796634,automatic_candidate_needs_semantic_review,True,False
direction,TD-61f07497b611,锂硫电池正极与多硫化物调控,2,302,F0303,Function (biology) / Basis (linear algebra) / Transfer function,0.6442757220635471,0.00033535099036796634,automatic_candidate_needs_semantic_review,True,False
direction,TD-61f07497b611,锂硫电池正极与多硫化物调控,3,138,F0139,Battery (electricity) / Lithium-ion battery / State of charge,0.6399751354729429,0.00033535099036796634,automatic_candidate_needs_semantic_review,True,False
direction,TD-eaf8ea706177,锂电磷酸盐正极材料,1,72,F0073,Process (computing) / Identification (biology) / Product (mathematics),0.6604329591524252,0.012550431590921951,automatic_candidate_needs_semantic_review,True,False
direction,TD-eaf8ea706177,锂电磷酸盐正极材料,2,474,F0475,Computer science / Engineering / Artificial intelligence,0.6478825275615032,0.012550431590921951,automatic_candidate_needs_semantic_review,True,False
direction,TD-eaf8ea706177,锂电磷酸盐正极材料,3,342,F0343,Electronics / Power electronics / Triboelectric effect,0.641273575238806,0.012550431590921951,automatic_candidate_needs_semantic_review,True,False
direction,TD-ff915d8024e1,层状及富镍锂电正极材料,1,474,F0475,Computer science / Engineering / Artificial intelligence,0.6559329759285113,8.846200055079301e-05,automatic_candidate_needs_semantic_review,True,False
direction,TD-ff915d8024e1,层状及富镍锂电正极材料,2,72,F0073,Process (computing) / Identification (biology) / Product (mathematics),0.6558445139279605,8.846200055079301e-05,automatic_candidate_needs_semantic_review,True,False
direction,TD-ff915d8024e1,层状及富镍锂电正极材料,3,164,F0165,Compatibility (geochemistry) / Solid-state / Electromagnetic compatibility,0.6515012698949861,8.846200055079301e-05,automatic_candidate_needs_semantic_review,True,False
direction,TD-2ee39fb605bb,硅碳负极材料与制备,1,72,F0073,Process (computing) / Identification (biology) / Product (mathematics),0.6462521161701085,0.011944716686921986,automatic_candidate_needs_semantic_review,True,False
direction,TD-2ee39fb605bb,硅碳负极材料与制备,2,302,F0303,Function (biology) / Basis (linear algebra) / Transfer function,0.6343073994831865,0.011944716686921986,automatic_candidate_needs_semantic_review,True,False
direction,TD-2ee39fb605bb,硅碳负极材料与制备,3,474,F0475,Computer science / Engineering / Artificial intelligence,0.6342354900689855,0.011944716686921986,automatic_candidate_needs_semantic_review,True,False
direction,TD-2d3d8bc71b49,锂电石墨负极,1,72,F0073,Process (computing) / Identification (biology) / Product (mathematics),0.6318743928113455,0.002480605486822607,automatic_candidate_needs_semantic_review,True,False
direction,TD-2d3d8bc71b49,锂电石墨负极,2,474,F0475,Computer science / Engineering / Artificial intelligence,0.6293937873245229,0.002480605486822607,automatic_candidate_needs_semantic_review,True,False
direction,TD-2d3d8bc71b49,锂电石墨负极,3,302,F0303,Function (biology) / Basis (linear algebra) / Transfer function,0.6181899172717289,0.002480605486822607,automatic_candidate_needs_semantic_review,True,False
direction,TD-f483e0d158bc,镁铝钙多价离子电池,1,119,F0120,Commercialization / Nanotechnology / Marketing,0.6118469598517815,0.0010426545283712674,automatic_candidate_needs_semantic_review,True,False
direction,TD-f483e0d158bc,镁铝钙多价离子电池,2,474,F0475,Computer science / Engineering / Artificial intelligence,0.6108043053234102,0.0010426545283712674,automatic_candidate_needs_semantic_review,True,False
direction,TD-f483e0d158bc,镁铝钙多价离子电池,3,72,F0073,Process (computing) / Identification (biology) / Product (mathematics),0.6075714209645952,0.0010426545283712674,automatic_candidate_needs_semantic_review,True,False
direction,TD-a1837be6519c,钾离子电池,1,138,F0139,Battery (electricity) / Lithium-ion battery / State of charge,0.6541779152409681,0.010152454332980954,automatic_candidate_needs_semantic_review,True,False
direction,TD-a1837be6519c,钾离子电池,2,474,F0475,Computer science / Engineering / Artificial intelligence,0.6440254609079872,0.010152454332980954,automatic_candidate_needs_semantic_review,True,False
direction,TD-a1837be6519c,钾离子电池,3,72,F0073,Process (computing) / Identification (biology) / Product (mathematics),0.6432681228064921,0.010152454332980954,automatic_candidate_needs_semantic_review,True,False
direction,TD-4a76729c231c,硫化物固态电解质,1,415,F0416,Chemistry / Organic chemistry / Nuclear chemistry,0.650556897576968,0.00167661885187953,automatic_candidate_needs_semantic_review,True,False
direction,TD-4a76729c231c,硫化物固态电解质,2,72,F0073,Process (computing) / Identification (biology) / Product (mathematics),0.6488802787250885,0.00167661885187953,automatic_candidate_needs_semantic_review,True,False
direction,TD-4a76729c231c,硫化物固态电解质,3,474,F0475,Computer science / Engineering / Artificial intelligence,0.6444295562682865,0.00167661885187953,automatic_candidate_needs_semantic_review,True,False
direction,TD-ee7bb1ff2458,废旧电池湿法回收,1,72,F0073,Process (computing) / Identification (biology) / Product (mathematics),0.6670783214123944,0.014535931627952636,automatic_candidate_needs_semantic_review,True,False
direction,TD-ee7bb1ff2458,废旧电池湿法回收,2,289,F0290,Service (business) / Marketing / Telecommunications,0.6525423897844418,0.014535931627952636,automatic_candidate_needs_semantic_review,True,False
direction,TD-ee7bb1ff2458,废旧电池湿法回收,3,474,F0475,Computer science / Engineering / Artificial intelligence,0.6500113851236031,0.014535931627952636,automatic_candidate_needs_semantic_review,True,False
direction,TD-85030e485d3d,废旧电池材料直接再生,1,72,F0073,Process (computing) / Identification (biology) / Product (mathematics),0.6426139726341846,0.010446854621097179,automatic_candidate_needs_semantic_review,True,False
direction,TD-85030e485d3d,废旧电池材料直接再生,2,474,F0475,Computer science / Engineering / Artificial intelligence,0.6321671180130874,0.010446854621097179,automatic_candidate_needs_semantic_review,True,False
direction,TD-85030e485d3d,废旧电池材料直接再生,3,302,F0303,Function (biology) / Basis (linear algebra) / Transfer function,0.622705299089408,0.010446854621097179,automatic_candidate_needs_semantic_review,True,False
direction,TD-4e69434758f2,废旧电池拆解与物理分离,1,72,F0073,Process (computing) / Identification (biology) / Product (mathematics),0.6911303733857682,0.009320923272113535,automatic_candidate_needs_semantic_review,True,False
direction,TD-4e69434758f2,废旧电池拆解与物理分离,2,474,F0475,Computer science / Engineering / Artificial intelligence,0.6818094501136547,0.009320923272113535,automatic_candidate_needs_semantic_review,True,False
direction,TD-4e69434758f2,废旧电池拆解与物理分离,3,302,F0303,Function (biology) / Basis (linear algebra) / Transfer function,0.673447119468854,0.009320923272113535,automatic_candidate_needs_semantic_review,True,False
direction,TD-794e423a2367,储能容量配置与选址,1,481,F0482,Energy storage / Thermal energy storage / Electrochemical energy storage,0.6698620758150748,0.007565109852825658,automatic_candidate_needs_semantic_review,True,False
direction,TD-794e423a2367,储能容量配置与选址,2,125,F0126,Selection (genetic algorithm) / Site selection / Feature selection,0.6622969659622492,0.007565109852825658,automatic_candidate_needs_semantic_review,True,False
direction,TD-794e423a2367,储能容量配置与选址,3,302,F0303,Function (biology) / Basis (linear algebra) / Transfer function,0.6567142154785146,0.007565109852825658,automatic_candidate_needs_semantic_review,True,False
direction,TD-059fb53c2985,储能运行调度与收益,1,302,F0303,Function (biology) / Basis (linear algebra) / Transfer function,0.6785978418291083,0.014858496732026882,automatic_candidate_needs_semantic_review,True,False
direction,TD-059fb53c2985,储能运行调度与收益,2,313,F0314,Operations research / Penetration (warfare) / Operations management,0.6637393450970814,0.014858496732026882,automatic_candidate_needs_semantic_review,True,False
direction,TD-059fb53c2985,储能运行调度与收益,3,289,F0290,Service (business) / Marketing / Telecommunications,0.6636460302485013,0.014858496732026882,automatic_candidate_needs_semantic_review,True,False
direction,TD-00e9b031a3f5,储能系统集成与安全装置,1,61,F0062,Systems engineering / Deliverable / Risk analysis (engineering),0.6834597760397059,0.0002006412544389713,automatic_candidate_needs_semantic_review,True,False
direction,TD-00e9b031a3f5,储能系统集成与安全装置,2,302,F0303,Function (biology) / Basis (linear algebra) / Transfer function,0.6832591347852669,0.0002006412544389713,automatic_candidate_needs_semantic_review,True,False
direction,TD-00e9b031a3f5,储能系统集成与安全装置,3,113,F0114,Unit (ring theory) / Power system simulation / Power unit,0.6791715851119129,0.0002006412544389713,automatic_candidate_needs_semantic_review,True,False
direction,TD-cd7b7bbddc73,钙钛矿叠层太阳能电池,1,245,F0246,Solar energy / Optics / Solar power,0.6349614097809502,0.013294508767043411,automatic_candidate_needs_semantic_review,True,False
direction,TD-cd7b7bbddc73,钙钛矿叠层太阳能电池,2,265,F0266,Photovoltaics / Nanotechnology / Building-integrated photovoltaics,0.6216669010139068,0.013294508767043411,automatic_candidate_needs_semantic_review,True,False
direction,TD-cd7b7bbddc73,钙钛矿叠层太阳能电池,3,270,F0271,Photovoltaic system / Electrical engineering / Harmonics,0.6102023734608221,0.013294508767043411,automatic_candidate_needs_semantic_review,True,False
direction,TD-2a1e47b3ac00,钙钛矿电池界面、钝化与传输层,1,474,F0475,Computer science / Engineering / Artificial intelligence,0.6449617708624806,0.0021834645930709495,automatic_candidate_needs_semantic_review,True,False
direction,TD-2a1e47b3ac00,钙钛矿电池界面、钝化与传输层,2,72,F0073,Process (computing) / Identification (biology) / Product (mathematics),0.6427783062694097,0.0021834645930709495,automatic_candidate_needs_semantic_review,True,False
direction,TD-2a1e47b3ac00,钙钛矿电池界面、钝化与传输层,3,135,F0136,Center (category theory) / Data center / Research center,0.6354982590683818,0.0021834645930709495,automatic_candidate_needs_semantic_review,True,False
direction,TD-11355bb229b9,钙钛矿吸收层结晶与成膜,1,72,F0073,Process (computing) / Identification (biology) / Product (mathematics),0.61122876211864,0.009705150105530858,automatic_candidate_needs_semantic_review,True,False
direction,TD-11355bb229b9,钙钛矿吸收层结晶与成膜,2,474,F0475,Computer science / Engineering / Artificial intelligence,0.6015236120131091,0.009705150105530858,automatic_candidate_needs_semantic_review,True,False
direction,TD-11355bb229b9,钙钛矿吸收层结晶与成膜,3,415,F0416,Chemistry / Organic chemistry / Nuclear chemistry,0.5979559536051298,0.009705150105530858,automatic_candidate_needs_semantic_review,True,False
direction,TD-69b1a46da667,钙钛矿电池稳定性与衰减,1,72,F0073,Process (computing) / Identification (biology) / Product (mathematics),0.6349835275120064,0.00843217656518569,automatic_candidate_needs_semantic_review,True,False
direction,TD-69b1a46da667,钙钛矿电池稳定性与衰减,2,474,F0475,Computer science / Engineering / Artificial intelligence,0.6265513509468207,0.00843217656518569,automatic_candidate_needs_semantic_review,True,False
direction,TD-69b1a46da667,钙钛矿电池稳定性与衰减,3,302,F0303,Function (biology) / Basis (linear algebra) / Transfer function,0.621797413508792,0.00843217656518569,automatic_candidate_needs_semantic_review,True,False
direction,TD-686d000ebfcd,聚合物有机太阳能电池,1,245,F0246,Solar energy / Optics / Solar power,0.6844553108376996,0.005323001856874177,automatic_candidate_needs_semantic_review,True,False
direction,TD-686d000ebfcd,聚合物有机太阳能电池,2,265,F0266,Photovoltaics / Nanotechnology / Building-integrated photovoltaics,0.6791323089808254,0.005323001856874177,automatic_candidate_needs_semantic_review,True,False
direction,TD-686d000ebfcd,聚合物有机太阳能电池,3,127,F0128,Organic solar cell / Energy conversion efficiency / Acceptor,0.6734858052056423,0.005323001856874177,automatic_candidate_needs_semantic_review,True,False
direction,TD-7dbb9a01f03f,小分子有机太阳能电池,1,245,F0246,Solar energy / Optics / Solar power,0.672671642986688,0.0009144873260061859,automatic_candidate_needs_semantic_review,True,False
direction,TD-7dbb9a01f03f,小分子有机太阳能电池,2,119,F0120,Commercialization / Nanotechnology / Marketing,0.6717571556606818,0.0009144873260061859,automatic_candidate_needs_semantic_review,True,False
direction,TD-7dbb9a01f03f,小分子有机太阳能电池,3,265,F0266,Photovoltaics / Nanotechnology / Building-integrated photovoltaics,0.6674541583078385,0.0009144873260061859,automatic_candidate_needs_semantic_review,True,False
direction,TD-622c07812fd2,有机光伏印刷与规模制造,1,441,F0442,Production (economics) / Hydrogen production / Life-cycle assessment,0.6431088896846645,0.00024219791400026391,automatic_candidate_needs_semantic_review,True,False
direction,TD-622c07812fd2,有机光伏印刷与规模制造,2,72,F0073,Process (computing) / Identification (biology) / Product (mathematics),0.6428666917706642,0.00024219791400026391,automatic_candidate_needs_semantic_review,True,False
direction,TD-622c07812fd2,有机光伏印刷与规模制造,3,265,F0266,Photovoltaics / Nanotechnology / Building-integrated photovoltaics,0.640131354803246,0.00024219791400026391,automatic_candidate_needs_semantic_review,True,False
direction,TD-a94fd8727007,染料敏化电池光阳极,1,72,F0073,Process (computing) / Identification (biology) / Product (mathematics),0.6394375394881463,0.006319253290483218,automatic_candidate_needs_semantic_review,True,False
direction,TD-a94fd8727007,染料敏化电池光阳极,2,474,F0475,Computer science / Engineering / Artificial intelligence,0.6331182861976631,0.006319253290483218,automatic_candidate_needs_semantic_review,True,False
direction,TD-a94fd8727007,染料敏化电池光阳极,3,302,F0303,Function (biology) / Basis (linear algebra) / Transfer function,0.6322740292641238,0.006319253290483218,automatic_candidate_needs_semantic_review,True,False
direction,TD-1850e229d2bf,染料敏化电池对电极,1,72,F0073,Process (computing) / Identification (biology) / Product (mathematics),0.6480336593879118,0.004578903932835776,automatic_candidate_needs_semantic_review,True,False
direction,TD-1850e229d2bf,染料敏化电池对电极,2,474,F0475,Computer science / Engineering / Artificial intelligence,0.643454755455076,0.004578903932835776,automatic_candidate_needs_semantic_review,True,False
direction,TD-1850e229d2bf,染料敏化电池对电极,3,138,F0139,Battery (electricity) / Lithium-ion battery / State of charge,0.6403256299232234,0.004578903932835776,automatic_candidate_needs_semantic_review,True,False
direction,TD-a712282d9582,染料敏化电池敏化剂,1,72,F0073,Process (computing) / Identification (biology) / Product (mathematics),0.6368664682332259,0.007320334007929419,automatic_candidate_needs_semantic_review,True,False
direction,TD-a712282d9582,染料敏化电池敏化剂,2,474,F0475,Computer science / Engineering / Artificial intelligence,0.6295461342252965,0.007320334007929419,automatic_candidate_needs_semantic_review,True,False
direction,TD-a712282d9582,染料敏化电池敏化剂,3,302,F0303,Function (biology) / Basis (linear algebra) / Transfer function,0.6234577736688924,0.007320334007929419,automatic_candidate_needs_semantic_review,True,False
direction,TD-e62bb06d9637,光伏组件故障与缺陷检测,1,302,F0303,Function (biology) / Basis (linear algebra) / Transfer function,0.6568403017228347,0.005534847047510061,automatic_candidate_needs_semantic_review,True,False
direction,TD-e62bb06d9637,光伏组件故障与缺陷检测,2,72,F0073,Process (computing) / Identification (biology) / Product (mathematics),0.6513054546753246,0.005534847047510061,automatic_candidate_needs_semantic_review,True,False
direction,TD-e62bb06d9637,光伏组件故障与缺陷检测,3,175,F0176,Component (thermodynamics) / Principal component analysis / Electronic component,0.6503021326045871,0.005534847047510061,automatic_candidate_needs_semantic_review,True,False
direction,TD-04d0b120756b,光伏组件退化与寿命,1,302,F0303,Function (biology) / Basis (linear algebra) / Transfer function,0.641763419714798,0.002370569868455852,automatic_candidate_needs_semantic_review,True,False
direction,TD-04d0b120756b,光伏组件退化与寿命,2,165,F0166,Presentation (obstetrics) / Session (web analytics) / Event (particle physics),0.6393928498463421,0.002370569868455852,automatic_candidate_needs_semantic_review,True,False
direction,TD-04d0b120756b,光伏组件退化与寿命,3,72,F0073,Process (computing) / Identification (biology) / Product (mathematics),0.6373604735772866,0.002370569868455852,automatic_candidate_needs_semantic_review,True,False
direction,TD-c57e426fb8bf,光伏电池与组件模型参数辨识,1,175,F0176,Component (thermodynamics) / Principal component analysis / Electronic component,0.671499913848172,0.0026434455984813976,automatic_candidate_needs_semantic_review,True,False
direction,TD-c57e426fb8bf,光伏电池与组件模型参数辨识,2,302,F0303,Function (biology) / Basis (linear algebra) / Transfer function,0.6688564682496906,0.0026434455984813976,automatic_candidate_needs_semantic_review,True,False
direction,TD-c57e426fb8bf,光伏电池与组件模型参数辨识,3,72,F0073,Process (computing) / Identification (biology) / Product (mathematics),0.6641272113945487,0.0026434455984813976,automatic_candidate_needs_semantic_review,True,False
direction,TD-6a226f86c8b1,光伏发电功率预测方法与装置,1,177,F0178,Power (physics) / Electrical engineering / Engineering,0.6631511578395841,0.0006593344259806511,automatic_candidate_needs_semantic_review,True,False
direction,TD-6a226f86c8b1,光伏发电功率预测方法与装置,2,125,F0126,Selection (genetic algorithm) / Site selection / Feature selection,0.6624918234136035,0.0006593344259806511,automatic_candidate_needs_semantic_review,True,False
direction,TD-6a226f86c8b1,光伏发电功率预测方法与装置,3,302,F0303,Function (biology) / Basis (linear algebra) / Transfer function,0.6621499920280673,0.0006593344259806511,automatic_candidate_needs_semantic_review,True,False
direction,TD-99feecd29652,太阳辐照度预测估算,1,437,F0438,Meteorology / Irradiance / Solar irradiance,0.6622467279580052,0.011234043658181814,automatic_candidate_needs_semantic_review,True,False
direction,TD-99feecd29652,太阳辐照度预测估算,2,302,F0303,Function (biology) / Basis (linear algebra) / Transfer function,0.6510126842998234,0.011234043658181814,automatic_candidate_needs_semantic_review,True,False
direction,TD-99feecd29652,太阳辐照度预测估算,3,245,F0246,Solar energy / Optics / Solar power,0.6509697139934103,0.011234043658181814,automatic_candidate_needs_semantic_review,True,False
direction,TD-8c4aa3e7ccd3,太阳辐射测量与仪器,1,3,F0004,Radiation / Optics / Tilt (camera),0.6636146612075382,0.009822022297490962,automatic_candidate_needs_semantic_review,True,False
direction,TD-8c4aa3e7ccd3,太阳辐射测量与仪器,2,245,F0246,Solar energy / Optics / Solar power,0.6537926389100472,0.009822022297490962,automatic_candidate_needs_semantic_review,True,False
direction,TD-8c4aa3e7ccd3,太阳辐射测量与仪器,3,437,F0438,Meteorology / Irradiance / Solar irradiance,0.651736476646103,0.009822022297490962,automatic_candidate_needs_semantic_review,True,False
direction,TD-aa543176cdd2,屋顶与分布式光伏部署,1,27,F0028,Roof / Civil engineering / Thermal comfort,0.6489568158631762,0.0092853777743509,automatic_candidate_needs_semantic_review,True,False
direction,TD-aa543176cdd2,屋顶与分布式光伏部署,2,302,F0303,Function (biology) / Basis (linear algebra) / Transfer function,0.6396714380888253,0.0092853777743509,automatic_candidate_needs_semantic_review,True,False
direction,TD-aa543176cdd2,屋顶与分布式光伏部署,3,249,F0250,Plan (archaeology) / Scheme (mathematics) / Operations management,0.6341366706359552,0.0092853777743509,automatic_candidate_needs_semantic_review,True,False
direction,TD-e128010c582d,农光互补与农光协同,1,430,F0431,Agriculture / Agricultural economics / Biofuel,0.652164827529145,0.005208932117665932,automatic_candidate_needs_semantic_review,True,False
direction,TD-e128010c582d,农光互补与农光协同,2,302,F0303,Function (biology) / Basis (linear algebra) / Transfer function,0.646955895411479,0.005208932117665932,automatic_candidate_needs_semantic_review,True,False
direction,TD-e128010c582d,农光互补与农光协同,3,308,F0309,Focus (optics) / Dense plasma focus / Optics,0.6358302273544292,0.005208932117665932,automatic_candidate_needs_semantic_review,True,False
direction,TD-f11a697278f3,光伏光热联合系统,1,245,F0246,Solar energy / Optics / Solar power,0.6654111364446984,0.0005902555174601698,automatic_candidate_needs_semantic_review,True,False
direction,TD-f11a697278f3,光伏光热联合系统,2,113,F0114,Unit (ring theory) / Power system simulation / Power unit,0.6648208809272382,0.0005902555174601698,automatic_candidate_needs_semantic_review,True,False
direction,TD-f11a697278f3,光伏光热联合系统,3,270,F0271,Photovoltaic system / Electrical engineering / Harmonics,0.6634722941322118,0.0005902555174601698,automatic_candidate_needs_semantic_review,True,False
direction,TD-3d8b6d138aa1,太阳能集热器传热设计,1,245,F0246,Solar energy / Optics / Solar power,0.6813978083251755,0.03379800354981466,automatic_candidate_needs_semantic_review,True,False
direction,TD-3d8b6d138aa1,太阳能集热器传热设计,2,302,F0303,Function (biology) / Basis (linear algebra) / Transfer function,0.6475998047753608,0.03379800354981466,automatic_candidate_needs_semantic_review,True,False
direction,TD-3d8b6d138aa1,太阳能集热器传热设计,3,422,F0423,Overheating (electricity) / Electrical engineering / Thermal comfort,0.6459336178178366,0.03379800354981466,automatic_candidate_needs_semantic_review,True,False
direction,TD-23b03b9a1c95,聚光太阳能热发电,1,245,F0246,Solar energy / Optics / Solar power,0.7019204167407884,0.040340318366476,automatic_candidate_needs_semantic_review,True,False
direction,TD-23b03b9a1c95,聚光太阳能热发电,2,270,F0271,Photovoltaic system / Electrical engineering / Harmonics,0.6615800983743124,0.040340318366476,automatic_candidate_needs_semantic_review,True,False
direction,TD-23b03b9a1c95,聚光太阳能热发电,3,387,F0388,Power station / Thermal power station / Combined cycle,0.6518401455551838,0.040340318366476,automatic_candidate_needs_semantic_review,True,False
direction,TD-44132ecdb0ad,太阳能热水与供热装置,1,245,F0246,Solar energy / Optics / Solar power,0.6730357715953752,0.019102852663834602,automatic_candidate_needs_semantic_review,True,False
direction,TD-44132ecdb0ad,太阳能热水与供热装置,2,113,F0114,Unit (ring theory) / Power system simulation / Power unit,0.6539329189315406,0.019102852663834602,automatic_candidate_needs_semantic_review,True,False
direction,TD-44132ecdb0ad,太阳能热水与供热装置,3,387,F0388,Power station / Thermal power station / Combined cycle,0.6526782667182667,0.019102852663834602,automatic_candidate_needs_semantic_review,True,False
direction,TD-5713ccfba6a3,光伏电池与组件制造工艺,1,72,F0073,Process (computing) / Identification (biology) / Product (mathematics),0.6614040269237335,0.004882903604389588,automatic_candidate_needs_semantic_review,True,False
direction,TD-5713ccfba6a3,光伏电池与组件制造工艺,2,61,F0062,Systems engineering / Deliverable / Risk analysis (engineering),0.6565211233193439,0.004882903604389588,automatic_candidate_needs_semantic_review,True,False
direction,TD-5713ccfba6a3,光伏电池与组件制造工艺,3,474,F0475,Computer science / Engineering / Artificial intelligence,0.6560933253306422,0.004882903604389588,automatic_candidate_needs_semantic_review,True,False
direction,TD-9bfca00aed6a,非钙钛矿多结太阳能电池,1,245,F0246,Solar energy / Optics / Solar power,0.6249682861998818,0.011144807648132637,automatic_candidate_needs_semantic_review,True,False
direction,TD-9bfca00aed6a,非钙钛矿多结太阳能电池,2,265,F0266,Photovoltaics / Nanotechnology / Building-integrated photovoltaics,0.6138234785517491,0.011144807648132637,automatic_candidate_needs_semantic_review,True,False
direction,TD-9bfca00aed6a,非钙钛矿多结太阳能电池,3,119,F0120,Commercialization / Nanotechnology / Marketing,0.6089787016307567,0.011144807648132637,automatic_candidate_needs_semantic_review,True,False
direction,TD-0f14b93ac103,光催化制氢,1,72,F0073,Process (computing) / Identification (biology) / Product (mathematics),0.6448659342627068,0.0034799572349279995,automatic_candidate_needs_semantic_review,True,False
direction,TD-0f14b93ac103,光催化制氢,2,157,F0158,Biochemical engineering / Nanotechnology / Microbial fuel cell,0.6413859770277788,0.0034799572349279995,automatic_candidate_needs_semantic_review,True,False
direction,TD-0f14b93ac103,光催化制氢,3,474,F0475,Computer science / Engineering / Artificial intelligence,0.6387106020361057,0.0034799572349279995,automatic_candidate_needs_semantic_review,True,False
direction,TD-6612e08f12a2,光生物制氢,1,157,F0158,Biochemical engineering / Nanotechnology / Microbial fuel cell,0.6497334205265038,0.010166691041538112,automatic_candidate_needs_semantic_review,True,False
direction,TD-6612e08f12a2,光生物制氢,2,441,F0442,Production (economics) / Hydrogen production / Life-cycle assessment,0.6395667294849657,0.010166691041538112,automatic_candidate_needs_semantic_review,True,False
direction,TD-6612e08f12a2,光生物制氢,3,341,F0342,Hydrogen production / Fermentation / Biohydrogen,0.6390264402344807,0.010166691041538112,automatic_candidate_needs_semantic_review,True,False
direction,TD-23250fd6d8f2,光催化二氧化碳还原,1,157,F0158,Biochemical engineering / Nanotechnology / Microbial fuel cell,0.6526001169497919,0.002740290708086679,automatic_candidate_needs_semantic_review,True,False
direction,TD-23250fd6d8f2,光催化二氧化碳还原,2,72,F0073,Process (computing) / Identification (biology) / Product (mathematics),0.6498598262417052,0.002740290708086679,automatic_candidate_needs_semantic_review,True,False
direction,TD-23250fd6d8f2,光催化二氧化碳还原,3,415,F0416,Chemistry / Organic chemistry / Nuclear chemistry,0.6486188329441039,0.002740290708086679,automatic_candidate_needs_semantic_review,True,False
direction,TD-c3203181d93d,TiO₂光催化污染物降解,1,312,F0313,Anatase / Rutile / Titanium dioxide,0.6567927604155218,0.017054068987472748,automatic_candidate_needs_semantic_review,True,False
direction,TD-c3203181d93d,TiO₂光催化污染物降解,2,428,F0429,Visible spectrum / Photochromism / Photochemistry,0.6397386914280491,0.017054068987472748,automatic_candidate_needs_semantic_review,True,False
direction,TD-c3203181d93d,TiO₂光催化污染物降解,3,72,F0073,Process (computing) / Identification (biology) / Product (mathematics),0.6383367798481836,0.017054068987472748,automatic_candidate_needs_semantic_review,True,False
direction,TD-27832e21c62f,ZnO光催化污染物降解,1,72,F0073,Process (computing) / Identification (biology) / Product (mathematics),0.6510924652706308,0.000809279000728913,automatic_candidate_needs_semantic_review,True,False
direction,TD-27832e21c62f,ZnO光催化污染物降解,2,415,F0416,Chemistry / Organic chemistry / Nuclear chemistry,0.6502831862699019,0.000809279000728913,automatic_candidate_needs_semantic_review,True,False
direction,TD-27832e21c62f,ZnO光催化污染物降解,3,450,F0451,Degradation (telecommunications) / Pollutant / Tetracycline,0.6488052217256,0.000809279000728913,automatic_candidate_needs_semantic_review,True,False
direction,TD-990978e729ed,其他材料光催化污染物降解,1,72,F0073,Process (computing) / Identification (biology) / Product (mathematics),0.6737424815630499,0.01579907884503784,automatic_candidate_needs_semantic_review,True,False
direction,TD-990978e729ed,其他材料光催化污染物降解,2,415,F0416,Chemistry / Organic chemistry / Nuclear chemistry,0.6579434027180121,0.01579907884503784,automatic_candidate_needs_semantic_review,True,False
direction,TD-990978e729ed,其他材料光催化污染物降解,3,474,F0475,Computer science / Engineering / Artificial intelligence,0.6559335235337952,0.01579907884503784,automatic_candidate_needs_semantic_review,True,False
direction,TD-e5263e8d01df,半导体光电化学水分解,1,72,F0073,Process (computing) / Identification (biology) / Product (mathematics),0.677287677983321,0.013461660641443274,automatic_candidate_needs_semantic_review,True,False
direction,TD-e5263e8d01df,半导体光电化学水分解,2,415,F0416,Chemistry / Organic chemistry / Nuclear chemistry,0.6638260173418777,0.013461660641443274,automatic_candidate_needs_semantic_review,True,False
direction,TD-e5263e8d01df,半导体光电化学水分解,3,157,F0158,Biochemical engineering / Nanotechnology / Microbial fuel cell,0.6628077870183844,0.013461660641443274,automatic_candidate_needs_semantic_review,True,False
direction,TD-cdfac0fb0d6b,电催化析氢与界面调控,1,72,F0073,Process (computing) / Identification (biology) / Product (mathematics),0.666512333325747,0.009787330681268691,automatic_candidate_needs_semantic_review,True,False
direction,TD-cdfac0fb0d6b,电催化析氢与界面调控,2,474,F0475,Computer science / Engineering / Artificial intelligence,0.6567250026444783,0.009787330681268691,automatic_candidate_needs_semantic_review,True,False
direction,TD-cdfac0fb0d6b,电催化析氢与界面调控,3,302,F0303,Function (biology) / Basis (linear algebra) / Transfer function,0.6522276584093494,0.009787330681268691,automatic_candidate_needs_semantic_review,True,False
direction,TD-4ae1d866567b,电解水析氧催化,1,72,F0073,Process (computing) / Identification (biology) / Product (mathematics),0.6383239802733702,0.009954248684145961,automatic_candidate_needs_semantic_review,True,False
direction,TD-4ae1d866567b,电解水析氧催化,2,415,F0416,Chemistry / Organic chemistry / Nuclear chemistry,0.6283697315892243,0.009954248684145961,automatic_candidate_needs_semantic_review,True,False
direction,TD-4ae1d866567b,电解水析氧催化,3,157,F0158,Biochemical engineering / Nanotechnology / Microbial fuel cell,0.6239235612444183,0.009954248684145961,automatic_candidate_needs_semantic_review,True,False
direction,TD-83f3be2d220b,非贵金属氧还原电催化材料,1,72,F0073,Process (computing) / Identification (biology) / Product (mathematics),0.6602874037252047,0.0019087185618059666,automatic_candidate_needs_semantic_review,True,False
direction,TD-83f3be2d220b,非贵金属氧还原电催化材料,2,415,F0416,Chemistry / Organic chemistry / Nuclear chemistry,0.6583786851633987,0.0019087185618059666,automatic_candidate_needs_semantic_review,True,False
direction,TD-83f3be2d220b,非贵金属氧还原电催化材料,3,474,F0475,Computer science / Engineering / Artificial intelligence,0.6567982496717042,0.0019087185618059666,automatic_candidate_needs_semantic_review,True,False
direction,TD-03fabc429504,整体电催化水分解,1,72,F0073,Process (computing) / Identification (biology) / Product (mathematics),0.6783699074131377,0.022485590151845702,automatic_candidate_needs_semantic_review,True,False
direction,TD-03fabc429504,整体电催化水分解,2,474,F0475,Computer science / Engineering / Artificial intelligence,0.655884317261292,0.022485590151845702,automatic_candidate_needs_semantic_review,True,False
direction,TD-03fabc429504,整体电催化水分解,3,415,F0416,Chemistry / Organic chemistry / Nuclear chemistry,0.6554883702250545,0.022485590151845702,automatic_candidate_needs_semantic_review,True,False
direction,TD-f3c8506f53f3,二氧化碳电还原催化,1,72,F0073,Process (computing) / Identification (biology) / Product (mathematics),0.6662817531617806,0.002367068422648,automatic_candidate_needs_semantic_review,True,False
direction,TD-f3c8506f53f3,二氧化碳电还原催化,2,157,F0158,Biochemical engineering / Nanotechnology / Microbial fuel cell,0.6639146847391326,0.002367068422648,automatic_candidate_needs_semantic_review,True,False
direction,TD-f3c8506f53f3,二氧化碳电还原催化,3,415,F0416,Chemistry / Organic chemistry / Nuclear chemistry,0.6602938446113067,0.002367068422648,automatic_candidate_needs_semantic_review,True,False
direction,TD-4e5ee02adb9f,二氧化碳催化加氢与甲烷化,1,15,F0016,Carbon dioxide / Methane / Hydrate,0.6645710177312304,0.0026634852559530575,automatic_candidate_needs_semantic_review,True,False
direction,TD-4e5ee02adb9f,二氧化碳催化加氢与甲烷化,2,493,F0494,Combinatorial chemistry / Organic chemistry / Amine gas treating,0.6619075324752773,0.0026634852559530575,automatic_candidate_needs_semantic_review,True,False
direction,TD-4e5ee02adb9f,二氧化碳催化加氢与甲烷化,3,415,F0416,Chemistry / Organic chemistry / Nuclear chemistry,0.6580725152493608,0.0026634852559530575,automatic_candidate_needs_semantic_review,True,False
direction,TD-8dbb24c80ff3,氮气电还原制氨,1,72,F0073,Process (computing) / Identification (biology) / Product (mathematics),0.6578464996222839,0.011249635621867204,automatic_candidate_needs_semantic_review,True,False
direction,TD-8dbb24c80ff3,氮气电还原制氨,2,302,F0303,Function (biology) / Basis (linear algebra) / Transfer function,0.6465968640004167,0.011249635621867204,automatic_candidate_needs_semantic_review,True,False
direction,TD-8dbb24c80ff3,氮气电还原制氨,3,474,F0475,Computer science / Engineering / Artificial intelligence,0.6432044187216399,0.011249635621867204,automatic_candidate_needs_semantic_review,True,False
direction,TD-b8f4f96e0ce7,硝酸盐电还原制氨,1,72,F0073,Process (computing) / Identification (biology) / Product (mathematics),0.6561574207660218,0.011021289082410068,automatic_candidate_needs_semantic_review,True,False
direction,TD-b8f4f96e0ce7,硝酸盐电还原制氨,2,302,F0303,Function (biology) / Basis (linear algebra) / Transfer function,0.6451361316836117,0.011021289082410068,automatic_candidate_needs_semantic_review,True,False
direction,TD-b8f4f96e0ce7,硝酸盐电还原制氨,3,474,F0475,Computer science / Engineering / Artificial intelligence,0.6408823613135983,0.011021289082410068,automatic_candidate_needs_semantic_review,True,False
direction,TD-78d13348ef87,碱性水电解制氢,1,72,F0073,Process (computing) / Identification (biology) / Product (mathematics),0.671327190495776,0.008505506923913275,automatic_candidate_needs_semantic_review,True,False
direction,TD-78d13348ef87,碱性水电解制氢,2,415,F0416,Chemistry / Organic chemistry / Nuclear chemistry,0.6628216835718628,0.008505506923913275,automatic_candidate_needs_semantic_review,True,False
direction,TD-78d13348ef87,碱性水电解制氢,3,474,F0475,Computer science / Engineering / Artificial intelligence,0.6539651640656565,0.008505506923913275,automatic_candidate_needs_semantic_review,True,False
direction,TD-acd801446a69,质子交换膜水电解制氢,1,72,F0073,Process (computing) / Identification (biology) / Product (mathematics),0.6740286040544928,0.010683903942350526,automatic_candidate_needs_semantic_review,True,False
direction,TD-acd801446a69,质子交换膜水电解制氢,2,415,F0416,Chemistry / Organic chemistry / Nuclear chemistry,0.6633447001121423,0.010683903942350526,automatic_candidate_needs_semantic_review,True,False
direction,TD-acd801446a69,质子交换膜水电解制氢,3,207,F0208,Electrolysis / Electrolysis of water / Alkaline water electrolysis,0.6567991659872667,0.010683903942350526,automatic_candidate_needs_semantic_review,True,False
direction,TD-bf9fe8f6a879,蒸汽重整制氢与合成气,1,72,F0073,Process (computing) / Identification (biology) / Product (mathematics),0.674746138307569,0.015935644933386728,automatic_candidate_needs_semantic_review,True,False
direction,TD-bf9fe8f6a879,蒸汽重整制氢与合成气,2,243,F0244,Engineering / Mechanical engineering / Manufacturing engineering,0.6588104933741823,0.015935644933386728,automatic_candidate_needs_semantic_review,True,False
direction,TD-bf9fe8f6a879,蒸汽重整制氢与合成气,3,157,F0158,Biochemical engineering / Nanotechnology / Microbial fuel cell,0.6581539537065073,0.015935644933386728,automatic_candidate_needs_semantic_review,True,False
direction,TD-785edc80c8a0,二氧化碳干重整制合成气,1,72,F0073,Process (computing) / Identification (biology) / Product (mathematics),0.6628510719949372,0.002949632003818592,automatic_candidate_needs_semantic_review,True,False
direction,TD-785edc80c8a0,二氧化碳干重整制合成气,2,415,F0416,Chemistry / Organic chemistry / Nuclear chemistry,0.6599014399911186,0.002949632003818592,automatic_candidate_needs_semantic_review,True,False
direction,TD-785edc80c8a0,二氧化碳干重整制合成气,3,15,F0016,Carbon dioxide / Methane / Hydrate,0.6579823960574133,0.002949632003818592,automatic_candidate_needs_semantic_review,True,False
direction,TD-03bf27b8f00f,氢能供应链与基础设施规划,1,289,F0290,Service (business) / Marketing / Telecommunications,0.6646565387621866,0.0062381532812034735,automatic_candidate_needs_semantic_review,True,False
direction,TD-03bf27b8f00f,氢能供应链与基础设施规划,2,249,F0250,Plan (archaeology) / Scheme (mathematics) / Operations management,0.6584183854809831,0.0062381532812034735,automatic_candidate_needs_semantic_review,True,False
direction,TD-03bf27b8f00f,氢能供应链与基础设施规划,3,313,F0314,Operations research / Penetration (warfare) / Operations management,0.6559670495912348,0.0062381532812034735,automatic_candidate_needs_semantic_review,True,False
direction,TD-c1448e0818db,加氢站与氢气加注,1,72,F0073,Process (computing) / Identification (biology) / Product (mathematics),0.6466148740165931,0.0035265680561649138,automatic_candidate_needs_semantic_review,True,False
direction,TD-c1448e0818db,加氢站与氢气加注,2,113,F0114,Unit (ring theory) / Power system simulation / Power unit,0.6430883059604282,0.0035265680561649138,automatic_candidate_needs_semantic_review,True,False
direction,TD-c1448e0818db,加氢站与氢气加注,3,289,F0290,Service (business) / Marketing / Telecommunications,0.6429113239688599,0.0035265680561649138,automatic_candidate_needs_semantic_review,True,False
direction,TD-a28940cce132,固态储氢材料与反应器,1,72,F0073,Process (computing) / Identification (biology) / Product (mathematics),0.6715324657492947,0.00795786034934276,automatic_candidate_needs_semantic_review,True,False
direction,TD-a28940cce132,固态储氢材料与反应器,2,474,F0475,Computer science / Engineering / Artificial intelligence,0.6635746053999519,0.00795786034934276,automatic_candidate_needs_semantic_review,True,False
direction,TD-a28940cce132,固态储氢材料与反应器,3,415,F0416,Chemistry / Organic chemistry / Nuclear chemistry,0.660209448277194,0.00795786034934276,automatic_candidate_needs_semantic_review,True,False
direction,TD-011c7e164b21,质子交换膜燃料电池运行与建模,1,72,F0073,Process (computing) / Identification (biology) / Product (mathematics),0.6887746515298987,0.0025999742757265576,automatic_candidate_needs_semantic_review,True,False
direction,TD-011c7e164b21,质子交换膜燃料电池运行与建模,2,474,F0475,Computer science / Engineering / Artificial intelligence,0.6861746772541721,0.0025999742757265576,automatic_candidate_needs_semantic_review,True,False
direction,TD-011c7e164b21,质子交换膜燃料电池运行与建模,3,258,F0259,Fuel cells / Proton exchange membrane fuel cell / Stack (abstract data type),0.6812160189293606,0.0025999742757265576,automatic_candidate_needs_semantic_review,True,False
direction,TD-e9d8649e670f,固体氧化物燃料电池,1,474,F0475,Computer science / Engineering / Artificial intelligence,0.6557623171994257,0.00344020852423077,automatic_candidate_needs_semantic_review,True,False
direction,TD-e9d8649e670f,固体氧化物燃料电池,2,72,F0073,Process (computing) / Identification (biology) / Product (mathematics),0.6523221086751949,0.00344020852423077,automatic_candidate_needs_semantic_review,True,False
direction,TD-e9d8649e670f,固体氧化物燃料电池,3,119,F0120,Commercialization / Nanotechnology / Marketing,0.6509894433694615,0.00344020852423077,automatic_candidate_needs_semantic_review,True,False
direction,TD-56426a787b11,固体氧化物电解池与可逆电化学单元,1,72,F0073,Process (computing) / Identification (biology) / Product (mathematics),0.668970898198137,0.0043708704439794355,automatic_candidate_needs_semantic_review,True,False
direction,TD-56426a787b11,固体氧化物电解池与可逆电化学单元,2,415,F0416,Chemistry / Organic chemistry / Nuclear chemistry,0.6646000277541576,0.0043708704439794355,automatic_candidate_needs_semantic_review,True,False
direction,TD-56426a787b11,固体氧化物电解池与可逆电化学单元,3,474,F0475,Computer science / Engineering / Artificial intelligence,0.6589575607693905,0.0043708704439794355,automatic_candidate_needs_semantic_review,True,False
direction,TD-5ae2fa50cead,燃料电池水管理,1,72,F0073,Process (computing) / Identification (biology) / Product (mathematics),0.6755132899594432,0.007498439919021216,automatic_candidate_needs_semantic_review,True,False
direction,TD-5ae2fa50cead,燃料电池水管理,2,113,F0114,Unit (ring theory) / Power system simulation / Power unit,0.6680148500404219,0.007498439919021216,automatic_candidate_needs_semantic_review,True,False
direction,TD-5ae2fa50cead,燃料电池水管理,3,289,F0290,Service (business) / Marketing / Telecommunications,0.6678108827332403,0.007498439919021216,automatic_candidate_needs_semantic_review,True,False
direction,TD-97b535e60e5c,燃料电池供气与空压控制,1,302,F0303,Function (biology) / Basis (linear algebra) / Transfer function,0.6608009635499381,0.0005932157871935129,automatic_candidate_needs_semantic_review,True,False
direction,TD-97b535e60e5c,燃料电池供气与空压控制,2,113,F0114,Unit (ring theory) / Power system simulation / Power unit,0.6602077477627446,0.0005932157871935129,automatic_candidate_needs_semantic_review,True,False
direction,TD-97b535e60e5c,燃料电池供气与空压控制,3,317,F0318,Control (management) / Control system / Artificial intelligence,0.6593461704422166,0.0005932157871935129,automatic_candidate_needs_semantic_review,True,False
direction,TD-1ead98167fd3,燃料电池质子交换膜,1,72,F0073,Process (computing) / Identification (biology) / Product (mathematics),0.6746919845192891,0.0004549091778955905,automatic_candidate_needs_semantic_review,True,False
direction,TD-1ead98167fd3,燃料电池质子交换膜,2,474,F0475,Computer science / Engineering / Artificial intelligence,0.6742370753413935,0.0004549091778955905,automatic_candidate_needs_semantic_review,True,False
direction,TD-1ead98167fd3,燃料电池质子交换膜,3,119,F0120,Commercialization / Nanotechnology / Marketing,0.6715354684523195,0.0004549091778955905,automatic_candidate_needs_semantic_review,True,False
direction,TD-e91d58668023,过硫酸盐活化与高级氧化,1,72,F0073,Process (computing) / Identification (biology) / Product (mathematics),0.6567159603090071,0.007251757736189357,automatic_candidate_needs_semantic_review,True,False
direction,TD-e91d58668023,过硫酸盐活化与高级氧化,2,415,F0416,Chemistry / Organic chemistry / Nuclear chemistry,0.6494642025728178,0.007251757736189357,automatic_candidate_needs_semantic_review,True,False
direction,TD-e91d58668023,过硫酸盐活化与高级氧化,3,493,F0494,Combinatorial chemistry / Organic chemistry / Amine gas treating,0.6369065139976533,0.007251757736189357,automatic_candidate_needs_semantic_review,True,False
direction,TD-bb3dcdb02348,二氧化碳溶剂吸收捕集,1,72,F0073,Process (computing) / Identification (biology) / Product (mathematics),0.6663284140457835,0.006700048429058025,automatic_candidate_needs_semantic_review,True,False
direction,TD-bb3dcdb02348,二氧化碳溶剂吸收捕集,2,157,F0158,Biochemical engineering / Nanotechnology / Microbial fuel cell,0.6596283656167254,0.006700048429058025,automatic_candidate_needs_semantic_review,True,False
direction,TD-bb3dcdb02348,二氧化碳溶剂吸收捕集,3,15,F0016,Carbon dioxide / Methane / Hydrate,0.6593657061936342,0.006700048429058025,automatic_candidate_needs_semantic_review,True,False
direction,TD-945ce5aefa66,二氧化碳固体吸附捕集,1,15,F0016,Carbon dioxide / Methane / Hydrate,0.6659753643322706,0.0009374757778188858,automatic_candidate_needs_semantic_review,True,False
direction,TD-945ce5aefa66,二氧化碳固体吸附捕集,2,72,F0073,Process (computing) / Identification (biology) / Product (mathematics),0.6650378885544517,0.0009374757778188858,automatic_candidate_needs_semantic_review,True,False
direction,TD-945ce5aefa66,二氧化碳固体吸附捕集,3,157,F0158,Biochemical engineering / Nanotechnology / Microbial fuel cell,0.6597074149645121,0.0009374757778188858,automatic_candidate_needs_semantic_review,True,False
direction,TD-645128dabcd4,多孔碳吸附二氧化碳,1,72,F0073,Process (computing) / Identification (biology) / Product (mathematics),0.6617413864618266,0.00028471707199195784,automatic_candidate_needs_semantic_review,True,False
direction,TD-645128dabcd4,多孔碳吸附二氧化碳,2,15,F0016,Carbon dioxide / Methane / Hydrate,0.6614566693898346,0.00028471707199195784,automatic_candidate_needs_semantic_review,True,False
direction,TD-645128dabcd4,多孔碳吸附二氧化碳,3,157,F0158,Biochemical engineering / Nanotechnology / Microbial fuel cell,0.6603179325918691,0.00028471707199195784,automatic_candidate_needs_semantic_review,True,False
direction,TD-4462cc4da3ea,直接空气捕碳,1,72,F0073,Process (computing) / Identification (biology) / Product (mathematics),0.6797747712041182,0.011866591753175948,automatic_candidate_needs_semantic_review,True,False
direction,TD-4462cc4da3ea,直接空气捕碳,2,260,F0261,Environmental science / Waste management / Engineering,0.6679081794509423,0.011866591753175948,automatic_candidate_needs_semantic_review,True,False
direction,TD-4462cc4da3ea,直接空气捕碳,3,302,F0303,Function (biology) / Basis (linear algebra) / Transfer function,0.6670851074355625,0.011866591753175948,automatic_candidate_needs_semantic_review,True,False
direction,TD-712c491dee0d,二氧化碳地质封存与驱油,1,72,F0073,Process (computing) / Identification (biology) / Product (mathematics),0.6523114588047654,0.0014914591502590557,automatic_candidate_needs_semantic_review,True,False
direction,TD-712c491dee0d,二氧化碳地质封存与驱油,2,180,F0181,Geology / Geochemistry / Petroleum engineering,0.6508199996545063,0.0014914591502590557,automatic_candidate_needs_semantic_review,True,False
direction,TD-712c491dee0d,二氧化碳地质封存与驱油,3,260,F0261,Environmental science / Waste management / Engineering,0.650334167752505,0.0014914591502590557,automatic_candidate_needs_semantic_review,True,False
direction,TD-748e11558a94,二氧化碳水合物形成与分离,1,15,F0016,Carbon dioxide / Methane / Hydrate,0.6629757429822376,0.002072258234219415,automatic_candidate_needs_semantic_review,True,False
direction,TD-748e11558a94,二氧化碳水合物形成与分离,2,415,F0416,Chemistry / Organic chemistry / Nuclear chemistry,0.6609034847480182,0.002072258234219415,automatic_candidate_needs_semantic_review,True,False
direction,TD-748e11558a94,二氧化碳水合物形成与分离,3,72,F0073,Process (computing) / Identification (biology) / Product (mathematics),0.6570000866157606,0.002072258234219415,automatic_candidate_needs_semantic_review,True,False
direction,TD-993ddcae9638,分离膜污染与清洗,1,72,F0073,Process (computing) / Identification (biology) / Product (mathematics),0.6634934801223281,0.022312120187484297,automatic_candidate_needs_semantic_review,True,False
direction,TD-993ddcae9638,分离膜污染与清洗,2,302,F0303,Function (biology) / Basis (linear algebra) / Transfer function,0.6411813599348438,0.022312120187484297,automatic_candidate_needs_semantic_review,True,False
direction,TD-993ddcae9638,分离膜污染与清洗,3,474,F0475,Computer science / Engineering / Artificial intelligence,0.640854330819207,0.022312120187484297,automatic_candidate_needs_semantic_review,True,False
direction,TD-a0a40ee7ee32,膜法海水淡化,1,72,F0073,Process (computing) / Identification (biology) / Product (mathematics),0.6576401923903156,0.025563097598222728,automatic_candidate_needs_semantic_review,True,False
direction,TD-a0a40ee7ee32,膜法海水淡化,2,474,F0475,Computer science / Engineering / Artificial intelligence,0.6320770947920928,0.025563097598222728,automatic_candidate_needs_semantic_review,True,False
direction,TD-a0a40ee7ee32,膜法海水淡化,3,302,F0303,Function (biology) / Basis (linear algebra) / Transfer function,0.6315481660003123,0.025563097598222728,automatic_candidate_needs_semantic_review,True,False
direction,TD-f9016aa94d09,水污染物吸附去除,1,72,F0073,Process (computing) / Identification (biology) / Product (mathematics),0.6697200887921937,0.004180219618846737,automatic_candidate_needs_semantic_review,True,False
direction,TD-f9016aa94d09,水污染物吸附去除,2,445,F0446,Wastewater / Sewage treatment / Environmental engineering,0.665539869173347,0.004180219618846737,automatic_candidate_needs_semantic_review,True,False
direction,TD-f9016aa94d09,水污染物吸附去除,3,157,F0158,Biochemical engineering / Nanotechnology / Microbial fuel cell,0.6480174134396434,0.004180219618846737,automatic_candidate_needs_semantic_review,True,False
direction,TD-5bc81f193d51,水污染物电化学氧化,1,72,F0073,Process (computing) / Identification (biology) / Product (mathematics),0.6693020166790311,0.01680354713975485,automatic_candidate_needs_semantic_review,True,False
direction,TD-5bc81f193d51,水污染物电化学氧化,2,415,F0416,Chemistry / Organic chemistry / Nuclear chemistry,0.6524984695392763,0.01680354713975485,automatic_candidate_needs_semantic_review,True,False
direction,TD-5bc81f193d51,水污染物电化学氧化,3,157,F0158,Biochemical engineering / Nanotechnology / Microbial fuel cell,0.648863366774314,0.01680354713975485,automatic_candidate_needs_semantic_review,True,False
direction,TD-104e725f3e9e,餐厨垃圾或污泥厌氧消化,1,117,F0118,Biogas / Anaerobic digestion / Methane,0.6691637032769522,0.013924588422364104,automatic_candidate_needs_semantic_review,True,False
direction,TD-104e725f3e9e,餐厨垃圾或污泥厌氧消化,2,323,F0324,Sewage sludge / Sewage / Sewage treatment,0.6552391148545881,0.013924588422364104,automatic_candidate_needs_semantic_review,True,False
direction,TD-104e725f3e9e,餐厨垃圾或污泥厌氧消化,3,445,F0446,Wastewater / Sewage treatment / Environmental engineering,0.6486462642962927,0.013924588422364104,automatic_candidate_needs_semantic_review,True,False
direction,TD-b9125f34d9da,畜禽粪便与农业残余厌氧消化,1,117,F0118,Biogas / Anaerobic digestion / Methane,0.6722273531939117,0.02886161611348137,automatic_candidate_needs_semantic_review,True,False
direction,TD-b9125f34d9da,畜禽粪便与农业残余厌氧消化,2,331,F0332,Animal science / Manure / NAK,0.6433657370804303,0.02886161611348137,automatic_candidate_needs_semantic_review,True,False
direction,TD-b9125f34d9da,畜禽粪便与农业残余厌氧消化,3,323,F0324,Sewage sludge / Sewage / Sewage treatment,0.6309755335358136,0.02886161611348137,automatic_candidate_needs_semantic_review,True,False
direction,TD-738455d42406,沼气提纯与生物甲烷升级,1,72,F0073,Process (computing) / Identification (biology) / Product (mathematics),0.6547052832503324,0.0009647888830128792,automatic_candidate_needs_semantic_review,True,False
direction,TD-738455d42406,沼气提纯与生物甲烷升级,2,157,F0158,Biochemical engineering / Nanotechnology / Microbial fuel cell,0.6537404943673195,0.0009647888830128792,automatic_candidate_needs_semantic_review,True,False
direction,TD-738455d42406,沼气提纯与生物甲烷升级,3,163,F0164,Upgrade / ASDEX Upgrade / Operating system,0.6483395343937947,0.0009647888830128792,automatic_candidate_needs_semantic_review,True,False
direction,TD-0258a43fe294,生物质与污泥厌氧消化产气,1,117,F0118,Biogas / Anaerobic digestion / Methane,0.6693556444458943,0.010546782807719146,automatic_candidate_needs_semantic_review,True,False
direction,TD-0258a43fe294,生物质与污泥厌氧消化产气,2,72,F0073,Process (computing) / Identification (biology) / Product (mathematics),0.6588088616381752,0.010546782807719146,automatic_candidate_needs_semantic_review,True,False
direction,TD-0258a43fe294,生物质与污泥厌氧消化产气,3,157,F0158,Biochemical engineering / Nanotechnology / Microbial fuel cell,0.6570938176369557,0.010546782807719146,automatic_candidate_needs_semantic_review,True,False
direction,TD-6bfc80f7db5d,厌氧发酵生物制氢,1,341,F0342,Hydrogen production / Fermentation / Biohydrogen,0.6607423395026947,0.006321124185457605,automatic_candidate_needs_semantic_review,True,False
direction,TD-6bfc80f7db5d,厌氧发酵生物制氢,2,157,F0158,Biochemical engineering / Nanotechnology / Microbial fuel cell,0.6544212153172371,0.006321124185457605,automatic_candidate_needs_semantic_review,True,False
direction,TD-6bfc80f7db5d,厌氧发酵生物制氢,3,117,F0118,Biogas / Anaerobic digestion / Methane,0.6450320298815111,0.006321124185457605,automatic_candidate_needs_semantic_review,True,False
direction,TD-38f31eb16c30,厌氧污水处理反应器,1,72,F0073,Process (computing) / Identification (biology) / Product (mathematics),0.6690770316007476,0.018212018282754205,automatic_candidate_needs_semantic_review,True,False
direction,TD-38f31eb16c30,厌氧污水处理反应器,2,445,F0446,Wastewater / Sewage treatment / Environmental engineering,0.6508650133179934,0.018212018282754205,automatic_candidate_needs_semantic_review,True,False
direction,TD-38f31eb16c30,厌氧污水处理反应器,3,157,F0158,Biochemical engineering / Nanotechnology / Microbial fuel cell,0.6475541892116924,0.018212018282754205,automatic_candidate_needs_semantic_review,True,False
direction,TD-fb23a92502aa,污泥脱水与调理,1,72,F0073,Process (computing) / Identification (biology) / Product (mathematics),0.6662220532001581,0.021882835648586285,automatic_candidate_needs_semantic_review,True,False
direction,TD-fb23a92502aa,污泥脱水与调理,2,445,F0446,Wastewater / Sewage treatment / Environmental engineering,0.6443392175515719,0.021882835648586285,automatic_candidate_needs_semantic_review,True,False
direction,TD-fb23a92502aa,污泥脱水与调理,3,302,F0303,Function (biology) / Basis (linear algebra) / Transfer function,0.6434960252556946,0.021882835648586285,automatic_candidate_needs_semantic_review,True,False
direction,TD-ce3d305067c5,污水污泥营养元素回收,1,445,F0446,Wastewater / Sewage treatment / Environmental engineering,0.6411589148507959,0.008510985409096117,automatic_candidate_needs_semantic_review,True,False
direction,TD-ce3d305067c5,污水污泥营养元素回收,2,72,F0073,Process (computing) / Identification (biology) / Product (mathematics),0.6326479294416998,0.008510985409096117,automatic_candidate_needs_semantic_review,True,False
direction,TD-ce3d305067c5,污水污泥营养元素回收,3,323,F0324,Sewage sludge / Sewage / Sewage treatment,0.6153894319251585,0.008510985409096117,automatic_candidate_needs_semantic_review,True,False
direction,TD-6a9305c3cf60,生物质气化制合成气,1,72,F0073,Process (computing) / Identification (biology) / Product (mathematics),0.637699700052458,0.004711471090137032,automatic_candidate_needs_semantic_review,True,False
direction,TD-6a9305c3cf60,生物质气化制合成气,2,157,F0158,Biochemical engineering / Nanotechnology / Microbial fuel cell,0.632988228962321,0.004711471090137032,automatic_candidate_needs_semantic_review,True,False
direction,TD-6a9305c3cf60,生物质气化制合成气,3,441,F0442,Production (economics) / Hydrogen production / Life-cycle assessment,0.6255745940513713,0.004711471090137032,automatic_candidate_needs_semantic_review,True,False
direction,TD-4d9131ed7df7,生物质水热液化,1,72,F0073,Process (computing) / Identification (biology) / Product (mathematics),0.6473143270103875,0.01840474579146023,automatic_candidate_needs_semantic_review,True,False
direction,TD-4d9131ed7df7,生物质水热液化,2,260,F0261,Environmental science / Waste management / Engineering,0.6289095812189273,0.01840474579146023,automatic_candidate_needs_semantic_review,True,False
direction,TD-4d9131ed7df7,生物质水热液化,3,474,F0475,Computer science / Engineering / Artificial intelligence,0.6280901173637459,0.01840474579146023,automatic_candidate_needs_semantic_review,True,False
direction,TD-3e1d80f0b52f,生物质水热炭化,1,72,F0073,Process (computing) / Identification (biology) / Product (mathematics),0.6505631454662995,0.007926015706099188,automatic_candidate_needs_semantic_review,True,False
direction,TD-3e1d80f0b52f,生物质水热炭化,2,260,F0261,Environmental science / Waste management / Engineering,0.6426371297602003,0.007926015706099188,automatic_candidate_needs_semantic_review,True,False
direction,TD-3e1d80f0b52f,生物质水热炭化,3,157,F0158,Biochemical engineering / Nanotechnology / Microbial fuel cell,0.6337136983671153,0.007926015706099188,automatic_candidate_needs_semantic_review,True,False
direction,TD-e83519418b46,生物质热解与炭化,1,72,F0073,Process (computing) / Identification (biology) / Product (mathematics),0.6585725046728214,0.011107368504683746,automatic_candidate_needs_semantic_review,True,False
direction,TD-e83519418b46,生物质热解与炭化,2,157,F0158,Biochemical engineering / Nanotechnology / Microbial fuel cell,0.6474651361681376,0.011107368504683746,automatic_candidate_needs_semantic_review,True,False
direction,TD-e83519418b46,生物质热解与炭化,3,474,F0475,Computer science / Engineering / Artificial intelligence,0.642045932338595,0.011107368504683746,automatic_candidate_needs_semantic_review,True,False
direction,TD-f98b424a6ba0,生物炭土壤改良,1,328,F0329,Bioenergy / Productivity / Logging,0.6503623315463947,0.004454554899170793,automatic_candidate_needs_semantic_review,True,False
direction,TD-f98b424a6ba0,生物炭土壤改良,2,157,F0158,Biochemical engineering / Nanotechnology / Microbial fuel cell,0.6459077766472239,0.004454554899170793,automatic_candidate_needs_semantic_review,True,False
direction,TD-f98b424a6ba0,生物炭土壤改良,3,72,F0073,Process (computing) / Identification (biology) / Product (mathematics),0.6390373355048239,0.004454554899170793,automatic_candidate_needs_semantic_review,True,False
direction,TD-de8a1d59b5da,生物炭水污染物去除,1,157,F0158,Biochemical engineering / Nanotechnology / Microbial fuel cell,0.6486074803469579,0.003308920732942977,automatic_candidate_needs_semantic_review,True,False
direction,TD-de8a1d59b5da,生物炭水污染物去除,2,72,F0073,Process (computing) / Identification (biology) / Product (mathematics),0.6452985596140149,0.003308920732942977,automatic_candidate_needs_semantic_review,True,False
direction,TD-de8a1d59b5da,生物炭水污染物去除,3,226,F0227,Environmental chemistry / Pollutant / Contamination,0.6358188119700503,0.003308920732942977,automatic_candidate_needs_semantic_review,True,False
direction,TD-a54deaf44470,活性炭制备与孔结构,1,72,F0073,Process (computing) / Identification (biology) / Product (mathematics),0.6584302657122231,0.005366030331562022,automatic_candidate_needs_semantic_review,True,False
direction,TD-a54deaf44470,活性炭制备与孔结构,2,474,F0475,Computer science / Engineering / Artificial intelligence,0.653064235380661,0.005366030331562022,automatic_candidate_needs_semantic_review,True,False
direction,TD-a54deaf44470,活性炭制备与孔结构,3,441,F0442,Production (economics) / Hydrogen production / Life-cycle assessment,0.648847818666004,0.005366030331562022,automatic_candidate_needs_semantic_review,True,False
direction,TD-bbf3603b6b82,木质纤维素预处理,1,72,F0073,Process (computing) / Identification (biology) / Product (mathematics),0.6181203935489648,0.007882162895413103,automatic_candidate_needs_semantic_review,True,False
direction,TD-bbf3603b6b82,木质纤维素预处理,2,302,F0303,Function (biology) / Basis (linear algebra) / Transfer function,0.6102382306535516,0.007882162895413103,automatic_candidate_needs_semantic_review,True,False
direction,TD-bbf3603b6b82,木质纤维素预处理,3,29,F0030,Forestry / Agroforestry / Thinning,0.6075037353027919,0.007882162895413103,automatic_candidate_needs_semantic_review,True,False
direction,TD-15c7aec98f48,木质纤维素生物乙醇,1,157,F0158,Biochemical engineering / Nanotechnology / Microbial fuel cell,0.6288344664066554,0.01451176118814368,automatic_candidate_needs_semantic_review,True,False
direction,TD-15c7aec98f48,木质纤维素生物乙醇,2,386,F0387,Cellulose / Lignin / Hemicellulose,0.6143227052185117,0.01451176118814368,automatic_candidate_needs_semantic_review,True,False
direction,TD-15c7aec98f48,木质纤维素生物乙醇,3,72,F0073,Process (computing) / Identification (biology) / Product (mathematics),0.6101753540423235,0.01451176118814368,automatic_candidate_needs_semantic_review,True,False
direction,TD-c3bbbb8169b8,藻类生物燃料,1,157,F0158,Biochemical engineering / Nanotechnology / Microbial fuel cell,0.6520856914707949,0.011191054733454275,automatic_candidate_needs_semantic_review,True,False
direction,TD-c3bbbb8169b8,藻类生物燃料,2,441,F0442,Production (economics) / Hydrogen production / Life-cycle assessment,0.6408946367373406,0.011191054733454275,automatic_candidate_needs_semantic_review,True,False
direction,TD-c3bbbb8169b8,藻类生物燃料,3,260,F0261,Environmental science / Waste management / Engineering,0.635653447111377,0.011191054733454275,automatic_candidate_needs_semantic_review,True,False
direction,TD-0f5df8e27baf,电子废物回收,1,289,F0290,Service (business) / Marketing / Telecommunications,0.6664206477846149,0.0018549144252697491,automatic_candidate_needs_semantic_review,True,False
direction,TD-0f5df8e27baf,电子废物回收,2,72,F0073,Process (computing) / Identification (biology) / Product (mathematics),0.6645657333593451,0.0018549144252697491,automatic_candidate_needs_semantic_review,True,False
direction,TD-0f5df8e27baf,电子废物回收,3,302,F0303,Function (biology) / Basis (linear algebra) / Transfer function,0.663243635190248,0.0018549144252697491,automatic_candidate_needs_semantic_review,True,False
direction,TD-761f92e0290c,废塑料回收与转化,1,72,F0073,Process (computing) / Identification (biology) / Product (mathematics),0.6658427351751777,0.013126456783661866,automatic_candidate_needs_semantic_review,True,False
direction,TD-761f92e0290c,废塑料回收与转化,2,474,F0475,Computer science / Engineering / Artificial intelligence,0.6527162783915158,0.013126456783661866,automatic_candidate_needs_semantic_review,True,False
direction,TD-761f92e0290c,废塑料回收与转化,3,302,F0303,Function (biology) / Basis (linear algebra) / Transfer function,0.6504471937793891,0.013126456783661866,automatic_candidate_needs_semantic_review,True,False
direction,TD-c31b611c67e2,电力负荷预测,1,302,F0303,Function (biology) / Basis (linear algebra) / Transfer function,0.7054408122629727,0.011822520236896339,automatic_candidate_needs_semantic_review,True,False
direction,TD-c31b611c67e2,电力负荷预测,2,289,F0290,Service (business) / Marketing / Telecommunications,0.6936182920260764,0.011822520236896339,automatic_candidate_needs_semantic_review,True,False
direction,TD-c31b611c67e2,电力负荷预测,3,451,F0452,Electric power / Metering mode / Electric energy,0.6906396427163904,0.011822520236896339,automatic_candidate_needs_semantic_review,True,False
direction,TD-ffc4d89a4ea5,电价预测,1,302,F0303,Function (biology) / Basis (linear algebra) / Transfer function,0.6874816274878073,0.00037636921139416746,automatic_candidate_needs_semantic_review,True,False
direction,TD-ffc4d89a4ea5,电价预测,2,318,F0319,Electricity / Electricity market / Electricity generation,0.6871052582764131,0.00037636921139416746,automatic_candidate_needs_semantic_review,True,False
direction,TD-ffc4d89a4ea5,电价预测,3,313,F0314,Operations research / Penetration (warfare) / Operations management,0.676698879476668,0.00037636921139416746,automatic_candidate_needs_semantic_review,True,False
direction,TD-b1702794cfc5,电网短路电流计算,1,451,F0452,Electric power / Metering mode / Electric energy,0.6508162631892683,0.008784115173919416,automatic_candidate_needs_semantic_review,True,False
direction,TD-b1702794cfc5,电网短路电流计算,2,302,F0303,Function (biology) / Basis (linear algebra) / Transfer function,0.6420321480153489,0.008784115173919416,automatic_candidate_needs_semantic_review,True,False
direction,TD-b1702794cfc5,电网短路电流计算,3,276,F0277,Mains electricity / Backup / Switched-mode power supply,0.6399869564199745,0.008784115173919416,automatic_candidate_needs_semantic_review,True,False
direction,TD-5a28757d5361,风速预测,1,108,F0109,Wind power / Turbine / Wind speed,0.6912003398297554,0.00525669926639738,automatic_candidate_needs_semantic_review,True,False
direction,TD-5a28757d5361,风速预测,2,302,F0303,Function (biology) / Basis (linear algebra) / Transfer function,0.685943640563358,0.00525669926639738,automatic_candidate_needs_semantic_review,True,False
direction,TD-5a28757d5361,风速预测,3,109,F0110,Probabilistic logic / Probabilistic forecasting / Electric power system,0.6760292156117556,0.00525669926639738,automatic_candidate_needs_semantic_review,True,False
direction,TD-5b76da2941cf,风电出力预测,1,108,F0109,Wind power / Turbine / Wind speed,0.6883953184731567,0.016500089519256966,automatic_candidate_needs_semantic_review,True,False
direction,TD-5b76da2941cf,风电出力预测,2,302,F0303,Function (biology) / Basis (linear algebra) / Transfer function,0.6718952289538997,0.016500089519256966,automatic_candidate_needs_semantic_review,True,False
direction,TD-5b76da2941cf,风电出力预测,3,109,F0110,Probabilistic logic / Probabilistic forecasting / Electric power system,0.6599852255433708,0.016500089519256966,automatic_candidate_needs_semantic_review,True,False
direction,TD-5b046154b9e9,风机状态监测与预测性维护,1,302,F0303,Function (biology) / Basis (linear algebra) / Transfer function,0.7056306535976897,0.013449903466504987,automatic_candidate_needs_semantic_review,True,False
direction,TD-5b046154b9e9,风机状态监测与预测性维护,2,108,F0109,Wind power / Turbine / Wind speed,0.6921807501311847,0.013449903466504987,automatic_candidate_needs_semantic_review,True,False
direction,TD-5b046154b9e9,风机状态监测与预测性维护,3,289,F0290,Service (business) / Marketing / Telecommunications,0.6906657562476781,0.013449903466504987,automatic_candidate_needs_semantic_review,True,False
direction,TD-61ca21eeb56d,电动汽车充电站选址规划,1,208,F0209,Transport engineering / Public transport / Environmental economics,0.6720806668535633,0.0017975077152421193,automatic_candidate_needs_semantic_review,True,False
direction,TD-61ca21eeb56d,电动汽车充电站选址规划,2,125,F0126,Selection (genetic algorithm) / Site selection / Feature selection,0.6702831591383211,0.0017975077152421193,automatic_candidate_needs_semantic_review,True,False
direction,TD-61ca21eeb56d,电动汽车充电站选址规划,3,249,F0250,Plan (archaeology) / Scheme (mathematics) / Operations management,0.6678994914597841,0.0017975077152421193,automatic_candidate_needs_semantic_review,True,False
direction,TD-e468bc590418,电动汽车路径与补能规划,1,315,F0316,Automotive engineering / Electric vehicle / Powertrain,0.6777700225518049,0.0032046803364329524,automatic_candidate_needs_semantic_review,True,False
direction,TD-e468bc590418,电动汽车路径与补能规划,2,208,F0209,Transport engineering / Public transport / Environmental economics,0.6745653422153719,0.0032046803364329524,automatic_candidate_needs_semantic_review,True,False
direction,TD-e468bc590418,电动汽车路径与补能规划,3,249,F0250,Plan (archaeology) / Scheme (mathematics) / Operations management,0.6659379831711683,0.0032046803364329524,automatic_candidate_needs_semantic_review,True,False
direction,TD-12341d8e8c42,电动汽车有序充放电调度,1,315,F0316,Automotive engineering / Electric vehicle / Powertrain,0.698421179653345,0.019449283744251256,automatic_candidate_needs_semantic_review,True,False
direction,TD-12341d8e8c42,电动汽车有序充放电调度,2,208,F0209,Transport engineering / Public transport / Environmental economics,0.6789718959090938,0.019449283744251256,automatic_candidate_needs_semantic_review,True,False
direction,TD-12341d8e8c42,电动汽车有序充放电调度,3,302,F0303,Function (biology) / Basis (linear algebra) / Transfer function,0.6779218479038946,0.019449283744251256,automatic_candidate_needs_semantic_review,True,False
direction,TD-e10d14f760bc,电动汽车充电并网影响,1,315,F0316,Automotive engineering / Electric vehicle / Powertrain,0.6712766635202992,0.002398173378910906,automatic_candidate_needs_semantic_review,True,False
direction,TD-e10d14f760bc,电动汽车充电并网影响,2,208,F0209,Transport engineering / Public transport / Environmental economics,0.6688784901413883,0.002398173378910906,automatic_candidate_needs_semantic_review,True,False
direction,TD-e10d14f760bc,电动汽车充电并网影响,3,153,F0154,Electrification / Rural electrification / Electricity,0.6622176832115773,0.002398173378910906,automatic_candidate_needs_semantic_review,True,False
direction,TD-ecc50211a5fa,电动汽车充电负荷预测,1,315,F0316,Automotive engineering / Electric vehicle / Powertrain,0.6924474216843832,0.01712939633022792,automatic_candidate_needs_semantic_review,True,False
direction,TD-ecc50211a5fa,电动汽车充电负荷预测,2,138,F0139,Battery (electricity) / Lithium-ion battery / State of charge,0.6753180253541553,0.01712939633022792,automatic_candidate_needs_semantic_review,True,False
direction,TD-ecc50211a5fa,电动汽车充电负荷预测,3,208,F0209,Transport engineering / Public transport / Environmental economics,0.6733669906840325,0.01712939633022792,automatic_candidate_needs_semantic_review,True,False
direction,TD-b06277fda2ff,电动汽车整车能耗与续航,1,315,F0316,Automotive engineering / Electric vehicle / Powertrain,0.6837221385415463,0.022091113572939358,automatic_candidate_needs_semantic_review,True,False
direction,TD-b06277fda2ff,电动汽车整车能耗与续航,2,80,F0081,Automotive industry / Manufacturing engineering / Automotive electronics,0.6616310249686069,0.022091113572939358,automatic_candidate_needs_semantic_review,True,False
direction,TD-b06277fda2ff,电动汽车整车能耗与续航,3,208,F0209,Transport engineering / Public transport / Environmental economics,0.6614128868488928,0.022091113572939358,automatic_candidate_needs_semantic_review,True,False
direction,TD-0b5d842144bb,微电网能量管理与经济调度,1,302,F0303,Function (biology) / Basis (linear algebra) / Transfer function,0.6926802405809698,0.003949717547694354,automatic_candidate_needs_semantic_review,True,False
direction,TD-0b5d842144bb,微电网能量管理与经济调度,2,451,F0452,Electric power / Metering mode / Electric energy,0.6887305230332754,0.003949717547694354,automatic_candidate_needs_semantic_review,True,False
direction,TD-0b5d842144bb,微电网能量管理与经济调度,3,289,F0290,Service (business) / Marketing / Telecommunications,0.6870774436013024,0.003949717547694354,automatic_candidate_needs_semantic_review,True,False
direction,TD-f68f82715e6a,微电网下垂控制与功率分配,1,302,F0303,Function (biology) / Basis (linear algebra) / Transfer function,0.6909098078675162,0.01119903776715303,automatic_candidate_needs_semantic_review,True,False
direction,TD-f68f82715e6a,微电网下垂控制与功率分配,2,177,F0178,Power (physics) / Electrical engineering / Engineering,0.6797107701003632,0.01119903776715303,automatic_candidate_needs_semantic_review,True,False
direction,TD-f68f82715e6a,微电网下垂控制与功率分配,3,317,F0318,Control (management) / Control system / Artificial intelligence,0.6738309762796266,0.01119903776715303,automatic_candidate_needs_semantic_review,True,False
direction,TD-a455bbb37134,微电网孤岛切换与动态控制,1,302,F0303,Function (biology) / Basis (linear algebra) / Transfer function,0.6816787651740003,0.0034178225942823603,automatic_candidate_needs_semantic_review,True,False
direction,TD-a455bbb37134,微电网孤岛切换与动态控制,2,317,F0318,Control (management) / Control system / Artificial intelligence,0.6782609425797179,0.0034178225942823603,automatic_candidate_needs_semantic_review,True,False
direction,TD-a455bbb37134,微电网孤岛切换与动态控制,3,242,F0243,Modular design / High-voltage direct current / Capacitor,0.672410627604978,0.0034178225942823603,automatic_candidate_needs_semantic_review,True,False
direction,TD-98b882f080e3,综合能源系统优化调度,1,302,F0303,Function (biology) / Basis (linear algebra) / Transfer function,0.689056406950892,0.00041217781252766983,automatic_candidate_needs_semantic_review,True,False
direction,TD-98b882f080e3,综合能源系统优化调度,2,313,F0314,Operations research / Penetration (warfare) / Operations management,0.6886442291383643,0.00041217781252766983,automatic_candidate_needs_semantic_review,True,False
direction,TD-98b882f080e3,综合能源系统优化调度,3,113,F0114,Unit (ring theory) / Power system simulation / Power unit,0.6882623433857675,0.00041217781252766983,automatic_candidate_needs_semantic_review,True,False
direction,TD-148667f2958b,综合能源系统规划配置,1,249,F0250,Plan (archaeology) / Scheme (mathematics) / Operations management,0.6831071730790496,0.0019762931645029846,automatic_candidate_needs_semantic_review,True,False
direction,TD-148667f2958b,综合能源系统规划配置,2,313,F0314,Operations research / Penetration (warfare) / Operations management,0.6811308799145466,0.0019762931645029846,automatic_candidate_needs_semantic_review,True,False
direction,TD-148667f2958b,综合能源系统规划配置,3,289,F0290,Service (business) / Marketing / Telecommunications,0.6740671498293159,0.0019762931645029846,automatic_candidate_needs_semantic_review,True,False
direction,TD-db6bae9a4087,虚拟电厂资源聚合与调度,1,113,F0114,Unit (ring theory) / Power system simulation / Power unit,0.6848161057007391,0.004955681213413388,automatic_candidate_needs_semantic_review,True,False
direction,TD-db6bae9a4087,虚拟电厂资源聚合与调度,2,302,F0303,Function (biology) / Basis (linear algebra) / Transfer function,0.6798604244873258,0.004955681213413388,automatic_candidate_needs_semantic_review,True,False
direction,TD-db6bae9a4087,虚拟电厂资源聚合与调度,3,439,F0440,Variable (mathematics) / Variable renewable energy / Continuously variable transmission,0.6797400516936791,0.004955681213413388,automatic_candidate_needs_semantic_review,True,False
direction,TD-d63525b9f25a,配电网需求响应与柔性调度,1,289,F0290,Service (business) / Marketing / Telecommunications,0.7022112850013693,0.002779970117057551,automatic_candidate_needs_semantic_review,True,False
direction,TD-d63525b9f25a,配电网需求响应与柔性调度,2,302,F0303,Function (biology) / Basis (linear algebra) / Transfer function,0.6994313148843118,0.002779970117057551,automatic_candidate_needs_semantic_review,True,False
direction,TD-d63525b9f25a,配电网需求响应与柔性调度,3,268,F0269,Flexibility (engineering) / Demand response / Scheduling (production processes),0.696159173549053,0.002779970117057551,automatic_candidate_needs_semantic_review,True,False
direction,TD-264d4d0725e8,配电网规划与容量配置,1,289,F0290,Service (business) / Marketing / Telecommunications,0.6809434055628243,0.004335762353284589,automatic_candidate_needs_semantic_review,True,False
direction,TD-264d4d0725e8,配电网规划与容量配置,2,249,F0250,Plan (archaeology) / Scheme (mathematics) / Operations management,0.6766076432095397,0.004335762353284589,automatic_candidate_needs_semantic_review,True,False
direction,TD-264d4d0725e8,配电网规划与容量配置,3,276,F0277,Mains electricity / Backup / Switched-mode power supply,0.6764158494369319,0.004335762353284589,automatic_candidate_needs_semantic_review,True,False
direction,TD-1145737afe62,配电网重构与优化运行,1,289,F0290,Service (business) / Marketing / Telecommunications,0.701114855058517,0.0007816497362382879,automatic_candidate_needs_semantic_review,True,False
direction,TD-1145737afe62,配电网重构与优化运行,2,302,F0303,Function (biology) / Basis (linear algebra) / Transfer function,0.7003332053222787,0.0007816497362382879,automatic_candidate_needs_semantic_review,True,False
direction,TD-1145737afe62,配电网重构与优化运行,3,313,F0314,Operations research / Penetration (warfare) / Operations management,0.686698897437308,0.0007816497362382879,automatic_candidate_needs_semantic_review,True,False
direction,TD-fd09de762c72,配电网电压无功优化,1,302,F0303,Function (biology) / Basis (linear algebra) / Transfer function,0.6863187149977446,0.002568800346666511,automatic_candidate_needs_semantic_review,True,False
direction,TD-fd09de762c72,配电网电压无功优化,2,202,F0203,AC power / Compensation (psychology) / Power factor,0.683749914651078,0.002568800346666511,automatic_candidate_needs_semantic_review,True,False
direction,TD-fd09de762c72,配电网电压无功优化,3,353,F0354,Sequence (biology) / Zero (linguistics) / Net (polyhedron),0.6814327780196788,0.002568800346666511,automatic_candidate_needs_semantic_review,True,False
direction,TD-5b3bd0489518,配电网谐波与电能质量治理,1,302,F0303,Function (biology) / Basis (linear algebra) / Transfer function,0.6947659585382018,0.001024885391639918,automatic_candidate_needs_semantic_review,True,False
direction,TD-5b3bd0489518,配电网谐波与电能质量治理,2,458,F0459,Quality (philosophy) / Power quality / Risk analysis (engineering),0.6937410731465619,0.001024885391639918,automatic_candidate_needs_semantic_review,True,False
direction,TD-5b3bd0489518,配电网谐波与电能质量治理,3,289,F0290,Service (business) / Marketing / Telecommunications,0.6867872254174285,0.001024885391639918,automatic_candidate_needs_semantic_review,True,False
direction,TD-439316ab7241,电网状态估计与相量测量,1,302,F0303,Function (biology) / Basis (linear algebra) / Transfer function,0.694370589481047,0.010605270421866653,automatic_candidate_needs_semantic_review,True,False
direction,TD-439316ab7241,电网状态估计与相量测量,2,451,F0452,Electric power / Metering mode / Electric energy,0.6837653190591804,0.010605270421866653,automatic_candidate_needs_semantic_review,True,False
direction,TD-439316ab7241,电网状态估计与相量测量,3,400,F0401,Measure (data warehouse) / Instrumentation (computer programming) / Data mining,0.6791351753899926,0.010605270421866653,automatic_candidate_needs_semantic_review,True,False
direction,TD-d620db54a999,电力系统暂态稳定,1,302,F0303,Function (biology) / Basis (linear algebra) / Transfer function,0.7121193603092717,0.0043379889474243205,automatic_candidate_needs_semantic_review,True,False
direction,TD-d620db54a999,电力系统暂态稳定,2,276,F0277,Mains electricity / Backup / Switched-mode power supply,0.7077813713618474,0.0043379889474243205,automatic_candidate_needs_semantic_review,True,False
direction,TD-d620db54a999,电力系统暂态稳定,3,113,F0114,Unit (ring theory) / Power system simulation / Power unit,0.7042591369561064,0.0043379889474243205,automatic_candidate_needs_semantic_review,True,False
direction,TD-487cb550fe07,电力系统电压稳定,1,302,F0303,Function (biology) / Basis (linear algebra) / Transfer function,0.7058069047064854,0.011750941820081962,automatic_candidate_needs_semantic_review,True,False
direction,TD-487cb550fe07,电力系统电压稳定,2,276,F0277,Mains electricity / Backup / Switched-mode power supply,0.6940559628864035,0.011750941820081962,automatic_candidate_needs_semantic_review,True,False
direction,TD-487cb550fe07,电力系统电压稳定,3,113,F0114,Unit (ring theory) / Power system simulation / Power unit,0.6894328756251731,0.011750941820081962,automatic_candidate_needs_semantic_review,True,False
direction,TD-7ac781d5307f,电网频率控制,1,302,F0303,Function (biology) / Basis (linear algebra) / Transfer function,0.6875401275232125,0.003496692473761609,automatic_candidate_needs_semantic_review,True,False
direction,TD-7ac781d5307f,电网频率控制,2,91,F0092,Regulator / Voltage regulator / Voltage regulation,0.6840434350494509,0.003496692473761609,automatic_candidate_needs_semantic_review,True,False
direction,TD-7ac781d5307f,电网频率控制,3,317,F0318,Control (management) / Control system / Artificial intelligence,0.6801496084075114,0.003496692473761609,automatic_candidate_needs_semantic_review,True,False
direction,TD-23d0a91ab7d6,电力系统可靠性评估,1,379,F0380,Reliability (semiconductor) / Reliability engineering / Engineering,0.7200930024325092,0.012494486729300647,automatic_candidate_needs_semantic_review,True,False
direction,TD-23d0a91ab7d6,电力系统可靠性评估,2,302,F0303,Function (biology) / Basis (linear algebra) / Transfer function,0.7075985157032085,0.012494486729300647,automatic_candidate_needs_semantic_review,True,False
direction,TD-23d0a91ab7d6,电力系统可靠性评估,3,289,F0290,Service (business) / Marketing / Telecommunications,0.6990540539338934,0.012494486729300647,automatic_candidate_needs_semantic_review,True,False
direction,TD-1bdd40ce5e8b,变压器故障诊断,1,302,F0303,Function (biology) / Basis (linear algebra) / Transfer function,0.6770867091080105,0.009233748962912736,automatic_candidate_needs_semantic_review,True,False
direction,TD-1bdd40ce5e8b,变压器故障诊断,2,72,F0073,Process (computing) / Identification (biology) / Product (mathematics),0.6678529601450978,0.009233748962912736,automatic_candidate_needs_semantic_review,True,False
direction,TD-1bdd40ce5e8b,变压器故障诊断,3,269,F0270,Transformer / Electrical engineering / Distribution transformer,0.6655663355757037,0.009233748962912736,automatic_candidate_needs_semantic_review,True,False
direction,TD-6f9f38fa334b,输配电线路故障检测与定位,1,302,F0303,Function (biology) / Basis (linear algebra) / Transfer function,0.6831488255994054,0.0045232929823665335,automatic_candidate_needs_semantic_review,True,False
direction,TD-6f9f38fa334b,输配电线路故障检测与定位,2,289,F0290,Service (business) / Marketing / Telecommunications,0.6786255326170388,0.0045232929823665335,automatic_candidate_needs_semantic_review,True,False
direction,TD-6f9f38fa334b,输配电线路故障检测与定位,3,134,F0135,Fault (geology) / Fault detection and isolation / Fault indicator,0.6747149352941055,0.0045232929823665335,automatic_candidate_needs_semantic_review,True,False
direction,TD-59f701019f2b,开关设备故障检测,1,232,F0233,Test (biology) / Reliability engineering / Test method,0.6582592993573309,0.0026840605877430646,automatic_candidate_needs_semantic_review,True,False
direction,TD-59f701019f2b,开关设备故障检测,2,302,F0303,Function (biology) / Basis (linear algebra) / Transfer function,0.6555752387695878,0.0026840605877430646,automatic_candidate_needs_semantic_review,True,False
direction,TD-59f701019f2b,开关设备故障检测,3,72,F0073,Process (computing) / Identification (biology) / Product (mathematics),0.6528667281287825,0.0026840605877430646,automatic_candidate_needs_semantic_review,True,False
direction,TD-12d718c83d53,输电线路雷击与防雷,1,302,F0303,Function (biology) / Basis (linear algebra) / Transfer function,0.6685272030543674,0.004660523830409602,automatic_candidate_needs_semantic_review,True,False
direction,TD-12d718c83d53,输电线路雷击与防雷,2,479,F0480,Forensic engineering / Damages / Construction engineering,0.6638666792239578,0.004660523830409602,automatic_candidate_needs_semantic_review,True,False
direction,TD-12d718c83d53,输电线路雷击与防雷,3,72,F0073,Process (computing) / Identification (biology) / Product (mathematics),0.6602989976534567,0.004660523830409602,automatic_candidate_needs_semantic_review,True,False
direction,TD-d35aee62734e,电网接地与地网安全,1,302,F0303,Function (biology) / Basis (linear algebra) / Transfer function,0.6663506107297298,0.0002739540240107585,automatic_candidate_needs_semantic_review,True,False
direction,TD-d35aee62734e,电网接地与地网安全,2,289,F0290,Service (business) / Marketing / Telecommunications,0.666076656705719,0.0002739540240107585,automatic_candidate_needs_semantic_review,True,False
direction,TD-d35aee62734e,电网接地与地网安全,3,4,F0005,Risk analysis (engineering) / Interdependence / Critical infrastructure,0.6641213955455034,0.0002739540240107585,automatic_candidate_needs_semantic_review,True,False
direction,TD-59b610c69da4,电气绝缘局部放电,1,72,F0073,Process (computing) / Identification (biology) / Product (mathematics),0.6699093616506128,0.005393002922828849,automatic_candidate_needs_semantic_review,True,False
direction,TD-59b610c69da4,电气绝缘局部放电,2,302,F0303,Function (biology) / Basis (linear algebra) / Transfer function,0.6645163587277839,0.005393002922828849,automatic_candidate_needs_semantic_review,True,False
direction,TD-59b610c69da4,电气绝缘局部放电,3,474,F0475,Computer science / Engineering / Artificial intelligence,0.6588984758611228,0.005393002922828849,automatic_candidate_needs_semantic_review,True,False
direction,TD-0c3d604d3d05,电晕放电与电晕损耗,1,302,F0303,Function (biology) / Basis (linear algebra) / Transfer function,0.6726606137184283,0.00443079756984055,automatic_candidate_needs_semantic_review,True,False
direction,TD-0c3d604d3d05,电晕放电与电晕损耗,2,72,F0073,Process (computing) / Identification (biology) / Product (mathematics),0.6682298161485878,0.00443079756984055,automatic_candidate_needs_semantic_review,True,False
direction,TD-0c3d604d3d05,电晕放电与电晕损耗,3,113,F0114,Unit (ring theory) / Power system simulation / Power unit,0.6639831916999526,0.00443079756984055,automatic_candidate_needs_semantic_review,True,False
direction,TD-a0681d6596a4,智能电网网络攻击与安全,1,36,F0037,Computer security / Cyber-physical system / Risk analysis (engineering),0.6998940447739479,0.025706249253276137,automatic_candidate_needs_semantic_review,True,False
direction,TD-a0681d6596a4,智能电网网络攻击与安全,2,219,F0220,Computer network / Scheme (mathematics) / Protocol (science),0.6741877955206718,0.025706249253276137,automatic_candidate_needs_semantic_review,True,False
direction,TD-a0681d6596a4,智能电网网络攻击与安全,3,471,F0472,The Internet / World Wide Web / Internet of Things,0.6681232484907873,0.025706249253276137,automatic_candidate_needs_semantic_review,True,False
direction,TD-4d1e9bb9fbdb,电网灾害韧性与恢复,1,379,F0380,Reliability (semiconductor) / Reliability engineering / Engineering,0.6857747339666731,0.0027817960361812277,automatic_candidate_needs_semantic_review,True,False
direction,TD-4d1e9bb9fbdb,电网灾害韧性与恢复,2,302,F0303,Function (biology) / Basis (linear algebra) / Transfer function,0.6829929379304919,0.0027817960361812277,automatic_candidate_needs_semantic_review,True,False
direction,TD-4d1e9bb9fbdb,电网灾害韧性与恢复,3,4,F0005,Risk analysis (engineering) / Interdependence / Critical infrastructure,0.678329594257124,0.0027817960361812277,automatic_candidate_needs_semantic_review,True,False
direction,TD-4322a7fd235f,智能电网通信架构,1,219,F0220,Computer network / Scheme (mathematics) / Protocol (science),0.6975753722273388,0.013551155049973285,automatic_candidate_needs_semantic_review,True,False
direction,TD-4322a7fd235f,智能电网通信架构,2,348,F0349,Smart grid / IEC 61850 / Interoperability,0.6840242171773655,0.013551155049973285,automatic_candidate_needs_semantic_review,True,False
direction,TD-4322a7fd235f,智能电网通信架构,3,289,F0290,Service (business) / Marketing / Telecommunications,0.6749584675210036,0.013551155049973285,automatic_candidate_needs_semantic_review,True,False
direction,TD-2786e9d66efb,电力线载波通信,1,302,F0303,Function (biology) / Basis (linear algebra) / Transfer function,0.6811000516483869,0.007761925850923168,automatic_candidate_needs_semantic_review,True,False
direction,TD-2786e9d66efb,电力线载波通信,2,289,F0290,Service (business) / Marketing / Telecommunications,0.6733381257974638,0.007761925850923168,automatic_candidate_needs_semantic_review,True,False
direction,TD-2786e9d66efb,电力线载波通信,3,463,F0464,Transmission (telecommunications) / Power transmission / Transmission system,0.670497671233254,0.007761925850923168,automatic_candidate_needs_semantic_review,True,False
direction,TD-40ab594e37cb,智能电表物联网与用能监测,1,320,F0321,Metre / Electricity meter / Smart grid,0.6954513702212988,0.0038563927449475344,automatic_candidate_needs_semantic_review,True,False
direction,TD-40ab594e37cb,智能电表物联网与用能监测,2,451,F0452,Electric power / Metering mode / Electric energy,0.6915949774763512,0.0038563927449475344,automatic_candidate_needs_semantic_review,True,False
direction,TD-40ab594e37cb,智能电表物联网与用能监测,3,302,F0303,Function (biology) / Basis (linear algebra) / Transfer function,0.6727590013861267,0.0038563927449475344,automatic_candidate_needs_semantic_review,True,False
direction,TD-fe3f1fb32045,电力系统碳计量与低碳调度,1,302,F0303,Function (biology) / Basis (linear algebra) / Transfer function,0.7120893740017102,0.0024902462978259043,automatic_candidate_needs_semantic_review,True,False
direction,TD-fe3f1fb32045,电力系统碳计量与低碳调度,2,451,F0452,Electric power / Metering mode / Electric energy,0.7095991277038843,0.0024902462978259043,automatic_candidate_needs_semantic_review,True,False
direction,TD-fe3f1fb32045,电力系统碳计量与低碳调度,3,72,F0073,Process (computing) / Identification (biology) / Product (mathematics),0.7044006168257011,0.0024902462978259043,automatic_candidate_needs_semantic_review,True,False
direction,TD-628efae86741,产消者能源交易,1,302,F0303,Function (biology) / Basis (linear algebra) / Transfer function,0.6511617124243716,0.0018404114925091308,automatic_candidate_needs_semantic_review,True,False
direction,TD-628efae86741,产消者能源交易,2,313,F0314,Operations research / Penetration (warfare) / Operations management,0.6493213009318625,0.0018404114925091308,automatic_candidate_needs_semantic_review,True,False
direction,TD-628efae86741,产消者能源交易,3,21,F0022,Business / Environmental economics / Economics,0.6476994208512491,0.0018404114925091308,automatic_candidate_needs_semantic_review,True,False
direction,TD-cfad6e3bde00,电力交易竞价与市场优化,1,318,F0319,Electricity / Electricity market / Electricity generation,0.6904507933999732,0.0018338650269890122,automatic_candidate_needs_semantic_review,True,False
direction,TD-cfad6e3bde00,电力交易竞价与市场优化,2,313,F0314,Operations research / Penetration (warfare) / Operations management,0.6886169283729842,0.0018338650269890122,automatic_candidate_needs_semantic_review,True,False
direction,TD-cfad6e3bde00,电力交易竞价与市场优化,3,302,F0303,Function (biology) / Basis (linear algebra) / Transfer function,0.6858583332890827,0.0018338650269890122,automatic_candidate_needs_semantic_review,True,False
direction,TD-905121439b09,隔离型DC-DC变换器,1,459,F0460,Boost converter / Forward converter / Flyback converter,0.6824413991975088,0.007751013320539957,automatic_candidate_needs_semantic_review,True,False
direction,TD-905121439b09,隔离型DC-DC变换器,2,55,F0056,Converters / Electronic engineering / Voltage,0.6746903858769688,0.007751013320539957,automatic_candidate_needs_semantic_review,True,False
direction,TD-905121439b09,隔离型DC-DC变换器,3,255,F0256,Inductor / Inductance / Ripple,0.6572407984190242,0.007751013320539957,automatic_candidate_needs_semantic_review,True,False
direction,TD-06f19c1f19b4,非隔离DC-DC变换器,1,459,F0460,Boost converter / Forward converter / Flyback converter,0.6811505135961938,0.005432082732808929,automatic_candidate_needs_semantic_review,True,False
direction,TD-06f19c1f19b4,非隔离DC-DC变换器,2,55,F0056,Converters / Electronic engineering / Voltage,0.6757184308633849,0.005432082732808929,automatic_candidate_needs_semantic_review,True,False
direction,TD-06f19c1f19b4,非隔离DC-DC变换器,3,255,F0256,Inductor / Inductance / Ripple,0.6574887488409763,0.005432082732808929,automatic_candidate_needs_semantic_review,True,False
direction,TD-42a3fffc197f,谐振与软开关变换器,1,302,F0303,Function (biology) / Basis (linear algebra) / Transfer function,0.6595233492897646,0.0029149688004105334,automatic_candidate_needs_semantic_review,True,False
direction,TD-42a3fffc197f,谐振与软开关变换器,2,324,F0325,Electronic circuit / Equivalent circuit / Spice,0.6566083804893541,0.0029149688004105334,automatic_candidate_needs_semantic_review,True,False
direction,TD-42a3fffc197f,谐振与软开关变换器,3,269,F0270,Transformer / Electrical engineering / Distribution transformer,0.6531012080880525,0.0029149688004105334,automatic_candidate_needs_semantic_review,True,False
direction,TD-c5cd7e3451e6,功率因数校正电路与控制,1,302,F0303,Function (biology) / Basis (linear algebra) / Transfer function,0.6882864116341826,0.019919379690070294,automatic_candidate_needs_semantic_review,True,False
direction,TD-c5cd7e3451e6,功率因数校正电路与控制,2,72,F0073,Process (computing) / Identification (biology) / Product (mathematics),0.6683670319441123,0.019919379690070294,automatic_candidate_needs_semantic_review,True,False
direction,TD-c5cd7e3451e6,功率因数校正电路与控制,3,324,F0325,Electronic circuit / Equivalent circuit / Spice,0.6682536298949201,0.019919379690070294,automatic_candidate_needs_semantic_review,True,False
direction,TD-213c362872a8,多电平逆变器拓扑与调制,1,302,F0303,Function (biology) / Basis (linear algebra) / Transfer function,0.6651627668775422,0.010596113325408663,automatic_candidate_needs_semantic_review,True,False
direction,TD-213c362872a8,多电平逆变器拓扑与调制,2,409,F0410,Mode (computer interface) / Decomposition / Sliding mode control,0.6545666535521335,0.010596113325408663,automatic_candidate_needs_semantic_review,True,False
direction,TD-213c362872a8,多电平逆变器拓扑与调制,3,72,F0073,Process (computing) / Identification (biology) / Product (mathematics),0.6509494199571192,0.010596113325408663,automatic_candidate_needs_semantic_review,True,False
direction,TD-d81dec76672d,功率半导体器件,1,302,F0303,Function (biology) / Basis (linear algebra) / Transfer function,0.6782063281085712,0.007453118367686362,automatic_candidate_needs_semantic_review,True,False
direction,TD-d81dec76672d,功率半导体器件,2,474,F0475,Computer science / Engineering / Artificial intelligence,0.6707532097408848,0.007453118367686362,automatic_candidate_needs_semantic_review,True,False
direction,TD-d81dec76672d,功率半导体器件,3,177,F0178,Power (physics) / Electrical engineering / Engineering,0.668065361597232,0.007453118367686362,automatic_candidate_needs_semantic_review,True,False
direction,TD-83f88c0ddc90,集成电路与功率模块封装,1,302,F0303,Function (biology) / Basis (linear algebra) / Transfer function,0.6799826505295523,0.008074176025960611,automatic_candidate_needs_semantic_review,True,False
direction,TD-83f88c0ddc90,集成电路与功率模块封装,2,61,F0062,Systems engineering / Deliverable / Risk analysis (engineering),0.6719084745035917,0.008074176025960611,automatic_candidate_needs_semantic_review,True,False
direction,TD-83f88c0ddc90,集成电路与功率模块封装,3,295,F0296,Software / Operating system / Software engineering,0.6687154811417846,0.008074176025960611,automatic_candidate_needs_semantic_review,True,False
direction,TD-d11905f3d102,场效应晶体管结构与建模,1,302,F0303,Function (biology) / Basis (linear algebra) / Transfer function,0.6647076154326856,0.00900961003607681,automatic_candidate_needs_semantic_review,True,False
direction,TD-d11905f3d102,场效应晶体管结构与建模,2,474,F0475,Computer science / Engineering / Artificial intelligence,0.6556980053966088,0.00900961003607681,automatic_candidate_needs_semantic_review,True,False
direction,TD-d11905f3d102,场效应晶体管结构与建模,3,72,F0073,Process (computing) / Identification (biology) / Product (mathematics),0.6501818897009722,0.00900961003607681,automatic_candidate_needs_semantic_review,True,False
direction,TD-c1cc5752e863,FPGA实时控制与硬件实现,1,429,F0430,Interface (matter) / Embedded system / Computer hardware,0.663031096421828,0.003988528898646315,automatic_candidate_needs_semantic_review,True,False
direction,TD-c1cc5752e863,FPGA实时控制与硬件实现,2,295,F0296,Software / Operating system / Software engineering,0.6590425675231817,0.003988528898646315,automatic_candidate_needs_semantic_review,True,False
direction,TD-c1cc5752e863,FPGA实时控制与硬件实现,3,302,F0303,Function (biology) / Basis (linear algebra) / Transfer function,0.6499466877031022,0.003988528898646315,automatic_candidate_needs_semantic_review,True,False
direction,TD-a117845f7d16,永磁电机磁路与结构设计,1,302,F0303,Function (biology) / Basis (linear algebra) / Transfer function,0.6515907284227078,0.007868043446513928,automatic_candidate_needs_semantic_review,True,False
direction,TD-a117845f7d16,永磁电机磁路与结构设计,2,243,F0244,Engineering / Mechanical engineering / Manufacturing engineering,0.6437226849761939,0.007868043446513928,automatic_candidate_needs_semantic_review,True,False
direction,TD-a117845f7d16,永磁电机磁路与结构设计,3,61,F0062,Systems engineering / Deliverable / Risk analysis (engineering),0.6424026150051894,0.007868043446513928,automatic_candidate_needs_semantic_review,True,False
direction,TD-9bc34d5020d8,永磁同步电机控制,1,317,F0318,Control (management) / Control system / Artificial intelligence,0.6507539527549269,0.0017941842862478907,automatic_candidate_needs_semantic_review,True,False
direction,TD-9bc34d5020d8,永磁同步电机控制,2,302,F0303,Function (biology) / Basis (linear algebra) / Transfer function,0.648959768468679,0.0017941842862478907,automatic_candidate_needs_semantic_review,True,False
direction,TD-9bc34d5020d8,永磁同步电机控制,3,316,F0317,Actuator / Control system / Control engineering,0.6337170076053817,0.0017941842862478907,automatic_candidate_needs_semantic_review,True,False
direction,TD-6656c20f3646,感应电机运行控制与性能,1,302,F0303,Function (biology) / Basis (linear algebra) / Transfer function,0.6863590782028894,0.013140564996341086,automatic_candidate_needs_semantic_review,True,False
direction,TD-6656c20f3646,感应电机运行控制与性能,2,317,F0318,Control (management) / Control system / Artificial intelligence,0.6732185132065484,0.013140564996341086,automatic_candidate_needs_semantic_review,True,False
direction,TD-6656c20f3646,感应电机运行控制与性能,3,316,F0317,Actuator / Control system / Control engineering,0.6703585507757023,0.013140564996341086,automatic_candidate_needs_semantic_review,True,False
direction,TD-6ca64ea6b612,电机转矩脉动抑制,1,302,F0303,Function (biology) / Basis (linear algebra) / Transfer function,0.6644653532485495,0.006038631818943152,automatic_candidate_needs_semantic_review,True,False
direction,TD-6ca64ea6b612,电机转矩脉动抑制,2,133,F0134,Induction motor / Stator / Vector control,0.6584267214296063,0.006038631818943152,automatic_candidate_needs_semantic_review,True,False
direction,TD-6ca64ea6b612,电机转矩脉动抑制,3,316,F0317,Actuator / Control system / Control engineering,0.6570653852534755,0.006038631818943152,automatic_candidate_needs_semantic_review,True,False
direction,TD-29c634172dd1,电机驱动PWM与谐波控制,1,302,F0303,Function (biology) / Basis (linear algebra) / Transfer function,0.6832919510311628,0.015121216517617442,automatic_candidate_needs_semantic_review,True,False
direction,TD-29c634172dd1,电机驱动PWM与谐波控制,2,317,F0318,Control (management) / Control system / Artificial intelligence,0.6681707345135454,0.015121216517617442,automatic_candidate_needs_semantic_review,True,False
direction,TD-29c634172dd1,电机驱动PWM与谐波控制,3,409,F0410,Mode (computer interface) / Decomposition / Sliding mode control,0.6662088278134404,0.015121216517617442,automatic_candidate_needs_semantic_review,True,False
direction,TD-0404dcecc6d5,电机转子结构与制造,1,243,F0244,Engineering / Mechanical engineering / Manufacturing engineering,0.6638410409285285,0.0038116804587881026,automatic_candidate_needs_semantic_review,True,False
direction,TD-0404dcecc6d5,电机转子结构与制造,2,302,F0303,Function (biology) / Basis (linear algebra) / Transfer function,0.6600293604697404,0.0038116804587881026,automatic_candidate_needs_semantic_review,True,False
direction,TD-0404dcecc6d5,电机转子结构与制造,3,72,F0073,Process (computing) / Identification (biology) / Product (mathematics),0.6465633434549264,0.0038116804587881026,automatic_candidate_needs_semantic_review,True,False
direction,TD-f8866cdda90d,电机定子结构与制造,1,302,F0303,Function (biology) / Basis (linear algebra) / Transfer function,0.6728938057328364,0.006319810661218117,automatic_candidate_needs_semantic_review,True,False
direction,TD-f8866cdda90d,电机定子结构与制造,2,243,F0244,Engineering / Mechanical engineering / Manufacturing engineering,0.6665739950716183,0.006319810661218117,automatic_candidate_needs_semantic_review,True,False
direction,TD-f8866cdda90d,电机定子结构与制造,3,72,F0073,Process (computing) / Identification (biology) / Product (mathematics),0.6553476356193236,0.006319810661218117,automatic_candidate_needs_semantic_review,True,False
direction,TD-facf3b1e7373,电机绕组与线圈制造,1,302,F0303,Function (biology) / Basis (linear algebra) / Transfer function,0.6687386324027884,0.0010944799761749557,automatic_candidate_needs_semantic_review,True,False
direction,TD-facf3b1e7373,电机绕组与线圈制造,2,243,F0244,Engineering / Mechanical engineering / Manufacturing engineering,0.6676441524266135,0.0010944799761749557,automatic_candidate_needs_semantic_review,True,False
direction,TD-facf3b1e7373,电机绕组与线圈制造,3,72,F0073,Process (computing) / Identification (biology) / Product (mathematics),0.6573061457609245,0.0010944799761749557,automatic_candidate_needs_semantic_review,True,False
direction,TD-d79e7a1f9260,电池盖板、端子与密封结构,1,302,F0303,Function (biology) / Basis (linear algebra) / Transfer function,0.6788146422409276,0.009046096960374728,automatic_candidate_needs_semantic_review,True,False
direction,TD-d79e7a1f9260,电池盖板、端子与密封结构,2,72,F0073,Process (computing) / Identification (biology) / Product (mathematics),0.6697685452805529,0.009046096960374728,automatic_candidate_needs_semantic_review,True,False
direction,TD-d79e7a1f9260,电池盖板、端子与密封结构,3,474,F0475,Computer science / Engineering / Artificial intelligence,0.6697344644317216,0.009046096960374728,automatic_candidate_needs_semantic_review,True,False
direction,TD-d05afee7dc4f,电池模组与电池包装配结构,1,302,F0303,Function (biology) / Basis (linear algebra) / Transfer function,0.6820625878901262,0.0012226818121747751,automatic_candidate_needs_semantic_review,True,False
direction,TD-d05afee7dc4f,电池模组与电池包装配结构,2,61,F0062,Systems engineering / Deliverable / Risk analysis (engineering),0.6808399060779514,0.0012226818121747751,automatic_candidate_needs_semantic_review,True,False
direction,TD-d05afee7dc4f,电池模组与电池包装配结构,3,175,F0176,Component (thermodynamics) / Principal component analysis / Electronic component,0.6785218974783087,0.0012226818121747751,automatic_candidate_needs_semantic_review,True,False
direction,TD-86d7957876ba,电池装配工装与制造设备,1,61,F0062,Systems engineering / Deliverable / Risk analysis (engineering),0.6854453252280246,0.001601902866911309,automatic_candidate_needs_semantic_review,True,False
direction,TD-86d7957876ba,电池装配工装与制造设备,2,302,F0303,Function (biology) / Basis (linear algebra) / Transfer function,0.6838434223611133,0.001601902866911309,automatic_candidate_needs_semantic_review,True,False
direction,TD-86d7957876ba,电池装配工装与制造设备,3,235,F0236,Engineering management / Engineering ethics / Process management,0.6778113981158376,0.001601902866911309,automatic_candidate_needs_semantic_review,True,False
direction,TD-cf2af8ae4a11,电池电极涂布与辊压,1,72,F0073,Process (computing) / Identification (biology) / Product (mathematics),0.6766356396756528,0.0057663014508043675,automatic_candidate_needs_semantic_review,True,False
direction,TD-cf2af8ae4a11,电池电极涂布与辊压,2,138,F0139,Battery (electricity) / Lithium-ion battery / State of charge,0.6708693382248484,0.0057663014508043675,automatic_candidate_needs_semantic_review,True,False
direction,TD-cf2af8ae4a11,电池电极涂布与辊压,3,302,F0303,Function (biology) / Basis (linear algebra) / Transfer function,0.6702124696853763,0.0057663014508043675,automatic_candidate_needs_semantic_review,True,False
direction,TD-c8df26ed5e91,电池极耳焊接,1,72,F0073,Process (computing) / Identification (biology) / Product (mathematics),0.6251625972412712,0.004419077144221961,automatic_candidate_needs_semantic_review,True,False
direction,TD-c8df26ed5e91,电池极耳焊接,2,474,F0475,Computer science / Engineering / Artificial intelligence,0.6207435200970493,0.004419077144221961,automatic_candidate_needs_semantic_review,True,False
direction,TD-c8df26ed5e91,电池极耳焊接,3,302,F0303,Function (biology) / Basis (linear algebra) / Transfer function,0.6192355922393439,0.004419077144221961,automatic_candidate_needs_semantic_review,True,False
direction,TD-ae533cb41aff,电缆绝缘护套与导体结构,1,479,F0480,Forensic engineering / Damages / Construction engineering,0.6621740457997264,0.0028517639436070885,automatic_candidate_needs_semantic_review,True,False
direction,TD-ae533cb41aff,电缆绝缘护套与导体结构,2,243,F0244,Engineering / Mechanical engineering / Manufacturing engineering,0.6593222818561193,0.0028517639436070885,automatic_candidate_needs_semantic_review,True,False
direction,TD-ae533cb41aff,电缆绝缘护套与导体结构,3,72,F0073,Process (computing) / Identification (biology) / Product (mathematics),0.659011622980718,0.0028517639436070885,automatic_candidate_needs_semantic_review,True,False
direction,TD-4f1200a90d0f,电缆桥架与线束支撑,1,302,F0303,Function (biology) / Basis (linear algebra) / Transfer function,0.672459991176755,0.0157805594472763,automatic_candidate_needs_semantic_review,True,False
direction,TD-4f1200a90d0f,电缆桥架与线束支撑,2,289,F0290,Service (business) / Marketing / Telecommunications,0.6566794317294787,0.0157805594472763,automatic_candidate_needs_semantic_review,True,False
direction,TD-4f1200a90d0f,电缆桥架与线束支撑,3,322,F0323,Key (lock) / Computer security / Feature (linguistics),0.6544850974340243,0.0157805594472763,automatic_candidate_needs_semantic_review,True,False
direction,TD-2c9ee4cd206a,电连接器与接线端子,1,302,F0303,Function (biology) / Basis (linear algebra) / Transfer function,0.6536592550338236,0.00491568655365715,automatic_candidate_needs_semantic_review,True,False
direction,TD-2c9ee4cd206a,电连接器与接线端子,2,474,F0475,Computer science / Engineering / Artificial intelligence,0.6487435684801665,0.00491568655365715,automatic_candidate_needs_semantic_review,True,False
direction,TD-2c9ee4cd206a,电连接器与接线端子,3,289,F0290,Service (business) / Marketing / Telecommunications,0.6455783655819278,0.00491568655365715,automatic_candidate_needs_semantic_review,True,False
direction,TD-08775d2fc54d,电气设备风冷散热,1,72,F0073,Process (computing) / Identification (biology) / Product (mathematics),0.6760799945725657,0.0032256177343412684,automatic_candidate_needs_semantic_review,True,False
direction,TD-08775d2fc54d,电气设备风冷散热,2,243,F0244,Engineering / Mechanical engineering / Manufacturing engineering,0.6728543768382245,0.0032256177343412684,automatic_candidate_needs_semantic_review,True,False
direction,TD-08775d2fc54d,电气设备风冷散热,3,113,F0114,Unit (ring theory) / Power system simulation / Power unit,0.6691384537339035,0.0032256177343412684,automatic_candidate_needs_semantic_review,True,False
direction,TD-de6f2bccd5a9,电气设备液冷散热,1,72,F0073,Process (computing) / Identification (biology) / Product (mathematics),0.6737126602532924,0.005045165912040073,automatic_candidate_needs_semantic_review,True,False
direction,TD-de6f2bccd5a9,电气设备液冷散热,2,243,F0244,Engineering / Mechanical engineering / Manufacturing engineering,0.6686674943412523,0.005045165912040073,automatic_candidate_needs_semantic_review,True,False
direction,TD-de6f2bccd5a9,电气设备液冷散热,3,113,F0114,Unit (ring theory) / Power system simulation / Power unit,0.6616560257283725,0.005045165912040073,automatic_candidate_needs_semantic_review,True,False
direction,TD-3599956c13ce,电气设备温度监测与控制,1,302,F0303,Function (biology) / Basis (linear algebra) / Transfer function,0.6808422914295258,0.000516931780406571,automatic_candidate_needs_semantic_review,True,False
direction,TD-3599956c13ce,电气设备温度监测与控制,2,72,F0073,Process (computing) / Identification (biology) / Product (mathematics),0.6803253596491192,0.000516931780406571,automatic_candidate_needs_semantic_review,True,False
direction,TD-3599956c13ce,电气设备温度监测与控制,3,113,F0114,Unit (ring theory) / Power system simulation / Power unit,0.6781478322352319,0.000516931780406571,automatic_candidate_needs_semantic_review,True,False
direction,TD-7fe3183ccd8d,温度传感与测量装置,1,302,F0303,Function (biology) / Basis (linear algebra) / Transfer function,0.6762370909796065,0.005703349466021135,automatic_candidate_needs_semantic_review,True,False
direction,TD-7fe3183ccd8d,温度传感与测量装置,2,72,F0073,Process (computing) / Identification (biology) / Product (mathematics),0.6705337415135854,0.005703349466021135,automatic_candidate_needs_semantic_review,True,False
direction,TD-7fe3183ccd8d,温度传感与测量装置,3,400,F0401,Measure (data warehouse) / Instrumentation (computer programming) / Data mining,0.6672814801220528,0.005703349466021135,automatic_candidate_needs_semantic_review,True,False
direction,TD-18b5e8b3071f,电流检测与测量电路,1,302,F0303,Function (biology) / Basis (linear algebra) / Transfer function,0.6876252892886824,0.009675251232795667,automatic_candidate_needs_semantic_review,True,False
direction,TD-18b5e8b3071f,电流检测与测量电路,2,72,F0073,Process (computing) / Identification (biology) / Product (mathematics),0.6779500380558867,0.009675251232795667,automatic_candidate_needs_semantic_review,True,False
direction,TD-18b5e8b3071f,电流检测与测量电路,3,324,F0325,Electronic circuit / Equivalent circuit / Spice,0.6771317035341905,0.009675251232795667,automatic_candidate_needs_semantic_review,True,False
direction,TD-68f057525811,电压检测与测量电路,1,302,F0303,Function (biology) / Basis (linear algebra) / Transfer function,0.6864781664045143,0.010414634634762554,automatic_candidate_needs_semantic_review,True,False
direction,TD-68f057525811,电压检测与测量电路,2,232,F0233,Test (biology) / Reliability engineering / Test method,0.6760635317697518,0.010414634634762554,automatic_candidate_needs_semantic_review,True,False
direction,TD-68f057525811,电压检测与测量电路,3,72,F0073,Process (computing) / Identification (biology) / Product (mathematics),0.6754563474571814,0.010414634634762554,automatic_candidate_needs_semantic_review,True,False
direction,TD-e175ccb8c804,浪涌与过压保护电路,1,302,F0303,Function (biology) / Basis (linear algebra) / Transfer function,0.6748386063882997,0.0003222889722972466,automatic_candidate_needs_semantic_review,True,False
direction,TD-e175ccb8c804,浪涌与过压保护电路,2,72,F0073,Process (computing) / Identification (biology) / Product (mathematics),0.6745163174160025,0.0003222889722972466,automatic_candidate_needs_semantic_review,True,False
direction,TD-e175ccb8c804,浪涌与过压保护电路,3,177,F0178,Power (physics) / Electrical engineering / Engineering,0.6698476792462179,0.0003222889722972466,automatic_candidate_needs_semantic_review,True,False
direction,TD-44e86742f670,漏电与剩余电流保护,1,302,F0303,Function (biology) / Basis (linear algebra) / Transfer function,0.6836238562939367,0.001747813575776913,automatic_candidate_needs_semantic_review,True,False
direction,TD-44e86742f670,漏电与剩余电流保护,2,276,F0277,Mains electricity / Backup / Switched-mode power supply,0.6818760427181598,0.001747813575776913,automatic_candidate_needs_semantic_review,True,False
direction,TD-44e86742f670,漏电与剩余电流保护,3,72,F0073,Process (computing) / Identification (biology) / Product (mathematics),0.6743572442914147,0.001747813575776913,automatic_candidate_needs_semantic_review,True,False
direction,TD-e7d3fda1fd62,光伏清扫机器人,1,72,F0073,Process (computing) / Identification (biology) / Product (mathematics),0.6317976624574542,0.0009471464662621498,automatic_candidate_needs_semantic_review,True,False
direction,TD-e7d3fda1fd62,光伏清扫机器人,2,302,F0303,Function (biology) / Basis (linear algebra) / Transfer function,0.630850515991192,0.0009471464662621498,automatic_candidate_needs_semantic_review,True,False
direction,TD-e7d3fda1fd62,光伏清扫机器人,3,289,F0290,Service (business) / Marketing / Telecommunications,0.6291252412418606,0.0009471464662621498,automatic_candidate_needs_semantic_review,True,False
direction,TD-df1b6f1cafeb,变电站巡检机器人,1,302,F0303,Function (biology) / Basis (linear algebra) / Transfer function,0.6602002366143916,0.005786925476132132,automatic_candidate_needs_semantic_review,True,False
direction,TD-df1b6f1cafeb,变电站巡检机器人,2,91,F0092,Regulator / Voltage regulator / Voltage regulation,0.6544133111382595,0.005786925476132132,automatic_candidate_needs_semantic_review,True,False
direction,TD-df1b6f1cafeb,变电站巡检机器人,3,243,F0244,Engineering / Mechanical engineering / Manufacturing engineering,0.6527748404280012,0.005786925476132132,automatic_candidate_needs_semantic_review,True,False
direction,TD-883baafccc54,风能资源评估与选址,1,108,F0109,Wind power / Turbine / Wind speed,0.6886447088024193,0.006601899089505148,automatic_candidate_needs_semantic_review,True,False
direction,TD-883baafccc54,风能资源评估与选址,2,125,F0126,Selection (genetic algorithm) / Site selection / Feature selection,0.6820428097129142,0.006601899089505148,automatic_candidate_needs_semantic_review,True,False
direction,TD-883baafccc54,风能资源评估与选址,3,306,F0307,Resource (disambiguation) / Natural resource / Scarcity,0.6794245116428962,0.006601899089505148,automatic_candidate_needs_semantic_review,True,False
direction,TD-e7323257ad6a,漂浮式海上风电平台,1,183,F0184,Offshore wind power / Submarine pipeline / Marine engineering,0.6990498683579432,0.03463184775666661,automatic_candidate_needs_semantic_review,True,False
direction,TD-e7323257ad6a,漂浮式海上风电平台,2,349,F0350,Hydropower / Hydroelectricity / Small hydro,0.6644180206012766,0.03463184775666661,automatic_candidate_needs_semantic_review,True,False
direction,TD-e7323257ad6a,漂浮式海上风电平台,3,362,F0363,Marine engineering / Aerospace engineering / Propulsion,0.6602335501668599,0.03463184775666661,automatic_candidate_needs_semantic_review,True,False
direction,TD-1d0d65a01058,波浪能转换装置,1,243,F0244,Engineering / Mechanical engineering / Manufacturing engineering,0.6575195779286969,0.00025813478822600544,automatic_candidate_needs_semantic_review,True,False
direction,TD-1d0d65a01058,波浪能转换装置,2,439,F0440,Variable (mathematics) / Variable renewable energy / Continuously variable transmission,0.6572614431404709,0.00025813478822600544,automatic_candidate_needs_semantic_review,True,False
direction,TD-1d0d65a01058,波浪能转换装置,3,302,F0303,Function (biology) / Basis (linear algebra) / Transfer function,0.655715719362577,0.00025813478822600544,automatic_candidate_needs_semantic_review,True,False
direction,TD-3d2da1f71b6c,水电站运行调度,1,349,F0350,Hydropower / Hydroelectricity / Small hydro,0.6784475788707168,0.0012420084328074177,automatic_candidate_needs_semantic_review,True,False
direction,TD-3d2da1f71b6c,水电站运行调度,2,289,F0290,Service (business) / Marketing / Telecommunications,0.6772055704379094,0.0012420084328074177,automatic_candidate_needs_semantic_review,True,False
direction,TD-3d2da1f71b6c,水电站运行调度,3,302,F0303,Function (biology) / Basis (linear algebra) / Transfer function,0.6763554075194019,0.0012420084328074177,automatic_candidate_needs_semantic_review,True,False
direction,TD-596895e3bbb4,水轮机性能与设计,1,243,F0244,Engineering / Mechanical engineering / Manufacturing engineering,0.6779247647609004,0.005029392225887164,automatic_candidate_needs_semantic_review,True,False
direction,TD-596895e3bbb4,水轮机性能与设计,2,302,F0303,Function (biology) / Basis (linear algebra) / Transfer function,0.6728953725350132,0.005029392225887164,automatic_candidate_needs_semantic_review,True,False
direction,TD-596895e3bbb4,水轮机性能与设计,3,61,F0062,Systems engineering / Deliverable / Risk analysis (engineering),0.6595153871156594,0.005029392225887164,automatic_candidate_needs_semantic_review,True,False
direction,TD-7658a8d56ac8,制冷工质及其热物性,1,72,F0073,Process (computing) / Identification (biology) / Product (mathematics),0.661486568899262,0.0028006159218313398,automatic_candidate_needs_semantic_review,True,False
direction,TD-7658a8d56ac8,制冷工质及其热物性,2,302,F0303,Function (biology) / Basis (linear algebra) / Transfer function,0.6586859529774307,0.0028006159218313398,automatic_candidate_needs_semantic_review,True,False
direction,TD-7658a8d56ac8,制冷工质及其热物性,3,129,F0130,Work (physics) / Mechanical engineering / Work function,0.6572269651757812,0.0028006159218313398,automatic_candidate_needs_semantic_review,True,False
direction,TD-ec2e2bfdd456,蒸汽压缩制冷循环,1,72,F0073,Process (computing) / Identification (biology) / Product (mathematics),0.6577656589719372,0.004096232357705731,automatic_candidate_needs_semantic_review,True,False
direction,TD-ec2e2bfdd456,蒸汽压缩制冷循环,2,256,F0257,Gas compressor / Turbine / Impeller,0.6536694266142314,0.004096232357705731,automatic_candidate_needs_semantic_review,True,False
direction,TD-ec2e2bfdd456,蒸汽压缩制冷循环,3,302,F0303,Function (biology) / Basis (linear algebra) / Transfer function,0.6513288715752097,0.004096232357705731,automatic_candidate_needs_semantic_review,True,False
direction,TD-329be0a65eee,吸收式制冷循环,1,72,F0073,Process (computing) / Identification (biology) / Product (mathematics),0.6652908506040909,0.0032160231794982064,automatic_candidate_needs_semantic_review,True,False
direction,TD-329be0a65eee,吸收式制冷循环,2,302,F0303,Function (biology) / Basis (linear algebra) / Transfer function,0.6620748274245927,0.0032160231794982064,automatic_candidate_needs_semantic_review,True,False
direction,TD-329be0a65eee,吸收式制冷循环,3,113,F0114,Unit (ring theory) / Power system simulation / Power unit,0.6548399581795954,0.0032160231794982064,automatic_candidate_needs_semantic_review,True,False
direction,TD-596062ed97ef,吸附式制冷循环,1,72,F0073,Process (computing) / Identification (biology) / Product (mathematics),0.6679517130834769,0.001434444527791845,automatic_candidate_needs_semantic_review,True,False
direction,TD-596062ed97ef,吸附式制冷循环,2,302,F0303,Function (biology) / Basis (linear algebra) / Transfer function,0.666517268555685,0.001434444527791845,automatic_candidate_needs_semantic_review,True,False
direction,TD-596062ed97ef,吸附式制冷循环,3,243,F0244,Engineering / Mechanical engineering / Manufacturing engineering,0.6597880933417286,0.001434444527791845,automatic_candidate_needs_semantic_review,True,False
direction,TD-02cdccbb18d4,区域供热供冷系统,1,113,F0114,Unit (ring theory) / Power system simulation / Power unit,0.6588102669670044,0.002392726213019447,automatic_candidate_needs_semantic_review,True,False
direction,TD-02cdccbb18d4,区域供热供冷系统,2,302,F0303,Function (biology) / Basis (linear algebra) / Transfer function,0.656417540753985,0.002392726213019447,automatic_candidate_needs_semantic_review,True,False
direction,TD-02cdccbb18d4,区域供热供冷系统,3,289,F0290,Service (business) / Marketing / Telecommunications,0.6526522016724107,0.002392726213019447,automatic_candidate_needs_semantic_review,True,False
direction,TD-98a6a5c8a829,地源热泵与地埋换热器,1,431,F0432,Heat pump / Heat exchanger / Coefficient of performance,0.6692296249106288,0.009645064354873889,automatic_candidate_needs_semantic_review,True,False
direction,TD-98a6a5c8a829,地源热泵与地埋换热器,2,449,F0450,Boiler (water heating) / Waste management / Engineering,0.6595845605557549,0.009645064354873889,automatic_candidate_needs_semantic_review,True,False
direction,TD-98a6a5c8a829,地源热泵与地埋换热器,3,113,F0114,Unit (ring theory) / Power system simulation / Power unit,0.659534970715239,0.009645064354873889,automatic_candidate_needs_semantic_review,True,False
direction,TD-9f5c36c5c5f8,空气源热泵,1,113,F0114,Unit (ring theory) / Power system simulation / Power unit,0.6673753234777873,0.0063366872541236186,automatic_candidate_needs_semantic_review,True,False
direction,TD-9f5c36c5c5f8,空气源热泵,2,243,F0244,Engineering / Mechanical engineering / Manufacturing engineering,0.6610386362236637,0.0063366872541236186,automatic_candidate_needs_semantic_review,True,False
direction,TD-9f5c36c5c5f8,空气源热泵,3,431,F0432,Heat pump / Heat exchanger / Coefficient of performance,0.6592920991690526,0.0063366872541236186,automatic_candidate_needs_semantic_review,True,False
direction,TD-2598e06a957d,有机朗肯循环发电,1,470,F0471,Electricity generation / Electricity system / Microbial fuel cell,0.6353232899403949,0.00020806528572359095,automatic_candidate_needs_semantic_review,True,False
direction,TD-2598e06a957d,有机朗肯循环发电,2,72,F0073,Process (computing) / Identification (biology) / Product (mathematics),0.6351152246546713,0.00020806528572359095,automatic_candidate_needs_semantic_review,True,False
direction,TD-2598e06a957d,有机朗肯循环发电,3,233,F0234,Organic Rankine cycle / Waste heat / Degree Rankine,0.6341334572487248,0.00020806528572359095,automatic_candidate_needs_semantic_review,True,False
direction,TD-b14f25e746ef,超临界二氧化碳布雷顿循环,1,72,F0073,Process (computing) / Identification (biology) / Product (mathematics),0.6717685214344506,0.008775903206570956,automatic_candidate_needs_semantic_review,True,False
direction,TD-b14f25e746ef,超临界二氧化碳布雷顿循环,2,302,F0303,Function (biology) / Basis (linear algebra) / Transfer function,0.6629926182278797,0.008775903206570956,automatic_candidate_needs_semantic_review,True,False
direction,TD-b14f25e746ef,超临界二氧化碳布雷顿循环,3,388,F0389,Limiting / Current limiting / Fault current limiter,0.6582572717013047,0.008775903206570956,automatic_candidate_needs_semantic_review,True,False
direction,TD-1e53e878b4b1,潜热储热系统,1,72,F0073,Process (computing) / Identification (biology) / Product (mathematics),0.6705747445064802,0.004842885271738928,automatic_candidate_needs_semantic_review,True,False
direction,TD-1e53e878b4b1,潜热储热系统,2,481,F0482,Energy storage / Thermal energy storage / Electrochemical energy storage,0.6657318592347413,0.004842885271738928,automatic_candidate_needs_semantic_review,True,False
direction,TD-1e53e878b4b1,潜热储热系统,3,113,F0114,Unit (ring theory) / Power system simulation / Power unit,0.6639215390327571,0.004842885271738928,automatic_candidate_needs_semantic_review,True,False
direction,TD-08d69eb878ce,热化学储热系统,1,72,F0073,Process (computing) / Identification (biology) / Product (mathematics),0.6667933795490618,0.0101350062376242,automatic_candidate_needs_semantic_review,True,False
direction,TD-08d69eb878ce,热化学储热系统,2,481,F0482,Energy storage / Thermal energy storage / Electrochemical energy storage,0.6566583733114376,0.0101350062376242,automatic_candidate_needs_semantic_review,True,False
direction,TD-08d69eb878ce,热化学储热系统,3,474,F0475,Computer science / Engineering / Artificial intelligence,0.6506593970916741,0.0101350062376242,automatic_candidate_needs_semantic_review,True,False
direction,TD-b93e9651484a,换热器结构与传热强化,1,72,F0073,Process (computing) / Identification (biology) / Product (mathematics),0.6939653957861562,0.0029778902967050325,automatic_candidate_needs_semantic_review,True,False
direction,TD-b93e9651484a,换热器结构与传热强化,2,113,F0114,Unit (ring theory) / Power system simulation / Power unit,0.6909875054894512,0.0029778902967050325,automatic_candidate_needs_semantic_review,True,False
direction,TD-b93e9651484a,换热器结构与传热强化,3,302,F0303,Function (biology) / Basis (linear algebra) / Transfer function,0.6897201222938065,0.0029778902967050325,automatic_candidate_needs_semantic_review,True,False
direction,TD-d453a3ccd271,建筑冷却与被动降温,1,302,F0303,Function (biology) / Basis (linear algebra) / Transfer function,0.6819520859249464,0.0018023061397263174,automatic_candidate_needs_semantic_review,True,False
direction,TD-d453a3ccd271,建筑冷却与被动降温,2,22,F0023,Architectural engineering / Efficient energy use / Air conditioning,0.6801497797852201,0.0018023061397263174,automatic_candidate_needs_semantic_review,True,False
direction,TD-d453a3ccd271,建筑冷却与被动降温,3,72,F0073,Process (computing) / Identification (biology) / Product (mathematics),0.6778579300672614,0.0018023061397263174,automatic_candidate_needs_semantic_review,True,False
direction,TD-9b2981df91df,建筑节能改造,1,22,F0023,Architectural engineering / Efficient energy use / Air conditioning,0.7173239310774728,0.009648209512398531,automatic_candidate_needs_semantic_review,True,False
direction,TD-9b2981df91df,建筑节能改造,2,57,F0058,Energy conservation / Audit / Environmental economics,0.7076757215650743,0.009648209512398531,automatic_candidate_needs_semantic_review,True,False
direction,TD-9b2981df91df,建筑节能改造,3,113,F0114,Unit (ring theory) / Power system simulation / Power unit,0.6883156864375466,0.009648209512398531,automatic_candidate_needs_semantic_review,True,False
direction,TD-44fbc5c40475,建筑暖通空调能耗,1,22,F0023,Architectural engineering / Efficient energy use / Air conditioning,0.6543274213775833,0.038038398325234035,automatic_candidate_needs_semantic_review,True,False
direction,TD-44fbc5c40475,建筑暖通空调能耗,2,57,F0058,Energy conservation / Audit / Environmental economics,0.6162890230523492,0.038038398325234035,automatic_candidate_needs_semantic_review,True,False
direction,TD-44fbc5c40475,建筑暖通空调能耗,3,304,F0305,Energy consumption / Consumption (sociology) / Power consumption,0.6126822995889206,0.038038398325234035,automatic_candidate_needs_semantic_review,True,False
direction,TD-6ae1792aeda6,工业能源审计与节能评估,1,57,F0058,Energy conservation / Audit / Environmental economics,0.682111930483062,0.005330988893057942,automatic_candidate_needs_semantic_review,True,False
direction,TD-6ae1792aeda6,工业能源审计与节能评估,2,199,F0200,Business administration / Agricultural science / Business management,0.676780941590004,0.005330988893057942,automatic_candidate_needs_semantic_review,True,False
direction,TD-6ae1792aeda6,工业能源审计与节能评估,3,289,F0290,Service (business) / Marketing / Telecommunications,0.6669981595817759,0.005330988893057942,automatic_candidate_needs_semantic_review,True,False
direction,TD-4bde32b15551,地热资源勘探与储层建模,1,223,F0224,Geothermal gradient / Geothermal energy / Petroleum engineering,0.6603238438277471,0.003468698744176657,automatic_candidate_needs_semantic_review,True,False
direction,TD-4bde32b15551,地热资源勘探与储层建模,2,306,F0307,Resource (disambiguation) / Natural resource / Scarcity,0.6568551450835705,0.003468698744176657,automatic_candidate_needs_semantic_review,True,False
direction,TD-4bde32b15551,地热资源勘探与储层建模,3,72,F0073,Process (computing) / Identification (biology) / Product (mathematics),0.6541359093523783,0.003468698744176657,automatic_candidate_needs_semantic_review,True,False
direction,TD-a161d7412a36,地热供热与发电利用,1,223,F0224,Geothermal gradient / Geothermal energy / Petroleum engineering,0.6470728193733388,0.0018362973730211563,automatic_candidate_needs_semantic_review,True,False
direction,TD-a161d7412a36,地热供热与发电利用,2,129,F0130,Work (physics) / Mechanical engineering / Work function,0.6452365220003177,0.0018362973730211563,automatic_candidate_needs_semantic_review,True,False
direction,TD-a161d7412a36,地热供热与发电利用,3,72,F0073,Process (computing) / Identification (biology) / Product (mathematics),0.6449112895205611,0.0018362973730211563,automatic_candidate_needs_semantic_review,True,False
direction,TD-c5fc2da0880a,燃气轮机热力性能,1,243,F0244,Engineering / Mechanical engineering / Manufacturing engineering,0.6450459989719001,0.0080878462874866,automatic_candidate_needs_semantic_review,True,False
direction,TD-c5fc2da0880a,燃气轮机热力性能,2,449,F0450,Boiler (water heating) / Waste management / Engineering,0.6369581526844135,0.0080878462874866,automatic_candidate_needs_semantic_review,True,False
direction,TD-c5fc2da0880a,燃气轮机热力性能,3,113,F0114,Unit (ring theory) / Power system simulation / Power unit,0.6343712222281086,0.0080878462874866,automatic_candidate_needs_semantic_review,True,False
direction,TD-a2187922e0f3,柴油机燃烧与排放,1,332,F0333,Diesel fuel / Diesel engine / Biodiesel,0.6704251099024083,0.01804597925485485,automatic_candidate_needs_semantic_review,True,False
direction,TD-a2187922e0f3,柴油机燃烧与排放,2,489,F0490,Gasoline / Petroleum / Waste management,0.6523791306475535,0.01804597925485485,automatic_candidate_needs_semantic_review,True,False
direction,TD-a2187922e0f3,柴油机燃烧与排放,3,72,F0073,Process (computing) / Identification (biology) / Product (mathematics),0.6488334733377374,0.01804597925485485,automatic_candidate_needs_semantic_review,True,False
direction,TD-d11b0288301f,双燃料发动机,1,113,F0114,Unit (ring theory) / Power system simulation / Power unit,0.650859155662208,0.0003472602526615187,automatic_candidate_needs_semantic_review,True,False
direction,TD-d11b0288301f,双燃料发动机,2,237,F0238,Dual (grammatical number) / Dual role / Dual purpose,0.6505118954095465,0.0003472602526615187,automatic_candidate_needs_semantic_review,True,False
direction,TD-d11b0288301f,双燃料发动机,3,243,F0244,Engineering / Mechanical engineering / Manufacturing engineering,0.6475665742386758,0.0003472602526615187,automatic_candidate_needs_semantic_review,True,False
direction,TD-d0e5e393a30a,电站锅炉运行与燃烧,1,449,F0450,Boiler (water heating) / Waste management / Engineering,0.6470364671718831,0.004799222284238125,automatic_candidate_needs_semantic_review,True,False
direction,TD-d0e5e393a30a,电站锅炉运行与燃烧,2,113,F0114,Unit (ring theory) / Power system simulation / Power unit,0.642237244887645,0.004799222284238125,automatic_candidate_needs_semantic_review,True,False
direction,TD-d0e5e393a30a,电站锅炉运行与燃烧,3,302,F0303,Function (biology) / Basis (linear algebra) / Transfer function,0.6376473273681819,0.004799222284238125,automatic_candidate_needs_semantic_review,True,False
direction,TD-b78d4eea4b36,汽轮机运行与热力性能,1,243,F0244,Engineering / Mechanical engineering / Manufacturing engineering,0.6640786819676003,0.005400851521541461,automatic_candidate_needs_semantic_review,True,False
direction,TD-b78d4eea4b36,汽轮机运行与热力性能,2,302,F0303,Function (biology) / Basis (linear algebra) / Transfer function,0.6586778304460589,0.005400851521541461,automatic_candidate_needs_semantic_review,True,False
direction,TD-b78d4eea4b36,汽轮机运行与热力性能,3,72,F0073,Process (computing) / Identification (biology) / Product (mathematics),0.6568383377956948,0.005400851521541461,automatic_candidate_needs_semantic_review,True,False
direction,TD-c2cf8c36b018,煤气化工艺与反应,1,72,F0073,Process (computing) / Identification (biology) / Product (mathematics),0.6432998903572575,0.0179017743884069,automatic_candidate_needs_semantic_review,True,False
direction,TD-c2cf8c36b018,煤气化工艺与反应,2,474,F0475,Computer science / Engineering / Artificial intelligence,0.6253981159688506,0.0179017743884069,automatic_candidate_needs_semantic_review,True,False
direction,TD-c2cf8c36b018,煤气化工艺与反应,3,302,F0303,Function (biology) / Basis (linear algebra) / Transfer function,0.622759885222962,0.0179017743884069,automatic_candidate_needs_semantic_review,True,False
direction,TD-299bb7ce68c5,天然气水合物生成与分解,1,272,F0273,Natural gas / Liquefied natural gas / Waste management,0.6448840754602546,0.009805024099210247,automatic_candidate_needs_semantic_review,True,False
direction,TD-299bb7ce68c5,天然气水合物生成与分解,2,72,F0073,Process (computing) / Identification (biology) / Product (mathematics),0.6350790513610444,0.009805024099210247,automatic_candidate_needs_semantic_review,True,False
direction,TD-299bb7ce68c5,天然气水合物生成与分解,3,492,F0493,Pipeline (software) / Petroleum engineering / Pipeline transport,0.6300841609100336,0.009805024099210247,automatic_candidate_needs_semantic_review,True,False
direction,TD-22394d0dc347,天然气管网优化运行,1,492,F0493,Pipeline (software) / Petroleum engineering / Pipeline transport,0.671432096616164,0.013882644070957961,automatic_candidate_needs_semantic_review,True,False
direction,TD-22394d0dc347,天然气管网优化运行,2,272,F0273,Natural gas / Liquefied natural gas / Waste management,0.657549452545206,0.013882644070957961,automatic_candidate_needs_semantic_review,True,False
direction,TD-22394d0dc347,天然气管网优化运行,3,289,F0290,Service (business) / Marketing / Telecommunications,0.6553634000615238,0.013882644070957961,automatic_candidate_needs_semantic_review,True,False
direction,TD-3c5abba2caa6,核裂变反应堆工程,1,72,F0073,Process (computing) / Identification (biology) / Product (mathematics),0.6376581322691396,0.00018759321414008046,automatic_candidate_needs_semantic_review,True,False
direction,TD-3c5abba2caa6,核裂变反应堆工程,2,140,F0141,Nuclear power / Nuclear power plant / Nuclear engineering,0.6374705390549995,0.00018759321414008046,automatic_candidate_needs_semantic_review,True,False
direction,TD-3c5abba2caa6,核裂变反应堆工程,3,474,F0475,Computer science / Engineering / Artificial intelligence,0.6357689310918675,0.00018759321414008046,automatic_candidate_needs_semantic_review,True,False
direction,TD-0681331c6e68,核聚变装置工程,1,113,F0114,Unit (ring theory) / Power system simulation / Power unit,0.6648988343322891,0.0014265983898820167,automatic_candidate_needs_semantic_review,True,False
direction,TD-0681331c6e68,核聚变装置工程,2,72,F0073,Process (computing) / Identification (biology) / Product (mathematics),0.6634722359424071,0.0014265983898820167,automatic_candidate_needs_semantic_review,True,False
direction,TD-0681331c6e68,核聚变装置工程,3,474,F0475,Computer science / Engineering / Artificial intelligence,0.6621003855233386,0.0014265983898820167,automatic_candidate_needs_semantic_review,True,False
direction,TD-707e2f3cf7bf,聚变加热与中性束注入,1,72,F0073,Process (computing) / Identification (biology) / Product (mathematics),0.6774636566772051,0.0046756118703714655,automatic_candidate_needs_semantic_review,True,False
direction,TD-707e2f3cf7bf,聚变加热与中性束注入,2,113,F0114,Unit (ring theory) / Power system simulation / Power unit,0.6727880448068336,0.0046756118703714655,automatic_candidate_needs_semantic_review,True,False
direction,TD-707e2f3cf7bf,聚变加热与中性束注入,3,474,F0475,Computer science / Engineering / Artificial intelligence,0.668385190632544,0.0046756118703714655,automatic_candidate_needs_semantic_review,True,False
direction,TD-901042b64f70,磁约束等离子体MHD稳定性,1,72,F0073,Process (computing) / Identification (biology) / Product (mathematics),0.6363994010115415,0.0034910123853191255,automatic_candidate_needs_semantic_review,True,False
direction,TD-901042b64f70,磁约束等离子体MHD稳定性,2,164,F0165,Compatibility (geochemistry) / Solid-state / Electromagnetic compatibility,0.6329083886262223,0.0034910123853191255,automatic_candidate_needs_semantic_review,True,False
direction,TD-901042b64f70,磁约束等离子体MHD稳定性,3,421,F0422,Stability (learning theory) / Margin (machine learning) / Electronic stability control,0.6270874633261998,0.0034910123853191255,automatic_candidate_needs_semantic_review,True,False
direction,TD-99883f0d5d03,核结构材料辐照损伤,1,72,F0073,Process (computing) / Identification (biology) / Product (mathematics),0.6318164569986454,0.0016348452801430158,automatic_candidate_needs_semantic_review,True,False
direction,TD-99883f0d5d03,核结构材料辐照损伤,2,474,F0475,Computer science / Engineering / Artificial intelligence,0.6301816117185024,0.0016348452801430158,automatic_candidate_needs_semantic_review,True,False
direction,TD-99883f0d5d03,核结构材料辐照损伤,3,479,F0480,Forensic engineering / Damages / Construction engineering,0.6258199178253124,0.0016348452801430158,automatic_candidate_needs_semantic_review,True,False
direction,TD-90efb2ae742c,电力设施覆冰与除冰,1,72,F0073,Process (computing) / Identification (biology) / Product (mathematics),0.6874849319750688,0.004776902315398401,automatic_candidate_needs_semantic_review,True,False
direction,TD-90efb2ae742c,电力设施覆冰与除冰,2,302,F0303,Function (biology) / Basis (linear algebra) / Transfer function,0.6827080296596704,0.004776902315398401,automatic_candidate_needs_semantic_review,True,False
direction,TD-90efb2ae742c,电力设施覆冰与除冰,3,289,F0290,Service (business) / Marketing / Telecommunications,0.6811733663948139,0.004776902315398401,automatic_candidate_needs_semantic_review,True,False
direction,TD-fb47a3df765b,灌溉水资源优化调度,1,302,F0303,Function (biology) / Basis (linear algebra) / Transfer function,0.66388176587788,0.0006324395457060206,automatic_candidate_needs_semantic_review,True,False
direction,TD-fb47a3df765b,灌溉水资源优化调度,2,289,F0290,Service (business) / Marketing / Telecommunications,0.6632493263321739,0.0006324395457060206,automatic_candidate_needs_semantic_review,True,False
direction,TD-fb47a3df765b,灌溉水资源优化调度,3,313,F0314,Operations research / Penetration (warfare) / Operations management,0.6584635834967326,0.0006324395457060206,automatic_candidate_needs_semantic_review,True,False
direction,TD-5d52406d7e29,木材加工与干燥,1,29,F0030,Forestry / Agroforestry / Thinning,0.6719097564095102,0.013526320686194415,automatic_candidate_needs_semantic_review,True,False
direction,TD-5d52406d7e29,木材加工与干燥,2,302,F0303,Function (biology) / Basis (linear algebra) / Transfer function,0.6583834357233158,0.013526320686194415,automatic_candidate_needs_semantic_review,True,False
direction,TD-5d52406d7e29,木材加工与干燥,3,72,F0073,Process (computing) / Identification (biology) / Product (mathematics),0.6567076081348393,0.013526320686194415,automatic_candidate_needs_semantic_review,True,False
direction,TD-2ff2eb04b49e,电气安全与触电风险,1,4,F0005,Risk analysis (engineering) / Interdependence / Critical infrastructure,0.6803113674588399,0.006340248130286108,automatic_candidate_needs_semantic_review,True,False
direction,TD-2ff2eb04b49e,电气安全与触电风险,2,302,F0303,Function (biology) / Basis (linear algebra) / Transfer function,0.6739711193285538,0.006340248130286108,automatic_candidate_needs_semantic_review,True,False
direction,TD-2ff2eb04b49e,电气安全与触电风险,3,72,F0073,Process (computing) / Identification (biology) / Product (mathematics),0.6654855453736995,0.006340248130286108,automatic_candidate_needs_semantic_review,True,False
direction,TD-b7f4eef4458c,电力设备风险预警,1,4,F0005,Risk analysis (engineering) / Interdependence / Critical infrastructure,0.6821836389959905,0.005654550487612209,automatic_candidate_needs_semantic_review,True,False
direction,TD-b7f4eef4458c,电力设备风险预警,2,302,F0303,Function (biology) / Basis (linear algebra) / Transfer function,0.6765290885083783,0.005654550487612209,automatic_candidate_needs_semantic_review,True,False
direction,TD-b7f4eef4458c,电力设备风险预警,3,113,F0114,Unit (ring theory) / Power system simulation / Power unit,0.674758404099865,0.005654550487612209,automatic_candidate_needs_semantic_review,True,False
direction,TD-ff37efe1af0a,聚合物介电储能,1,302,F0303,Function (biology) / Basis (linear algebra) / Transfer function,0.6653293964259854,0.0019244276968787277,automatic_candidate_needs_semantic_review,True,False
direction,TD-ff37efe1af0a,聚合物介电储能,2,72,F0073,Process (computing) / Identification (biology) / Product (mathematics),0.6634049687291067,0.0019244276968787277,automatic_candidate_needs_semantic_review,True,False
direction,TD-ff37efe1af0a,聚合物介电储能,3,474,F0475,Computer science / Engineering / Artificial intelligence,0.6619555866253726,0.0019244276968787277,automatic_candidate_needs_semantic_review,True,False
direction,TD-a196c553c6e3,聚合物电气绝缘,1,72,F0073,Process (computing) / Identification (biology) / Product (mathematics),0.6681880061552504,0.005906547630511461,automatic_candidate_needs_semantic_review,True,False
direction,TD-a196c553c6e3,聚合物电气绝缘,2,302,F0303,Function (biology) / Basis (linear algebra) / Transfer function,0.662281458524739,0.005906547630511461,automatic_candidate_needs_semantic_review,True,False
direction,TD-a196c553c6e3,聚合物电气绝缘,3,479,F0480,Forensic engineering / Damages / Construction engineering,0.6607794125115968,0.005906547630511461,automatic_candidate_needs_semantic_review,True,False
direction,TD-3a1b5457e4b4,氮化镓功率与结器件,1,474,F0475,Computer science / Engineering / Artificial intelligence,0.6595897530858124,0.0009917241517561903,automatic_candidate_needs_semantic_review,True,False
direction,TD-3a1b5457e4b4,氮化镓功率与结器件,2,72,F0073,Process (computing) / Identification (biology) / Product (mathematics),0.6585980289340562,0.0009917241517561903,automatic_candidate_needs_semantic_review,True,False
direction,TD-3a1b5457e4b4,氮化镓功率与结器件,3,243,F0244,Engineering / Mechanical engineering / Manufacturing engineering,0.6497936915355813,0.0009917241517561903,automatic_candidate_needs_semantic_review,True,False
direction,TD-a6cdf98e94e0,碳化硅功率半导体器件,1,302,F0303,Function (biology) / Basis (linear algebra) / Transfer function,0.6574692115201255,0.0035133825743186575,automatic_candidate_needs_semantic_review,True,False
direction,TD-a6cdf98e94e0,碳化硅功率半导体器件,2,474,F0475,Computer science / Engineering / Artificial intelligence,0.6539558289458068,0.0035133825743186575,automatic_candidate_needs_semantic_review,True,False
direction,TD-a6cdf98e94e0,碳化硅功率半导体器件,3,72,F0073,Process (computing) / Identification (biology) / Product (mathematics),0.6508994822282852,0.0035133825743186575,automatic_candidate_needs_semantic_review,True,False
direction,TD-d327fbc5121d,碳化硅陶瓷结构材料,1,72,F0073,Process (computing) / Identification (biology) / Product (mathematics),0.6211488978143921,0.0024908904314074887,automatic_candidate_needs_semantic_review,True,False
direction,TD-d327fbc5121d,碳化硅陶瓷结构材料,2,474,F0475,Computer science / Engineering / Artificial intelligence,0.6186580073829846,0.0024908904314074887,automatic_candidate_needs_semantic_review,True,False
direction,TD-d327fbc5121d,碳化硅陶瓷结构材料,3,243,F0244,Engineering / Mechanical engineering / Manufacturing engineering,0.6166788210181374,0.0024908904314074887,automatic_candidate_needs_semantic_review,True,False
direction,TD-25a2fa0e23b2,铜基热电材料,1,72,F0073,Process (computing) / Identification (biology) / Product (mathematics),0.6481799924874503,0.006397192740853042,automatic_candidate_needs_semantic_review,True,False
direction,TD-25a2fa0e23b2,铜基热电材料,2,474,F0475,Computer science / Engineering / Artificial intelligence,0.6417827997465972,0.006397192740853042,automatic_candidate_needs_semantic_review,True,False
direction,TD-25a2fa0e23b2,铜基热电材料,3,69,F0070,Engineering physics / Solid-state / Energy density,0.64089100715558,0.006397192740853042,automatic_candidate_needs_semantic_review,True,False
direction,TD-abd6fb94cdd4,热电材料与热电性能优化,1,72,F0073,Process (computing) / Identification (biology) / Product (mathematics),0.6856835411623099,0.008476507146453427,automatic_candidate_needs_semantic_review,True,False
direction,TD-abd6fb94cdd4,热电材料与热电性能优化,2,129,F0130,Work (physics) / Mechanical engineering / Work function,0.6772070340158565,0.008476507146453427,automatic_candidate_needs_semantic_review,True,False
direction,TD-abd6fb94cdd4,热电材料与热电性能优化,3,113,F0114,Unit (ring theory) / Power system simulation / Power unit,0.6717965781320515,0.008476507146453427,automatic_candidate_needs_semantic_review,True,False
direction,TD-6bb58a22a32e,永磁材料与磁性设计,1,302,F0303,Function (biology) / Basis (linear algebra) / Transfer function,0.6417169212841113,0.00654097563946332,automatic_candidate_needs_semantic_review,True,False
direction,TD-6bb58a22a32e,永磁材料与磁性设计,2,72,F0073,Process (computing) / Identification (biology) / Product (mathematics),0.635175945644648,0.00654097563946332,automatic_candidate_needs_semantic_review,True,False
direction,TD-6bb58a22a32e,永磁材料与磁性设计,3,474,F0475,Computer science / Engineering / Artificial intelligence,0.634560137358128,0.00654097563946332,automatic_candidate_needs_semantic_review,True,False
direction,TD-0d228d3c1ec7,软磁材料与磁损耗,1,72,F0073,Process (computing) / Identification (biology) / Product (mathematics),0.6471464291011298,0.005314446507308612,automatic_candidate_needs_semantic_review,True,False
direction,TD-0d228d3c1ec7,软磁材料与磁损耗,2,474,F0475,Computer science / Engineering / Artificial intelligence,0.6418319825938212,0.005314446507308612,automatic_candidate_needs_semantic_review,True,False
direction,TD-0d228d3c1ec7,软磁材料与磁损耗,3,302,F0303,Function (biology) / Basis (linear algebra) / Transfer function,0.6402413185404334,0.005314446507308612,automatic_candidate_needs_semantic_review,True,False
direction,TD-4f877f536a9b,摩擦纳米发电机,1,302,F0303,Function (biology) / Basis (linear algebra) / Transfer function,0.6372092763102136,0.0008549514933998692,automatic_candidate_needs_semantic_review,True,False
direction,TD-4f877f536a9b,摩擦纳米发电机,2,243,F0244,Engineering / Mechanical engineering / Manufacturing engineering,0.6363543248168138,0.0008549514933998692,automatic_candidate_needs_semantic_review,True,False
direction,TD-4f877f536a9b,摩擦纳米发电机,3,72,F0073,Process (computing) / Identification (biology) / Product (mathematics),0.6361776772693676,0.0008549514933998692,automatic_candidate_needs_semantic_review,True,False
direction,TD-3cc61ee0b345,压电能量采集,1,177,F0178,Power (physics) / Electrical engineering / Engineering,0.6838857193392573,0.0033370421813874174,automatic_candidate_needs_semantic_review,True,False
direction,TD-3cc61ee0b345,压电能量采集,2,302,F0303,Function (biology) / Basis (linear algebra) / Transfer function,0.6805486771578699,0.0033370421813874174,automatic_candidate_needs_semantic_review,True,False
direction,TD-3cc61ee0b345,压电能量采集,3,72,F0073,Process (computing) / Identification (biology) / Product (mathematics),0.6800097966325641,0.0033370421813874174,automatic_candidate_needs_semantic_review,True,False
direction,TD-d2f810c5f9b1,电磁能量采集,1,302,F0303,Function (biology) / Basis (linear algebra) / Transfer function,0.6679766341302509,0.002620791658628052,automatic_candidate_needs_semantic_review,True,False
direction,TD-d2f810c5f9b1,电磁能量采集,2,72,F0073,Process (computing) / Identification (biology) / Product (mathematics),0.6653558424716228,0.002620791658628052,automatic_candidate_needs_semantic_review,True,False
direction,TD-d2f810c5f9b1,电磁能量采集,3,474,F0475,Computer science / Engineering / Artificial intelligence,0.6564206695244533,0.002620791658628052,automatic_candidate_needs_semantic_review,True,False
direction,TD-556b8ec095bb,大气集水与雾水采集,1,72,F0073,Process (computing) / Identification (biology) / Product (mathematics),0.6680106676684282,0.01194989433200988,automatic_candidate_needs_semantic_review,True,False
direction,TD-556b8ec095bb,大气集水与雾水采集,2,260,F0261,Environmental science / Waste management / Engineering,0.6560607733364183,0.01194989433200988,automatic_candidate_needs_semantic_review,True,False
direction,TD-556b8ec095bb,大气集水与雾水采集,3,308,F0309,Focus (optics) / Dense plasma focus / Optics,0.6559552180212087,0.01194989433200988,automatic_candidate_needs_semantic_review,True,False
direction,TD-dc488957bb27,油水分离界面与膜材料,1,72,F0073,Process (computing) / Identification (biology) / Product (mathematics),0.6588271857277674,0.009079859751546904,automatic_candidate_needs_semantic_review,True,False
direction,TD-dc488957bb27,油水分离界面与膜材料,2,474,F0475,Computer science / Engineering / Artificial intelligence,0.6497473259762205,0.009079859751546904,automatic_candidate_needs_semantic_review,True,False
direction,TD-dc488957bb27,油水分离界面与膜材料,3,302,F0303,Function (biology) / Basis (linear algebra) / Transfer function,0.6454240170057276,0.009079859751546904,automatic_candidate_needs_semantic_review,True,False
direction,TD-2859f55d52e9,锂资源提取与分离,1,72,F0073,Process (computing) / Identification (biology) / Product (mathematics),0.6600703394792616,0.009383849663414545,automatic_candidate_needs_semantic_review,True,False
direction,TD-2859f55d52e9,锂资源提取与分离,2,302,F0303,Function (biology) / Basis (linear algebra) / Transfer function,0.6506864898158471,0.009383849663414545,automatic_candidate_needs_semantic_review,True,False
direction,TD-2859f55d52e9,锂资源提取与分离,3,474,F0475,Computer science / Engineering / Artificial intelligence,0.650677441475151,0.009383849663414545,automatic_candidate_needs_semantic_review,True,False
direction,TD-6c0ae3e1d5ed,铀钍提取与分离,1,72,F0073,Process (computing) / Identification (biology) / Product (mathematics),0.6291055042215477,0.009658408021972709,automatic_candidate_needs_semantic_review,True,False
direction,TD-6c0ae3e1d5ed,铀钍提取与分离,2,474,F0475,Computer science / Engineering / Artificial intelligence,0.6194470961995749,0.009658408021972709,automatic_candidate_needs_semantic_review,True,False
direction,TD-6c0ae3e1d5ed,铀钍提取与分离,3,415,F0416,Chemistry / Organic chemistry / Nuclear chemistry,0.6168917487613176,0.009658408021972709,automatic_candidate_needs_semantic_review,True,False
direction,TD-8aee439cb9c0,稀土元素提取分离,1,72,F0073,Process (computing) / Identification (biology) / Product (mathematics),0.6462207811519812,0.01583849087620337,automatic_candidate_needs_semantic_review,True,False
direction,TD-8aee439cb9c0,稀土元素提取分离,2,220,F0221,Extraction (chemistry) / Chromatography / Solvent,0.6303822902757779,0.01583849087620337,automatic_candidate_needs_semantic_review,True,False
direction,TD-8aee439cb9c0,稀土元素提取分离,3,474,F0475,Computer science / Engineering / Artificial intelligence,0.6286377677810757,0.01583849087620337,automatic_candidate_needs_semantic_review,True,False
direction,TD-fa5688bd81f7,钴基氧化物析氧电催化,1,72,F0073,Process (computing) / Identification (biology) / Product (mathematics),0.6205827957914557,0.0013642447806551106,automatic_candidate_needs_semantic_review,True,False
direction,TD-fa5688bd81f7,钴基氧化物析氧电催化,2,415,F0416,Chemistry / Organic chemistry / Nuclear chemistry,0.6192185510108006,0.0013642447806551106,automatic_candidate_needs_semantic_review,True,False
direction,TD-fa5688bd81f7,钴基氧化物析氧电催化,3,474,F0475,Computer science / Engineering / Artificial intelligence,0.6152425033325553,0.0013642447806551106,automatic_candidate_needs_semantic_review,True,False
direction,TD-301207251409,铁基氧还原电催化,1,72,F0073,Process (computing) / Identification (biology) / Product (mathematics),0.6523511613841487,0.009085178129710436,automatic_candidate_needs_semantic_review,True,False
direction,TD-301207251409,铁基氧还原电催化,2,415,F0416,Chemistry / Organic chemistry / Nuclear chemistry,0.6432659832544383,0.009085178129710436,automatic_candidate_needs_semantic_review,True,False
direction,TD-301207251409,铁基氧还原电催化,3,474,F0475,Computer science / Engineering / Artificial intelligence,0.6408136348297369,0.009085178129710436,automatic_candidate_needs_semantic_review,True,False
direction,TD-63de62b9b366,单原子位点氧还原电催化,1,72,F0073,Process (computing) / Identification (biology) / Product (mathematics),0.6447646380535788,0.00739204399925697,automatic_candidate_needs_semantic_review,True,False
direction,TD-63de62b9b366,单原子位点氧还原电催化,2,474,F0475,Computer science / Engineering / Artificial intelligence,0.6373725940543218,0.00739204399925697,automatic_candidate_needs_semantic_review,True,False
direction,TD-63de62b9b366,单原子位点氧还原电催化,3,415,F0416,Chemistry / Organic chemistry / Nuclear chemistry,0.630886170964398,0.00739204399925697,automatic_candidate_needs_semantic_review,True,False
direction,TD-37e4feeda154,氮化碳基光催化制氢,1,493,F0494,Combinatorial chemistry / Organic chemistry / Amine gas treating,0.6414832701759873,0.00577507249551823,automatic_candidate_needs_semantic_review,True,False
direction,TD-37e4feeda154,氮化碳基光催化制氢,2,415,F0416,Chemistry / Organic chemistry / Nuclear chemistry,0.635708197680469,0.00577507249551823,automatic_candidate_needs_semantic_review,True,False
direction,TD-37e4feeda154,氮化碳基光催化制氢,3,157,F0158,Biochemical engineering / Nanotechnology / Microbial fuel cell,0.6350165770074956,0.00577507249551823,automatic_candidate_needs_semantic_review,True,False
direction,TD-51ac40a053f6,石墨烯分离膜,1,72,F0073,Process (computing) / Identification (biology) / Product (mathematics),0.6485767562487317,0.01048563655789958,automatic_candidate_needs_semantic_review,True,False
direction,TD-51ac40a053f6,石墨烯分离膜,2,474,F0475,Computer science / Engineering / Artificial intelligence,0.6380911196908321,0.01048563655789958,automatic_candidate_needs_semantic_review,True,False
direction,TD-51ac40a053f6,石墨烯分离膜,3,302,F0303,Function (biology) / Basis (linear algebra) / Transfer function,0.6373582579974045,0.01048563655789958,automatic_candidate_needs_semantic_review,True,False
direction,TD-1f753c021ab6,石墨烯结构复合材料,1,302,F0303,Function (biology) / Basis (linear algebra) / Transfer function,0.652798117019368,0.005242478162691966,automatic_candidate_needs_semantic_review,True,False
direction,TD-1f753c021ab6,石墨烯结构复合材料,2,474,F0475,Computer science / Engineering / Artificial intelligence,0.647555638856676,0.005242478162691966,automatic_candidate_needs_semantic_review,True,False
direction,TD-1f753c021ab6,石墨烯结构复合材料,3,72,F0073,Process (computing) / Identification (biology) / Product (mathematics),0.6454865720423921,0.005242478162691966,automatic_candidate_needs_semantic_review,True,False
direction,TD-d3b93a0eb2d0,液压泵性能与控制,1,243,F0244,Engineering / Mechanical engineering / Manufacturing engineering,0.664751370605298,0.0006705987838977467,automatic_candidate_needs_semantic_review,True,False
direction,TD-d3b93a0eb2d0,液压泵性能与控制,2,302,F0303,Function (biology) / Basis (linear algebra) / Transfer function,0.6640807718214002,0.0006705987838977467,automatic_candidate_needs_semantic_review,True,False
direction,TD-d3b93a0eb2d0,液压泵性能与控制,3,241,F0242,Impeller / Centrifugal pump / Specific speed,0.6536798010077138,0.0006705987838977467,automatic_candidate_needs_semantic_review,True,False
direction,TD-eb9be8efff31,液压阀设计与控制,1,243,F0244,Engineering / Mechanical engineering / Manufacturing engineering,0.658417028230077,0.003785683665155415,automatic_candidate_needs_semantic_review,True,False
direction,TD-eb9be8efff31,液压阀设计与控制,2,302,F0303,Function (biology) / Basis (linear algebra) / Transfer function,0.6546313445649216,0.003785683665155415,automatic_candidate_needs_semantic_review,True,False
direction,TD-eb9be8efff31,液压阀设计与控制,3,317,F0318,Control (management) / Control system / Artificial intelligence,0.6395305128709201,0.003785683665155415,automatic_candidate_needs_semantic_review,True,False
direction,TD-93b7ac6d7d28,电力系统硬件在环仿真,1,302,F0303,Function (biology) / Basis (linear algebra) / Transfer function,0.7021590187510879,0.0014770964954670118,automatic_candidate_needs_semantic_review,True,False
direction,TD-93b7ac6d7d28,电力系统硬件在环仿真,2,61,F0062,Systems engineering / Deliverable / Risk analysis (engineering),0.7006819222556209,0.0014770964954670118,automatic_candidate_needs_semantic_review,True,False
direction,TD-93b7ac6d7d28,电力系统硬件在环仿真,3,295,F0296,Software / Operating system / Software engineering,0.6991704599727313,0.0014770964954670118,automatic_candidate_needs_semantic_review,True,False
direction,TD-63814a59e083,能源电力教学实验平台,1,235,F0236,Engineering management / Engineering ethics / Process management,0.6707247513480589,0.0024538854731187554,automatic_candidate_needs_semantic_review,True,False
direction,TD-63814a59e083,能源电力教学实验平台,2,120,F0121,Energy (signal processing) / Energy consumption / Efficient energy use,0.6682708658749401,0.0024538854731187554,automatic_candidate_needs_semantic_review,True,False
direction,TD-63814a59e083,能源电力教学实验平台,3,451,F0452,Electric power / Metering mode / Electric energy,0.6674531376668167,0.0024538854731187554,automatic_candidate_needs_semantic_review,True,False
direction,TD-08a40617263b,网络入侵检测,1,36,F0037,Computer security / Cyber-physical system / Risk analysis (engineering),0.676499306705507,0.0034964428776360634,automatic_candidate_needs_semantic_review,True,False
direction,TD-08a40617263b,网络入侵检测,2,471,F0472,The Internet / World Wide Web / Internet of Things,0.6730028638278709,0.0034964428776360634,automatic_candidate_needs_semantic_review,True,False
direction,TD-08a40617263b,网络入侵检测,3,219,F0220,Computer network / Scheme (mathematics) / Protocol (science),0.6595548230798797,0.0034964428776360634,automatic_candidate_needs_semantic_review,True,False
direction,TD-cb898bf4b20f,电力知识图谱,1,289,F0290,Service (business) / Marketing / Telecommunications,0.681354207360799,0.0011921591179206992,automatic_candidate_needs_semantic_review,True,False
direction,TD-cb898bf4b20f,电力知识图谱,2,302,F0303,Function (biology) / Basis (linear algebra) / Transfer function,0.6801620482428783,0.0011921591179206992,automatic_candidate_needs_semantic_review,True,False
direction,TD-cb898bf4b20f,电力知识图谱,3,249,F0250,Plan (archaeology) / Scheme (mathematics) / Operations management,0.672108028836859,0.0011921591179206992,automatic_candidate_needs_semantic_review,True,False
direction,TD-6f6bab065508,有机发光二极管与发光材料,1,72,F0073,Process (computing) / Identification (biology) / Product (mathematics),0.6424625693998276,0.006114418814119671,automatic_candidate_needs_semantic_review,True,False
direction,TD-6f6bab065508,有机发光二极管与发光材料,2,474,F0475,Computer science / Engineering / Artificial intelligence,0.6363481505857079,0.006114418814119671,automatic_candidate_needs_semantic_review,True,False
direction,TD-6f6bab065508,有机发光二极管与发光材料,3,157,F0158,Biochemical engineering / Nanotechnology / Microbial fuel cell,0.6352196439419594,0.006114418814119671,automatic_candidate_needs_semantic_review,True,False
direction,TD-95f7bda4c624,超级电容器电极与器件,1,302,F0303,Function (biology) / Basis (linear algebra) / Transfer function,0.668056167417506,0.0006534111259310915,automatic_candidate_needs_semantic_review,True,False
direction,TD-95f7bda4c624,超级电容器电极与器件,2,474,F0475,Computer science / Engineering / Artificial intelligence,0.6674027562915749,0.0006534111259310915,automatic_candidate_needs_semantic_review,True,False
direction,TD-95f7bda4c624,超级电容器电极与器件,3,72,F0073,Process (computing) / Identification (biology) / Product (mathematics),0.6640782410049638,0.0006534111259310915,automatic_candidate_needs_semantic_review,True,False
direction,TD-3fc187291255,染料敏化太阳能电池材料与器件,1,72,F0073,Process (computing) / Identification (biology) / Product (mathematics),0.6437618957271578,0.006042239175497843,automatic_candidate_needs_semantic_review,True,False
direction,TD-3fc187291255,染料敏化太阳能电池材料与器件,2,474,F0475,Computer science / Engineering / Artificial intelligence,0.63771965655166,0.006042239175497843,automatic_candidate_needs_semantic_review,True,False
direction,TD-3fc187291255,染料敏化太阳能电池材料与器件,3,245,F0246,Solar energy / Optics / Solar power,0.6347058963449064,0.006042239175497843,automatic_candidate_needs_semantic_review,True,False
direction,TD-4559c46ecf6b,无线电能传输电路与系统,1,346,F0347,Wireless / Telecommunications / Wireless power transfer,0.6844574742171884,0.0037853109390352246,automatic_candidate_needs_semantic_review,True,False
direction,TD-4559c46ecf6b,无线电能传输电路与系统,2,302,F0303,Function (biology) / Basis (linear algebra) / Transfer function,0.6806721632781532,0.0037853109390352246,automatic_candidate_needs_semantic_review,True,False
direction,TD-4559c46ecf6b,无线电能传输电路与系统,3,463,F0464,Transmission (telecommunications) / Power transmission / Transmission system,0.6723332032464244,0.0037853109390352246,automatic_candidate_needs_semantic_review,True,False
direction,TD-e1bdd55fbc6d,无线充电器与装置,1,302,F0303,Function (biology) / Basis (linear algebra) / Transfer function,0.6623955747951509,0.001791261712824288,automatic_candidate_needs_semantic_review,True,False
direction,TD-e1bdd55fbc6d,无线充电器与装置,2,474,F0475,Computer science / Engineering / Artificial intelligence,0.6606043130823266,0.001791261712824288,automatic_candidate_needs_semantic_review,True,False
direction,TD-e1bdd55fbc6d,无线充电器与装置,3,289,F0290,Service (business) / Marketing / Telecommunications,0.6559050850864632,0.001791261712824288,automatic_candidate_needs_semantic_review,True,False
direction,TD-7f5342a0d62c,微生物燃料电池与生物产电,1,157,F0158,Biochemical engineering / Nanotechnology / Microbial fuel cell,0.674839466207228,0.013962843603667285,automatic_candidate_needs_semantic_review,True,False
direction,TD-7f5342a0d62c,微生物燃料电池与生物产电,2,441,F0442,Production (economics) / Hydrogen production / Life-cycle assessment,0.6608766226035607,0.013962843603667285,automatic_candidate_needs_semantic_review,True,False
direction,TD-7f5342a0d62c,微生物燃料电池与生物产电,3,72,F0073,Process (computing) / Identification (biology) / Product (mathematics),0.6574822299598084,0.013962843603667285,automatic_candidate_needs_semantic_review,True,False
direction,TD-fc4dfc0eae29,太阳能界面蒸发与海水淡化,1,245,F0246,Solar energy / Optics / Solar power,0.6645427223487539,0.005851098604154337,automatic_candidate_needs_semantic_review,True,False
direction,TD-fc4dfc0eae29,太阳能界面蒸发与海水淡化,2,72,F0073,Process (computing) / Identification (biology) / Product (mathematics),0.6586916237445996,0.005851098604154337,automatic_candidate_needs_semantic_review,True,False
direction,TD-fc4dfc0eae29,太阳能界面蒸发与海水淡化,3,270,F0271,Photovoltaic system / Electrical engineering / Harmonics,0.6507681492339121,0.005851098604154337,automatic_candidate_needs_semantic_review,True,False
direction,TD-5e6cec6e7705,轨道交通能耗与牵引优化,1,302,F0303,Function (biology) / Basis (linear algebra) / Transfer function,0.6778670390431567,0.008234213079137631,automatic_candidate_needs_semantic_review,True,False
direction,TD-5e6cec6e7705,轨道交通能耗与牵引优化,2,208,F0209,Transport engineering / Public transport / Environmental economics,0.6696328259640191,0.008234213079137631,automatic_candidate_needs_semantic_review,True,False
direction,TD-5e6cec6e7705,轨道交通能耗与牵引优化,3,313,F0314,Operations research / Penetration (warfare) / Operations management,0.6673796167494264,0.008234213079137631,automatic_candidate_needs_semantic_review,True,False
direction,TD-d6eaf35fff5a,船舶燃料与能效,1,302,F0303,Function (biology) / Basis (linear algebra) / Transfer function,0.6743524310448904,0.0018925173936615858,automatic_candidate_needs_semantic_review,True,False
direction,TD-d6eaf35fff5a,船舶燃料与能效,2,113,F0114,Unit (ring theory) / Power system simulation / Power unit,0.6724599136512288,0.0018925173936615858,automatic_candidate_needs_semantic_review,True,False
direction,TD-d6eaf35fff5a,船舶燃料与能效,3,72,F0073,Process (computing) / Identification (biology) / Product (mathematics),0.6711811888473991,0.0018925173936615858,automatic_candidate_needs_semantic_review,True,False
direction,TD-aafb22d424bc,潮汐与潮流能开发,1,302,F0303,Function (biology) / Basis (linear algebra) / Transfer function,0.6603943938286863,0.012390574610936067,automatic_candidate_needs_semantic_review,True,False
direction,TD-aafb22d424bc,潮汐与潮流能开发,2,72,F0073,Process (computing) / Identification (biology) / Product (mathematics),0.6480038192177502,0.012390574610936067,automatic_candidate_needs_semantic_review,True,False
direction,TD-aafb22d424bc,潮汐与潮流能开发,3,308,F0309,Focus (optics) / Dense plasma focus / Optics,0.6466749721342413,0.012390574610936067,automatic_candidate_needs_semantic_review,True,False
direction,TD-29064b5b3974,LED照明灯具与配光,1,302,F0303,Function (biology) / Basis (linear algebra) / Transfer function,0.6294787353899167,0.008210604286618683,automatic_candidate_needs_semantic_review,True,False
direction,TD-29064b5b3974,LED照明灯具与配光,2,474,F0475,Computer science / Engineering / Artificial intelligence,0.621268131103298,0.008210604286618683,automatic_candidate_needs_semantic_review,True,False
direction,TD-29064b5b3974,LED照明灯具与配光,3,308,F0309,Focus (optics) / Dense plasma focus / Optics,0.620202609715764,0.008210604286618683,automatic_candidate_needs_semantic_review,True,False
direction,TD-193763704d67,电化学传感与分析检测,1,72,F0073,Process (computing) / Identification (biology) / Product (mathematics),0.6480953438355028,0.00042221471903214347,automatic_candidate_needs_semantic_review,True,False
direction,TD-193763704d67,电化学传感与分析检测,2,400,F0401,Measure (data warehouse) / Instrumentation (computer programming) / Data mining,0.6476731291164707,0.00042221471903214347,automatic_candidate_needs_semantic_review,True,False
direction,TD-193763704d67,电化学传感与分析检测,3,287,F0288,Detector / SIGNAL (programming language) / Optics,0.6398301061360216,0.00042221471903214347,automatic_candidate_needs_semantic_review,True,False
direction,TD-03ef44e61460,钙钛矿氧化物电催化材料设计,1,497,F0498,Rational design / Nanostructure / Sustainable energy,0.6677317839400015,0.007481792181448399,automatic_candidate_needs_semantic_review,True,False
direction,TD-03ef44e61460,钙钛矿氧化物电催化材料设计,2,369,F0370,Catalysis / Electrocatalyst / Oxygen evolution,0.6602499917585531,0.007481792181448399,automatic_candidate_needs_semantic_review,True,False
direction,TD-03ef44e61460,钙钛矿氧化物电催化材料设计,3,391,F0392,Metal / Transition metal / Lithium metal,0.6578359548071019,0.007481792181448399,automatic_candidate_needs_semantic_review,True,False
direction,TD-7a525d010ab8,土壤碳通量测量与过程建模,1,260,F0261,Environmental science / Waste management / Engineering,0.6809054059664378,0.00036482769655332703,automatic_candidate_needs_semantic_review,True,False
direction,TD-7a525d010ab8,土壤碳通量测量与过程建模,2,115,F0116,Mass transfer / Moisture / Desiccant,0.6805405782698845,0.00036482769655332703,automatic_candidate_needs_semantic_review,True,False
direction,TD-7a525d010ab8,土壤碳通量测量与过程建模,3,435,F0436,Evapotranspiration / Mean squared error / Balance (ability),0.6787246077456214,0.00036482769655332703,automatic_candidate_needs_semantic_review,True,False
direction,TD-cf313d4b4d8d,太阳能聚光光学设计,1,245,F0246,Solar energy / Optics / Solar power,0.7041937273578794,0.020446014109306132,automatic_candidate_needs_semantic_review,True,False
direction,TD-cf313d4b4d8d,太阳能聚光光学设计,2,270,F0271,Photovoltaic system / Electrical engineering / Harmonics,0.6837477132485733,0.020446014109306132,automatic_candidate_needs_semantic_review,True,False
direction,TD-cf313d4b4d8d,太阳能聚光光学设计,3,265,F0266,Photovoltaics / Nanotechnology / Building-integrated photovoltaics,0.6811365873622843,0.020446014109306132,automatic_candidate_needs_semantic_review,True,False
direction,TD-df3ff0b5ec3d,吸附法去除水中金属离子,1,220,F0221,Extraction (chemistry) / Chromatography / Solvent,0.698275848231159,0.0035960259281612172,automatic_candidate_needs_semantic_review,True,False
direction,TD-df3ff0b5ec3d,吸附法去除水中金属离子,2,225,F0226,Aqueous solution / Inorganic chemistry / Nuclear chemistry,0.6946798223029977,0.0035960259281612172,automatic_candidate_needs_semantic_review,True,False
direction,TD-df3ff0b5ec3d,吸附法去除水中金属离子,3,185,F0186,Sorption / Sorbent / Ion exchange,0.6897235389079832,0.0035960259281612172,automatic_candidate_needs_semantic_review,True,False
direction,TD-3c1a258cdfc7,硫化镉薄膜沉积,1,284,F0285,Cadmium telluride photovoltaics / Optoelectronics / Cadmium,0.6698297224065851,0.005424271526117019,automatic_candidate_needs_semantic_review,True,False
direction,TD-3c1a258cdfc7,硫化镉薄膜沉积,2,101,F0102,Crystallite / Crystallinity / Polycrystalline silicon,0.6644054508804681,0.005424271526117019,automatic_candidate_needs_semantic_review,True,False
direction,TD-3c1a258cdfc7,硫化镉薄膜沉积,3,499,F0500,Composite number / Composite material / Tribology,0.6599507193411758,0.005424271526117019,automatic_candidate_needs_semantic_review,True,False
direction,TD-25b49d16f7a3,电力变压器设计与制造,1,177,F0178,Power (physics) / Electrical engineering / Engineering,0.6810739608268958,0.014276131752428811,automatic_candidate_needs_semantic_review,True,False
direction,TD-25b49d16f7a3,电力变压器设计与制造,2,451,F0452,Electric power / Metering mode / Electric energy,0.6667978290744669,0.014276131752428811,automatic_candidate_needs_semantic_review,True,False
direction,TD-25b49d16f7a3,电力变压器设计与制造,3,269,F0270,Transformer / Electrical engineering / Distribution transformer,0.6649702471715248,0.014276131752428811,automatic_candidate_needs_semantic_review,True,False
direction,TD-54de42f0c79b,高压开关开断与绝缘设计,1,47,F0048,Circuit breaker / Electrical engineering / Switchgear,0.6733161167765652,0.024059025092421193,automatic_candidate_needs_semantic_review,True,False
direction,TD-54de42f0c79b,高压开关开断与绝缘设计,2,324,F0325,Electronic circuit / Equivalent circuit / Spice,0.649257091684144,0.024059025092421193,automatic_candidate_needs_semantic_review,True,False
direction,TD-54de42f0c79b,高压开关开断与绝缘设计,3,177,F0178,Power (physics) / Electrical engineering / Engineering,0.6437989888699766,0.024059025092421193,automatic_candidate_needs_semantic_review,True,False
direction,TD-cb242a1ae425,聚变等离子体诊断方法,1,400,F0401,Measure (data warehouse) / Instrumentation (computer programming) / Data mining,0.6772643351026887,0.001939772604308887,automatic_candidate_needs_semantic_review,True,False
direction,TD-cb242a1ae425,聚变等离子体诊断方法,2,287,F0288,Detector / SIGNAL (programming language) / Optics,0.6753245624983798,0.001939772604308887,automatic_candidate_needs_semantic_review,True,False
direction,TD-cb242a1ae425,聚变等离子体诊断方法,3,230,F0231,Calibration / Range (aeronautics) / Statistics,0.6692011881297873,0.001939772604308887,automatic_candidate_needs_semantic_review,True,False
direction,TD-3089fa3fc59b,多孔碳电极制备,1,342,F0343,Electronics / Power electronics / Triboelectric effect,0.686626124924716,0.00899228777504646,automatic_candidate_needs_semantic_review,True,False
direction,TD-3089fa3fc59b,多孔碳电极制备,2,324,F0325,Electronic circuit / Equivalent circuit / Spice,0.6776338371496695,0.00899228777504646,automatic_candidate_needs_semantic_review,True,False
direction,TD-3089fa3fc59b,多孔碳电极制备,3,75,F0076,Electrical conductor / Conductor / Conductivity,0.675913015209942,0.00899228777504646,automatic_candidate_needs_semantic_review,True,False
direction,TD-d59289424844,车辆驱动与制动协调控制,1,333,F0334,Brake / Regenerative brake / Dynamic braking,0.6975821435687418,0.007657014296124642,automatic_candidate_needs_semantic_review,True,False
direction,TD-d59289424844,车辆驱动与制动协调控制,2,80,F0081,Automotive industry / Manufacturing engineering / Automotive electronics,0.6899251292726172,0.007657014296124642,automatic_candidate_needs_semantic_review,True,False
direction,TD-d59289424844,车辆驱动与制动协调控制,3,317,F0318,Control (management) / Control system / Artificial intelligence,0.6884634010123989,0.007657014296124642,automatic_candidate_needs_semantic_review,True,False
direction,TD-83f3d44d89c0,风机传动链与轴承状态设计,1,152,F0153,Nap / Social psychology / Biology,0.6965154773348035,0.011571000190357394,automatic_candidate_needs_semantic_review,True,False
direction,TD-83f3d44d89c0,风机传动链与轴承状态设计,2,243,F0244,Engineering / Mechanical engineering / Manufacturing engineering,0.6849444771444461,0.011571000190357394,automatic_candidate_needs_semantic_review,True,False
direction,TD-83f3d44d89c0,风机传动链与轴承状态设计,3,488,F0489,Traction (geology) / Automotive engineering / Traction motor,0.6772028091167517,0.011571000190357394,automatic_candidate_needs_semantic_review,True,False
direction,TD-62ecabb7e3b1,电气计量校准与不确定度评定,1,400,F0401,Measure (data warehouse) / Instrumentation (computer programming) / Data mining,0.6566610847629851,0.013668877463103968,automatic_candidate_needs_semantic_review,True,False
direction,TD-62ecabb7e3b1,电气计量校准与不确定度评定,2,230,F0231,Calibration / Range (aeronautics) / Statistics,0.6429922072998812,0.013668877463103968,automatic_candidate_needs_semantic_review,True,False
direction,TD-62ecabb7e3b1,电气计量校准与不确定度评定,3,254,F0255,Mathematics / Statistics / Mathematical optimization,0.6401722227540214,0.013668877463103968,automatic_candidate_needs_semantic_review,True,False
direction,TD-619060bc5dbb,二氧化碳选择性膜分离,1,15,F0016,Carbon dioxide / Methane / Hydrate,0.6777078983778912,0.009659867496766061,automatic_candidate_needs_semantic_review,True,False
direction,TD-619060bc5dbb,二氧化碳选择性膜分离,2,296,F0297,Selectivity / Fischer–Tropsch process / Syngas,0.6680480308811252,0.009659867496766061,automatic_candidate_needs_semantic_review,True,False
direction,TD-619060bc5dbb,二氧化碳选择性膜分离,3,415,F0416,Chemistry / Organic chemistry / Nuclear chemistry,0.6671409647445612,0.009659867496766061,automatic_candidate_needs_semantic_review,True,False
direction,TD-cf4b86306e86,铜铟镓硒薄膜光伏器件制备,1,265,F0266,Photovoltaics / Nanotechnology / Building-integrated photovoltaics,0.6529772718807924,0.017554124895178935,automatic_candidate_needs_semantic_review,True,False
direction,TD-cf4b86306e86,铜铟镓硒薄膜光伏器件制备,2,7,F0008,Solar cell / Optoelectronics / CZTS,0.6354231469856134,0.017554124895178935,automatic_candidate_needs_semantic_review,True,False
direction,TD-cf4b86306e86,铜铟镓硒薄膜光伏器件制备,3,270,F0271,Photovoltaic system / Electrical engineering / Harmonics,0.6344271382505493,0.017554124895178935,automatic_candidate_needs_semantic_review,True,False
direction,TD-9b2c8ac64af6,射频功率放大电路设计,1,231,F0232,Electronic engineering / Amplifier / CMOS,0.6478901117006466,0.01654780938680267,automatic_candidate_needs_semantic_review,True,False
direction,TD-9b2c8ac64af6,射频功率放大电路设计,2,177,F0178,Power (physics) / Electrical engineering / Engineering,0.6313423023138439,0.01654780938680267,automatic_candidate_needs_semantic_review,True,False
direction,TD-9b2c8ac64af6,射频功率放大电路设计,3,324,F0325,Electronic circuit / Equivalent circuit / Spice,0.6277805126448447,0.01654780938680267,automatic_candidate_needs_semantic_review,True,False
direction,TD-66f8a6b14ad2,有价金属浸出回收,1,220,F0221,Extraction (chemistry) / Chromatography / Solvent,0.672482623012867,0.014375617317716194,automatic_candidate_needs_semantic_review,True,False
direction,TD-66f8a6b14ad2,有价金属浸出回收,2,420,F0421,Copper / Leaching (pedology) / Metallurgy,0.6581070056951508,0.014375617317716194,automatic_candidate_needs_semantic_review,True,False
direction,TD-66f8a6b14ad2,有价金属浸出回收,3,72,F0073,Process (computing) / Identification (biology) / Product (mathematics),0.6509744528639768,0.014375617317716194,automatic_candidate_needs_semantic_review,True,False
direction,TD-e326d3827690,电磁干扰抑制与兼容设计,1,297,F0298,Electromagnetic interference / EMI / Electromagnetic shielding,0.6995345010368212,0.006162710316131692,automatic_candidate_needs_semantic_review,True,False
direction,TD-e326d3827690,电磁干扰抑制与兼容设计,2,164,F0165,Compatibility (geochemistry) / Solid-state / Electromagnetic compatibility,0.6933717907206896,0.006162710316131692,automatic_candidate_needs_semantic_review,True,False
direction,TD-e326d3827690,电磁干扰抑制与兼容设计,3,321,F0322,Resistor / Electrical impedance / Metrology,0.6751852418156814,0.006162710316131692,automatic_candidate_needs_semantic_review,True,False
direction,TD-8b917c07f4d0,水文气象预测建模,1,89,F0090,Climatology / Precipitation / Circulation (fluid dynamics),0.6860903832737738,0.030391542360227564,automatic_candidate_needs_semantic_review,True,False
direction,TD-8b917c07f4d0,水文气象预测建模,2,356,F0357,Turbulence / Atmospheric sciences / Meteorology,0.6556988409135462,0.030391542360227564,automatic_candidate_needs_semantic_review,True,False
direction,TD-8b917c07f4d0,水文气象预测建模,3,180,F0181,Geology / Geochemistry / Petroleum engineering,0.6522457568344072,0.030391542360227564,automatic_candidate_needs_semantic_review,True,False
direction,TD-dc2c9c556ad6,电化学沉积成膜,1,373,F0374,Surface (topology) / Geometry / Morphology (biology),0.684662976841714,0.007253495231854368,automatic_candidate_needs_semantic_review,True,False
direction,TD-dc2c9c556ad6,电化学沉积成膜,2,264,F0265,Layer (electronics) / Passivation / Atomic layer deposition,0.6774094816098596,0.007253495231854368,automatic_candidate_needs_semantic_review,True,False
direction,TD-dc2c9c556ad6,电化学沉积成膜,3,453,F0454,Wetting / Contact angle / Superhydrophilicity,0.6773357190950122,0.007253495231854368,automatic_candidate_needs_semantic_review,True,False
direction,TD-13df50a65d6e,铋基氧化物光催化,1,428,F0429,Visible spectrum / Photochromism / Photochemistry,0.6516926014190748,0.0004311136591627074,automatic_candidate_needs_semantic_review,True,False
direction,TD-13df50a65d6e,铋基氧化物光催化,2,382,F0383,Radical / Mineralization (soil science) / Hydroxyl radical,0.6512614877599121,0.0004311136591627074,automatic_candidate_needs_semantic_review,True,False
direction,TD-13df50a65d6e,铋基氧化物光催化,3,326,F0327,Photocatalysis / Catalysis / Chemical engineering,0.6402481741403057,0.0004311136591627074,automatic_candidate_needs_semantic_review,True,False
direction,TD-09a1f65e5107,机电执行器运动控制,1,316,F0317,Actuator / Control system / Control engineering,0.6166039199686721,0.010955864603353183,automatic_candidate_needs_semantic_review,True,False
direction,TD-09a1f65e5107,机电执行器运动控制,2,317,F0318,Control (management) / Control system / Artificial intelligence,0.605648055365319,0.010955864603353183,automatic_candidate_needs_semantic_review,True,False
direction,TD-09a1f65e5107,机电执行器运动控制,3,1,F0002,Acceleration / Classical mechanics / Vibration,0.599208364480696,0.010955864603353183,automatic_candidate_needs_semantic_review,True,False
direction,TD-8a7e08b9ee9f,电力扰动信号检测与分析,1,400,F0401,Measure (data warehouse) / Instrumentation (computer programming) / Data mining,0.6627868885119204,0.0028771565638119334,automatic_candidate_needs_semantic_review,True,False
direction,TD-8a7e08b9ee9f,电力扰动信号检测与分析,2,320,F0321,Metre / Electricity meter / Smart grid,0.6599097319481084,0.0028771565638119334,automatic_candidate_needs_semantic_review,True,False
direction,TD-8a7e08b9ee9f,电力扰动信号检测与分析,3,451,F0452,Electric power / Metering mode / Electric energy,0.6591772538729281,0.0028771565638119334,automatic_candidate_needs_semantic_review,True,False
direction,TD-de571a213332,磁约束等离子体湍流数值建模,1,68,F0069,Mechanics / Flow (mathematics) / Physics,0.634685621293116,0.0009648015970556978,automatic_candidate_needs_semantic_review,True,False
direction,TD-de571a213332,磁约束等离子体湍流数值建模,2,254,F0255,Mathematics / Statistics / Mathematical optimization,0.6337208196960603,0.0009648015970556978,automatic_candidate_needs_semantic_review,True,False
direction,TD-de571a213332,磁约束等离子体湍流数值建模,3,81,F0082,Statistical physics / Chaotic / CHAOS (operating system),0.6321214373738877,0.0009648015970556978,automatic_candidate_needs_semantic_review,True,False
direction,TD-882bb00ec9ce,设备泄漏检测,1,498,F0499,Leakage (economics) / Carbon leakage / Petroleum engineering,0.6941087888005919,0.0033389066853771743,automatic_candidate_needs_semantic_review,True,False
direction,TD-882bb00ec9ce,设备泄漏检测,2,479,F0480,Forensic engineering / Damages / Construction engineering,0.6907698821152147,0.0033389066853771743,automatic_candidate_needs_semantic_review,True,False
direction,TD-882bb00ec9ce,设备泄漏检测,3,134,F0135,Fault (geology) / Fault detection and isolation / Fault indicator,0.6873498271833176,0.0033389066853771743,automatic_candidate_needs_semantic_review,True,False
direction,TD-4f4c10f3422a,电力设备通信与远程控制,1,463,F0464,Transmission (telecommunications) / Power transmission / Transmission system,0.6870618117469925,0.010636448468397286,automatic_candidate_needs_semantic_review,True,False
direction,TD-4f4c10f3422a,电力设备通信与远程控制,2,317,F0318,Control (management) / Control system / Artificial intelligence,0.6764253632785953,0.010636448468397286,automatic_candidate_needs_semantic_review,True,False
direction,TD-4f4c10f3422a,电力设备通信与远程控制,3,310,F0311,Line (geometry) / Electric power transmission / Transmission line,0.6687816533538383,0.010636448468397286,automatic_candidate_needs_semantic_review,True,False
direction,TD-3c4c892c27b7,无人机电网巡检,1,211,F0212,Drone / Overhead (engineering) / Real-time computing,0.6653556116730477,0.019391688195223078,automatic_candidate_needs_semantic_review,True,False
direction,TD-3c4c892c27b7,无人机电网巡检,2,364,F0365,Aeronautics / Engineering / Aerospace engineering,0.6459639234778246,0.019391688195223078,automatic_candidate_needs_semantic_review,True,False
direction,TD-3c4c892c27b7,无人机电网巡检,3,32,F0033,Relay / Protective relay / Overcurrent,0.6336848580625516,0.019391688195223078,automatic_candidate_needs_semantic_review,True,False
direction,TD-67b12708919e,耐磨金属基复合材料制备,1,339,F0340,Ultimate tensile strength / Strain (injury) / Elongation,0.6781263542003956,0.005975113101972962,automatic_candidate_needs_semantic_review,True,False
direction,TD-67b12708919e,耐磨金属基复合材料制备,2,74,F0075,Coating / Corrosion / Metallurgy,0.6721512410984226,0.005975113101972962,automatic_candidate_needs_semantic_review,True,False
direction,TD-67b12708919e,耐磨金属基复合材料制备,3,227,F0228,Durability / Development (topology) / Composite material,0.6711018665387699,0.005975113101972962,automatic_candidate_needs_semantic_review,True,False
direction,TD-333f2a057420,储能双向充放电变流控制,1,91,F0092,Regulator / Voltage regulator / Voltage regulation,0.6969215351270823,0.001942069474455077,automatic_candidate_needs_semantic_review,True,False
direction,TD-333f2a057420,储能双向充放电变流控制,2,202,F0203,AC power / Compensation (psychology) / Power factor,0.6949794656526272,0.001942069474455077,automatic_candidate_needs_semantic_review,True,False
direction,TD-333f2a057420,储能双向充放电变流控制,3,177,F0178,Power (physics) / Electrical engineering / Engineering,0.6884760595982732,0.001942069474455077,automatic_candidate_needs_semantic_review,True,False
direction,TD-24c179fa2ade,电气柜密封与环境防护设计,1,479,F0480,Forensic engineering / Damages / Construction engineering,0.6227610055953535,0.02551975106418658,automatic_candidate_needs_semantic_review,True,False
direction,TD-24c179fa2ade,电气柜密封与环境防护设计,2,243,F0244,Engineering / Mechanical engineering / Manufacturing engineering,0.5972412545311669,0.02551975106418658,automatic_candidate_needs_semantic_review,True,False
direction,TD-24c179fa2ade,电气柜密封与环境防护设计,3,498,F0499,Leakage (economics) / Carbon leakage / Petroleum engineering,0.591211571536957,0.02551975106418658,automatic_candidate_needs_semantic_review,True,False
direction,TD-a9113bafb767,聚变等离子体边界控制,1,317,F0318,Control (management) / Control system / Artificial intelligence,0.7049271204126449,0.021864894507360844,automatic_candidate_needs_semantic_review,True,False
direction,TD-a9113bafb767,聚变等离子体边界控制,2,72,F0073,Process (computing) / Identification (biology) / Product (mathematics),0.6830622259052841,0.021864894507360844,automatic_candidate_needs_semantic_review,True,False
direction,TD-a9113bafb767,聚变等离子体边界控制,3,388,F0389,Limiting / Current limiting / Fault current limiter,0.6703293455349062,0.021864894507360844,automatic_candidate_needs_semantic_review,True,False
direction,TD-d33289010d44,质子交换聚合物膜制备,1,12,F0013,Fabrication / Nanotechnology / Optoelectronics,0.6784234774356713,0.008346931451597372,automatic_candidate_needs_semantic_review,True,False
direction,TD-d33289010d44,质子交换聚合物膜制备,2,62,F0063,Materials science / Nanotechnology / Chemical engineering,0.670076545984074,0.008346931451597372,automatic_candidate_needs_semantic_review,True,False
direction,TD-d33289010d44,质子交换聚合物膜制备,3,18,F0019,Membrane / Chemical engineering / Permeation,0.6700455669221371,0.008346931451597372,automatic_candidate_needs_semantic_review,True,False
direction,TD-28c52fe637d0,能源数据隐私保护计算,1,120,F0121,Energy (signal processing) / Energy consumption / Efficient energy use,0.647996798905111,0.0029352046106756458,automatic_candidate_needs_semantic_review,True,False
direction,TD-28c52fe637d0,能源数据隐私保护计算,2,57,F0058,Energy conservation / Audit / Environmental economics,0.6450615942944353,0.0029352046106756458,automatic_candidate_needs_semantic_review,True,False
direction,TD-28c52fe637d0,能源数据隐私保护计算,3,304,F0305,Energy consumption / Consumption (sociology) / Power consumption,0.6339678229077537,0.0029352046106756458,automatic_candidate_needs_semantic_review,True,False
direction,TD-f8df6efb53cf,功能薄膜沉积工艺,1,12,F0013,Fabrication / Nanotechnology / Optoelectronics,0.7066412770674131,0.0029921384991178357,automatic_candidate_needs_semantic_review,True,False
direction,TD-f8df6efb53cf,功能薄膜沉积工艺,2,62,F0063,Materials science / Nanotechnology / Chemical engineering,0.7036491385682953,0.0029921384991178357,automatic_candidate_needs_semantic_review,True,False
direction,TD-f8df6efb53cf,功能薄膜沉积工艺,3,453,F0454,Wetting / Contact angle / Superhydrophilicity,0.7025752165707398,0.0029921384991178357,automatic_candidate_needs_semantic_review,True,False
direction,TD-351670d4b40a,变压器油纸绝缘状态诊断,1,479,F0480,Forensic engineering / Damages / Construction engineering,0.6349931979620412,0.014991270235784948,automatic_candidate_needs_semantic_review,True,False
direction,TD-351670d4b40a,变压器油纸绝缘状态诊断,2,72,F0073,Process (computing) / Identification (biology) / Product (mathematics),0.6200019277262563,0.014991270235784948,automatic_candidate_needs_semantic_review,True,False
direction,TD-351670d4b40a,变压器油纸绝缘状态诊断,3,401,F0402,Partial discharge / High voltage / Voltage,0.6178719357017274,0.014991270235784948,automatic_candidate_needs_semantic_review,True,False
direction,TD-c73fc272708f,能源作物栽培与采收,1,328,F0329,Bioenergy / Productivity / Logging,0.719715670655212,0.00048119876023877683,automatic_candidate_needs_semantic_review,True,False
direction,TD-c73fc272708f,能源作物栽培与采收,2,441,F0442,Production (economics) / Hydrogen production / Life-cycle assessment,0.7192344718949732,0.00048119876023877683,automatic_candidate_needs_semantic_review,True,False
direction,TD-c73fc272708f,能源作物栽培与采收,3,430,F0431,Agriculture / Agricultural economics / Biofuel,0.7175270996770781,0.00048119876023877683,automatic_candidate_needs_semantic_review,True,False
direction,TD-bce7cd7509b8,蒸散量遥感估计,1,172,F0173,Remote sensing / Satellite / Global Positioning System,0.6690343330174577,0.00830646400866275,automatic_candidate_needs_semantic_review,True,False
direction,TD-bce7cd7509b8,蒸散量遥感估计,2,437,F0438,Meteorology / Irradiance / Solar irradiance,0.660727869008795,0.00830646400866275,automatic_candidate_needs_semantic_review,True,False
direction,TD-bce7cd7509b8,蒸散量遥感估计,3,435,F0436,Evapotranspiration / Mean squared error / Balance (ability),0.6565264532217557,0.00830646400866275,automatic_candidate_needs_semantic_review,True,False
direction,TD-4dc7d20fe275,车辆操纵稳定性控制,1,333,F0334,Brake / Regenerative brake / Dynamic braking,0.7033570922217359,0.0031973338191294554,automatic_candidate_needs_semantic_review,True,False
direction,TD-4dc7d20fe275,车辆操纵稳定性控制,2,80,F0081,Automotive industry / Manufacturing engineering / Automotive electronics,0.7001597584026065,0.0031973338191294554,automatic_candidate_needs_semantic_review,True,False
direction,TD-4dc7d20fe275,车辆操纵稳定性控制,3,1,F0002,Acceleration / Classical mechanics / Vibration,0.6907686206230035,0.0031973338191294554,automatic_candidate_needs_semantic_review,True,False
direction,TD-89ff51b7ab71,分布式电源并网控制,1,52,F0053,Distributed generation / Distributed computing / Islanding,0.7034505394528217,0.00921662494355846,automatic_candidate_needs_semantic_review,True,False
direction,TD-89ff51b7ab71,分布式电源并网控制,2,276,F0277,Mains electricity / Backup / Switched-mode power supply,0.6942339145092632,0.00921662494355846,automatic_candidate_needs_semantic_review,True,False
direction,TD-89ff51b7ab71,分布式电源并网控制,3,358,F0359,Distribution (mathematics) / Automation / Process automation system,0.6905120239218369,0.00921662494355846,automatic_candidate_needs_semantic_review,True,False
direction,TD-1fa586242efd,晶硅异质结太阳能电池制备,1,265,F0266,Photovoltaics / Nanotechnology / Building-integrated photovoltaics,0.6327721858963878,0.004224250967164389,automatic_candidate_needs_semantic_review,True,False
direction,TD-1fa586242efd,晶硅异质结太阳能电池制备,2,245,F0246,Solar energy / Optics / Solar power,0.6285479349292235,0.004224250967164389,automatic_candidate_needs_semantic_review,True,False
direction,TD-1fa586242efd,晶硅异质结太阳能电池制备,3,12,F0013,Fabrication / Nanotechnology / Optoelectronics,0.6203102705037629,0.004224250967164389,automatic_candidate_needs_semantic_review,True,False
direction,TD-0b0c214b2331,最优潮流求解,1,103,F0104,Mathematical optimization / Scheduling (production processes) / Economic dispatch,0.7124208993339822,0.016612628078560232,automatic_candidate_needs_semantic_review,True,False
direction,TD-0b0c214b2331,最优潮流求解,2,361,F0362,Control reconfiguration / Heuristic / Shading,0.695808271255422,0.016612628078560232,automatic_candidate_needs_semantic_review,True,False
direction,TD-0b0c214b2331,最优潮流求解,3,167,F0168,Convergence (economics) / Economic dispatch / Population,0.6939085047229033,0.016612628078560232,automatic_candidate_needs_semantic_review,True,False
direction,TD-1b6bda2745f7,低污染燃烧控制,1,188,F0189,Combustor / NOx / Gas turbines,0.704003641009552,0.016692877849035503,automatic_candidate_needs_semantic_review,True,False
direction,TD-1b6bda2745f7,低污染燃烧控制,2,128,F0129,Combustion / Coal / Oxygen,0.6873107631605165,0.016692877849035503,automatic_candidate_needs_semantic_review,True,False
direction,TD-1b6bda2745f7,低污染燃烧控制,3,489,F0490,Gasoline / Petroleum / Waste management,0.6751696398069614,0.016692877849035503,automatic_candidate_needs_semantic_review,True,False
direction,TD-e30c1f01f77f,水力空化预测与抑制,1,72,F0073,Process (computing) / Identification (biology) / Product (mathematics),0.650736306280441,0.004262173248423595,automatic_candidate_needs_semantic_review,True,False
direction,TD-e30c1f01f77f,水力空化预测与抑制,2,260,F0261,Environmental science / Waste management / Engineering,0.6464741330320174,0.004262173248423595,automatic_candidate_needs_semantic_review,True,False
direction,TD-e30c1f01f77f,水力空化预测与抑制,3,180,F0181,Geology / Geochemistry / Petroleum engineering,0.6400702368983167,0.004262173248423595,automatic_candidate_needs_semantic_review,True,False
direction,TD-8feb995c6d2e,光伏最大功率点跟踪,1,25,F0026,Maximum power point tracking / Maximum power principle / Grid-connected photovoltaic power system,0.7507907278901456,0.029675383542460576,automatic_candidate_needs_semantic_review,True,False
direction,TD-8feb995c6d2e,光伏最大功率点跟踪,2,490,F0491,Tracking (education) / Point (geometry) / Trajectory,0.721115344347685,0.029675383542460576,automatic_candidate_needs_semantic_review,True,False
direction,TD-8feb995c6d2e,光伏最大功率点跟踪,3,177,F0178,Power (physics) / Electrical engineering / Engineering,0.6856511612865145,0.029675383542460576,automatic_candidate_needs_semantic_review,True,False
direction,TD-1b2cdb574e12,遥感观测与目标定位,1,172,F0173,Remote sensing / Satellite / Global Positioning System,0.6514075496978556,0.025475012221164883,automatic_candidate_needs_semantic_review,True,False
direction,TD-1b2cdb574e12,遥感观测与目标定位,2,136,F0137,Database / Table (database) / Operating system,0.6259325374766908,0.025475012221164883,automatic_candidate_needs_semantic_review,True,False
direction,TD-1b2cdb574e12,遥感观测与目标定位,3,16,F0017,Position (finance) / Rotor (electric) / Finance,0.6248579022380806,0.025475012221164883,automatic_candidate_needs_semantic_review,True,False
direction,TD-435c9d1fefde,风电场尾流与功率协同优化,1,108,F0109,Wind power / Turbine / Wind speed,0.6922467590417397,0.0034490605583187284,automatic_candidate_needs_semantic_review,True,False
direction,TD-435c9d1fefde,风电场尾流与功率协同优化,2,387,F0388,Power station / Thermal power station / Combined cycle,0.688797698483421,0.0034490605583187284,automatic_candidate_needs_semantic_review,True,False
direction,TD-435c9d1fefde,风电场尾流与功率协同优化,3,349,F0350,Hydropower / Hydroelectricity / Small hydro,0.6819828408951862,0.0034490605583187284,automatic_candidate_needs_semantic_review,True,False
direction,TD-456c50273fbd,煤热解工艺与气固分离,1,128,F0129,Combustion / Coal / Oxygen,0.6215945996698422,0.005146791190809741,automatic_candidate_needs_semantic_review,True,False
direction,TD-456c50273fbd,煤热解工艺与气固分离,2,72,F0073,Process (computing) / Identification (biology) / Product (mathematics),0.6164478084790325,0.005146791190809741,automatic_candidate_needs_semantic_review,True,False
direction,TD-456c50273fbd,煤热解工艺与气固分离,3,449,F0450,Boiler (water heating) / Waste management / Engineering,0.6066394756448965,0.005146791190809741,automatic_candidate_needs_semantic_review,True,False
direction,TD-32be6f4f9526,风力机叶片气动设计,1,108,F0109,Wind power / Turbine / Wind speed,0.7069522922404111,0.004213844933141253,automatic_candidate_needs_semantic_review,True,False
direction,TD-32be6f4f9526,风力机叶片气动设计,2,243,F0244,Engineering / Mechanical engineering / Manufacturing engineering,0.7027384473072699,0.004213844933141253,automatic_candidate_needs_semantic_review,True,False
direction,TD-32be6f4f9526,风力机叶片气动设计,3,311,F0312,Aerodynamics / Airfoil / Lift (data mining),0.6994648297539278,0.004213844933141253,automatic_candidate_needs_semantic_review,True,False
direction,TD-5df6a2458b7e,混合动力汽车能量管理,1,201,F0202,Energy management / Energy management system / Operations management,0.7218939694667996,0.006958804456797085,automatic_candidate_needs_semantic_review,True,False
direction,TD-5df6a2458b7e,混合动力汽车能量管理,2,315,F0316,Automotive engineering / Electric vehicle / Powertrain,0.7149351650100025,0.006958804456797085,automatic_candidate_needs_semantic_review,True,False
direction,TD-5df6a2458b7e,混合动力汽车能量管理,3,120,F0121,Energy (signal processing) / Energy consumption / Efficient energy use,0.7037514573647208,0.006958804456797085,automatic_candidate_needs_semantic_review,True,False
direction,TD-d3b8fd8fdbf3,交直流混合供电协调控制,1,317,F0318,Control (management) / Control system / Artificial intelligence,0.7047793229632731,0.0023412694927724687,automatic_candidate_needs_semantic_review,True,False
direction,TD-d3b8fd8fdbf3,交直流混合供电协调控制,2,91,F0092,Regulator / Voltage regulator / Voltage regulation,0.7024380534705006,0.0023412694927724687,automatic_candidate_needs_semantic_review,True,False
direction,TD-d3b8fd8fdbf3,交直流混合供电协调控制,3,378,F0379,Control theory (sociology) / Controller (irrigation) / Control engineering,0.6976902314354317,0.0023412694927724687,automatic_candidate_needs_semantic_review,True,False
direction,TD-5c7124c868e7,直流输电故障检测与保护,1,47,F0048,Circuit breaker / Electrical engineering / Switchgear,0.6458430750394522,0.0005343801069644938,automatic_candidate_needs_semantic_review,True,False
direction,TD-5c7124c868e7,直流输电故障检测与保护,2,479,F0480,Forensic engineering / Damages / Construction engineering,0.6453086949324877,0.0005343801069644938,automatic_candidate_needs_semantic_review,True,False
direction,TD-5c7124c868e7,直流输电故障检测与保护,3,32,F0033,Relay / Protective relay / Overcurrent,0.6350874081659938,0.0005343801069644938,automatic_candidate_needs_semantic_review,True,False
direction,TD-4c0690846ca0,光学传感检测,1,287,F0288,Detector / SIGNAL (programming language) / Optics,0.6793934127410605,0.021233144860884567,automatic_candidate_needs_semantic_review,True,False
direction,TD-4c0690846ca0,光学传感检测,2,400,F0401,Measure (data warehouse) / Instrumentation (computer programming) / Data mining,0.6581602678801759,0.021233144860884567,automatic_candidate_needs_semantic_review,True,False
direction,TD-4c0690846ca0,光学传感检测,3,254,F0255,Mathematics / Statistics / Mathematical optimization,0.6503819007017742,0.021233144860884567,automatic_candidate_needs_semantic_review,True,False
direction,TD-c0ffe6a9dfab,电力电缆绝缘状态诊断,1,134,F0135,Fault (geology) / Fault detection and isolation / Fault indicator,0.6648237819116141,0.01633485982742544,automatic_candidate_needs_semantic_review,True,False
direction,TD-c0ffe6a9dfab,电力电缆绝缘状态诊断,2,479,F0480,Forensic engineering / Damages / Construction engineering,0.6484889220841886,0.01633485982742544,automatic_candidate_needs_semantic_review,True,False
direction,TD-c0ffe6a9dfab,电力电缆绝缘状态诊断,3,310,F0311,Line (geometry) / Electric power transmission / Transmission line,0.6406989888566423,0.01633485982742544,automatic_candidate_needs_semantic_review,True,False
direction,TD-2405415aec68,通信网络路由优化,1,219,F0220,Computer network / Scheme (mathematics) / Protocol (science),0.7071358027783244,0.03552572120579367,automatic_candidate_needs_semantic_review,True,False
direction,TD-2405415aec68,通信网络路由优化,2,463,F0464,Transmission (telecommunications) / Power transmission / Transmission system,0.6716100815725308,0.03552572120579367,automatic_candidate_needs_semantic_review,True,False
direction,TD-2405415aec68,通信网络路由优化,3,361,F0362,Control reconfiguration / Heuristic / Shading,0.6637295929771889,0.03552572120579367,automatic_candidate_needs_semantic_review,True,False
direction,TD-96d6587804ce,离子液体萃取金属,1,220,F0221,Extraction (chemistry) / Chromatography / Solvent,0.6599115828856412,0.020340713516437403,automatic_candidate_needs_semantic_review,True,False
direction,TD-96d6587804ce,离子液体萃取金属,2,391,F0392,Metal / Transition metal / Lithium metal,0.6395708693692038,0.020340713516437403,automatic_candidate_needs_semantic_review,True,False
direction,TD-96d6587804ce,离子液体萃取金属,3,420,F0421,Copper / Leaching (pedology) / Metallurgy,0.6310843465416804,0.020340713516437403,automatic_candidate_needs_semantic_review,True,False
direction,TD-b25b4591f7b5,泵水轮机水力设计,1,349,F0350,Hydropower / Hydroelectricity / Small hydro,0.6871573116410017,0.021764033188327425,automatic_candidate_needs_semantic_review,True,False
direction,TD-b25b4591f7b5,泵水轮机水力设计,2,387,F0388,Power station / Thermal power station / Combined cycle,0.6653932784526743,0.021764033188327425,automatic_candidate_needs_semantic_review,True,False
direction,TD-b25b4591f7b5,泵水轮机水力设计,3,108,F0109,Wind power / Turbine / Wind speed,0.656977720021407,0.021764033188327425,automatic_candidate_needs_semantic_review,True,False
direction,TD-9a84cf59fdef,建筑通风与空气处理控制,1,22,F0023,Architectural engineering / Efficient energy use / Air conditioning,0.6793640895310299,0.00459042374715557,automatic_candidate_needs_semantic_review,True,False
direction,TD-9a84cf59fdef,建筑通风与空气处理控制,2,317,F0318,Control (management) / Control system / Artificial intelligence,0.6747736657838743,0.00459042374715557,automatic_candidate_needs_semantic_review,True,False
direction,TD-9a84cf59fdef,建筑通风与空气处理控制,3,271,F0272,Project commissioning / Publishing / Bridge (graph theory),0.6493101413264878,0.00459042374715557,automatic_candidate_needs_semantic_review,True,False
direction,TD-f975505ec597,高温钢焊接及耐蠕变设计,1,243,F0244,Engineering / Mechanical engineering / Manufacturing engineering,0.6567528062669377,0.00524650323609932,automatic_candidate_needs_semantic_review,True,False
direction,TD-f975505ec597,高温钢焊接及耐蠕变设计,2,325,F0326,Welding / Friction stir welding / Arc welding,0.6515063030308383,0.00524650323609932,automatic_candidate_needs_semantic_review,True,False
direction,TD-f975505ec597,高温钢焊接及耐蠕变设计,3,479,F0480,Forensic engineering / Damages / Construction engineering,0.6498031971918745,0.00524650323609932,automatic_candidate_needs_semantic_review,True,False
direction,TD-10f27e7858e3,热电发电器件热设计,1,181,F0182,Heat transfer / Heat transfer coefficient / Nusselt number,0.6855549459908665,0.0017653166476963023,automatic_candidate_needs_semantic_review,True,False
direction,TD-10f27e7858e3,热电发电器件热设计,2,422,F0423,Overheating (electricity) / Electrical engineering / Thermal comfort,0.6837896293431702,0.0017653166476963023,automatic_candidate_needs_semantic_review,True,False
direction,TD-10f27e7858e3,热电发电器件热设计,3,431,F0432,Heat pump / Heat exchanger / Coefficient of performance,0.6766877508025302,0.0017653166476963023,automatic_candidate_needs_semantic_review,True,False
direction,TD-dd781e26b1c4,电气绝缘陶瓷制备,1,164,F0165,Compatibility (geochemistry) / Solid-state / Electromagnetic compatibility,0.6207192451025136,0.005985409616218407,automatic_candidate_needs_semantic_review,True,False
direction,TD-dd781e26b1c4,电气绝缘陶瓷制备,2,342,F0343,Electronics / Power electronics / Triboelectric effect,0.6147338354862952,0.005985409616218407,automatic_candidate_needs_semantic_review,True,False
direction,TD-dd781e26b1c4,电气绝缘陶瓷制备,3,12,F0013,Fabrication / Nanotechnology / Optoelectronics,0.6147059784540485,0.005985409616218407,automatic_candidate_needs_semantic_review,True,False
direction,TD-1559dff250b2,薄膜晶体管制备与控制,1,317,F0318,Control (management) / Control system / Artificial intelligence,0.6589833410207556,0.004659553300842556,automatic_candidate_needs_semantic_review,True,False
direction,TD-1559dff250b2,薄膜晶体管制备与控制,2,87,F0088,PID controller / Controller (irrigation) / Control engineering,0.6543237877199131,0.004659553300842556,automatic_candidate_needs_semantic_review,True,False
direction,TD-1559dff250b2,薄膜晶体管制备与控制,3,170,F0171,Polarization (electrochemistry) / Ferroelectricity / Piezoelectricity,0.653081178830009,0.004659553300842556,automatic_candidate_needs_semantic_review,True,False
direction,TD-2fbbd53b7719,生物油催化升级,1,489,F0490,Gasoline / Petroleum / Waste management,0.6753782988669019,0.017023843369533553,automatic_candidate_needs_semantic_review,True,False
direction,TD-2fbbd53b7719,生物油催化升级,2,157,F0158,Biochemical engineering / Nanotechnology / Microbial fuel cell,0.6583544554973684,0.017023843369533553,automatic_candidate_needs_semantic_review,True,False
direction,TD-2fbbd53b7719,生物油催化升级,3,332,F0333,Diesel fuel / Diesel engine / Biodiesel,0.6552849211928823,0.017023843369533553,automatic_candidate_needs_semantic_review,True,False
direction,TD-4d4b75b1a587,碳基单原子氧还原电催化,1,369,F0370,Catalysis / Electrocatalyst / Oxygen evolution,0.6775150999770054,0.012079576610481313,automatic_candidate_needs_semantic_review,True,False
direction,TD-4d4b75b1a587,碳基单原子氧还原电催化,2,142,F0143,Reduction (mathematics) / Oxygen / Oxygen reduction reaction,0.6654355233665241,0.012079576610481313,automatic_candidate_needs_semantic_review,True,False
direction,TD-4d4b75b1a587,碳基单原子氧还原电催化,3,404,F0405,Carbon fibers / Carbon nanotube / Chemical engineering,0.6581475696498676,0.012079576610481313,automatic_candidate_needs_semantic_review,True,False
direction,TD-ec353a24af21,翼型与螺旋桨气动设计,1,362,F0363,Marine engineering / Aerospace engineering / Propulsion,0.725095301787078,0.009038552758195095,automatic_candidate_needs_semantic_review,True,False
direction,TD-ec353a24af21,翼型与螺旋桨气动设计,2,311,F0312,Aerodynamics / Airfoil / Lift (data mining),0.7160567490288829,0.009038552758195095,automatic_candidate_needs_semantic_review,True,False
direction,TD-ec353a24af21,翼型与螺旋桨气动设计,3,364,F0365,Aeronautics / Engineering / Aerospace engineering,0.7029537484953541,0.009038552758195095,automatic_candidate_needs_semantic_review,True,False
direction,TD-93a895795079,风电发电机并网控制,1,108,F0109,Wind power / Turbine / Wind speed,0.6726107532328002,0.004050988274088341,automatic_candidate_needs_semantic_review,True,False
direction,TD-93a895795079,风电发电机并网控制,2,177,F0178,Power (physics) / Electrical engineering / Engineering,0.6685597649587118,0.004050988274088341,automatic_candidate_needs_semantic_review,True,False
direction,TD-93a895795079,风电发电机并网控制,3,317,F0318,Control (management) / Control system / Artificial intelligence,0.6614822924985365,0.004050988274088341,automatic_candidate_needs_semantic_review,True,False
direction,TD-d0837d2e595d,光伏组件支架结构设计,1,270,F0271,Photovoltaic system / Electrical engineering / Harmonics,0.6401194908714076,0.009067829176718223,automatic_candidate_needs_semantic_review,True,False
direction,TD-d0837d2e595d,光伏组件支架结构设计,2,61,F0062,Systems engineering / Deliverable / Risk analysis (engineering),0.6310516616946894,0.009067829176718223,automatic_candidate_needs_semantic_review,True,False
direction,TD-d0837d2e595d,光伏组件支架结构设计,3,474,F0475,Computer science / Engineering / Artificial intelligence,0.630057034701768,0.009067829176718223,automatic_candidate_needs_semantic_review,True,False
direction,TD-69aaa238e851,无人机飞行控制,1,211,F0212,Drone / Overhead (engineering) / Real-time computing,0.679189930996405,0.01784205265638472,automatic_candidate_needs_semantic_review,True,False
direction,TD-69aaa238e851,无人机飞行控制,2,364,F0365,Aeronautics / Engineering / Aerospace engineering,0.6613478783400203,0.01784205265638472,automatic_candidate_needs_semantic_review,True,False
direction,TD-69aaa238e851,无人机飞行控制,3,317,F0318,Control (management) / Control system / Artificial intelligence,0.6322067804863467,0.01784205265638472,automatic_candidate_needs_semantic_review,True,False
direction,TD-30f39df6787b,燃料电池铂基电催化,1,138,F0139,Battery (electricity) / Lithium-ion battery / State of charge,0.6300122122427285,0.004902144151444299,automatic_candidate_needs_semantic_review,True,False
direction,TD-30f39df6787b,燃料电池铂基电催化,2,227,F0228,Durability / Development (topology) / Composite material,0.6251100680912842,0.004902144151444299,automatic_candidate_needs_semantic_review,True,False
direction,TD-30f39df6787b,燃料电池铂基电催化,3,315,F0316,Automotive engineering / Electric vehicle / Powertrain,0.6248907403156158,0.004902144151444299,automatic_candidate_needs_semantic_review,True,False
direction,TD-222c30a9b2ae,供水管网泵组节能调度,1,276,F0277,Mains electricity / Backup / Switched-mode power supply,0.6746286327665512,0.009535632360974211,automatic_candidate_needs_semantic_review,True,False
direction,TD-222c30a9b2ae,供水管网泵组节能调度,2,349,F0350,Hydropower / Hydroelectricity / Small hydro,0.665093000405577,0.009535632360974211,automatic_candidate_needs_semantic_review,True,False
direction,TD-222c30a9b2ae,供水管网泵组节能调度,3,113,F0114,Unit (ring theory) / Power system simulation / Power unit,0.6648145581639779,0.009535632360974211,automatic_candidate_needs_semantic_review,True,False
direction,TD-2cdee1ab9634,半导体离子注入改性,1,474,F0475,Computer science / Engineering / Artificial intelligence,0.6908056742685578,0.0011215507106926426,automatic_candidate_needs_semantic_review,True,False
direction,TD-2cdee1ab9634,半导体离子注入改性,2,324,F0325,Electronic circuit / Equivalent circuit / Spice,0.6896841235578651,0.0011215507106926426,automatic_candidate_needs_semantic_review,True,False
direction,TD-2cdee1ab9634,半导体离子注入改性,3,72,F0073,Process (computing) / Identification (biology) / Product (mathematics),0.6891997878561076,0.0011215507106926426,automatic_candidate_needs_semantic_review,True,False
direction,TD-dd47a275e937,电能质量谐波检测,1,50,F0051,Harmonic / Acoustics / Harmonic analysis,0.6455848008399276,0.005703637214902413,automatic_candidate_needs_semantic_review,True,False
direction,TD-dd47a275e937,电能质量谐波检测,2,458,F0459,Quality (philosophy) / Power quality / Risk analysis (engineering),0.6398811636250252,0.005703637214902413,automatic_candidate_needs_semantic_review,True,False
direction,TD-dd47a275e937,电能质量谐波检测,3,434,F0435,Waveform / Time domain / Frequency domain,0.6390704715500253,0.005703637214902413,automatic_candidate_needs_semantic_review,True,False
direction,TD-b3c2e60a4d96,变电站自动化监控,1,317,F0318,Control (management) / Control system / Artificial intelligence,0.6796582704165088,0.013898498165402562,automatic_candidate_needs_semantic_review,True,False
direction,TD-b3c2e60a4d96,变电站自动化监控,2,451,F0452,Electric power / Metering mode / Electric energy,0.6657597722511063,0.013898498165402562,automatic_candidate_needs_semantic_review,True,False
direction,TD-b3c2e60a4d96,变电站自动化监控,3,314,F0315,SCADA / Nacelle / Supervisory control,0.6644783434132676,0.013898498165402562,automatic_candidate_needs_semantic_review,True,False
direction,TD-7fca4e967def,溶剂萃取分离,1,72,F0073,Process (computing) / Identification (biology) / Product (mathematics),0.6403474352034448,0.001021055260179482,automatic_candidate_needs_semantic_review,True,False
direction,TD-7fca4e967def,溶剂萃取分离,2,413,F0414,Distillation / Membrane distillation / Chromatography,0.6393263799432654,0.001021055260179482,automatic_candidate_needs_semantic_review,True,False
direction,TD-7fca4e967def,溶剂萃取分离,3,9,F0010,Simple (philosophy) / Applied mathematics / Mathematical analysis,0.6374673558194875,0.001021055260179482,automatic_candidate_needs_semantic_review,True,False
direction,TD-fe479347574a,分布式时钟同步,1,217,F0218,Synchronization (alternating current) / Channel (broadcasting) / Real-time computing,0.6805019486802306,0.05237607773298447,automatic_candidate_needs_semantic_review,True,False
direction,TD-fe479347574a,分布式时钟同步,2,429,F0430,Interface (matter) / Embedded system / Computer hardware,0.6281258709472461,0.05237607773298447,automatic_candidate_needs_semantic_review,True,False
direction,TD-fe479347574a,分布式时钟同步,3,250,F0251,Series (stratigraphy) / Time series / Autoregressive integrated moving average,0.6266451655579283,0.05237607773298447,automatic_candidate_needs_semantic_review,True,False
direction,TD-6eaee28ba8ba,工业烟气余热回收,1,260,F0261,Environmental science / Waste management / Engineering,0.6171944994610753,0.00473848223617912,automatic_candidate_needs_semantic_review,True,False
direction,TD-6eaee28ba8ba,工业烟气余热回收,2,449,F0450,Boiler (water heating) / Waste management / Engineering,0.6124560172248962,0.00473848223617912,automatic_candidate_needs_semantic_review,True,False
direction,TD-6eaee28ba8ba,工业烟气余热回收,3,496,F0497,Raw material / Pellets / Pellet,0.6085902940228196,0.00473848223617912,automatic_candidate_needs_semantic_review,True,False
direction,TD-e06303810831,太阳能双轴跟踪控制,1,490,F0491,Tracking (education) / Point (geometry) / Trajectory,0.6933013698721373,0.04500441543232481,automatic_candidate_needs_semantic_review,True,False
direction,TD-e06303810831,太阳能双轴跟踪控制,2,437,F0438,Meteorology / Irradiance / Solar irradiance,0.6482969544398125,0.04500441543232481,automatic_candidate_needs_semantic_review,True,False
direction,TD-e06303810831,太阳能双轴跟踪控制,3,245,F0246,Solar energy / Optics / Solar power,0.6478885849463454,0.04500441543232481,automatic_candidate_needs_semantic_review,True,False
direction,TD-f601827e05e1,相变储热材料传热增强,1,168,F0169,Thermal / Thermal energy storage / Phase-change material,0.7021721415165396,0.005488583355059418,automatic_candidate_needs_semantic_review,True,False
direction,TD-f601827e05e1,相变储热材料传热增强,2,181,F0182,Heat transfer / Heat transfer coefficient / Nusselt number,0.6966835581614802,0.005488583355059418,automatic_candidate_needs_semantic_review,True,False
direction,TD-f601827e05e1,相变储热材料传热增强,3,17,F0018,Tube (container) / Heat exchanger / Shell and tube heat exchanger,0.6940052503329657,0.005488583355059418,automatic_candidate_needs_semantic_review,True,False
direction,TD-d99123cd071c,甲醇电氧化催化,1,493,F0494,Combinatorial chemistry / Organic chemistry / Amine gas treating,0.6464408679386686,0.009351004215463199,automatic_candidate_needs_semantic_review,True,False
direction,TD-d99123cd071c,甲醇电氧化催化,2,415,F0416,Chemistry / Organic chemistry / Nuclear chemistry,0.6370898637232054,0.009351004215463199,automatic_candidate_needs_semantic_review,True,False
direction,TD-d99123cd071c,甲醇电氧化催化,3,207,F0208,Electrolysis / Electrolysis of water / Alkaline water electrolysis,0.6354566583795687,0.009351004215463199,automatic_candidate_needs_semantic_review,True,False
direction,TD-04bafdbfc296,电池排气与泄压结构设计,1,138,F0139,Battery (electricity) / Lithium-ion battery / State of charge,0.6835977738548024,0.013635897759019522,automatic_candidate_needs_semantic_review,True,False
direction,TD-04bafdbfc296,电池排气与泄压结构设计,2,292,F0293,Separator (oil production) / Polyethylene / Polypropylene,0.6699618760957828,0.013635897759019522,automatic_candidate_needs_semantic_review,True,False
direction,TD-04bafdbfc296,电池排气与泄压结构设计,3,479,F0480,Forensic engineering / Damages / Construction engineering,0.6590741779441619,0.013635897759019522,automatic_candidate_needs_semantic_review,True,False
direction,TD-a5043046e20a,离子交换膜选择性传输,1,463,F0464,Transmission (telecommunications) / Power transmission / Transmission system,0.6960351397329544,0.004906478042806639,automatic_candidate_needs_semantic_review,True,False
direction,TD-a5043046e20a,离子交换膜选择性传输,2,384,F0385,Charge (physics) / Charge carrier / Chemical physics,0.6911286616901477,0.004906478042806639,automatic_candidate_needs_semantic_review,True,False
direction,TD-a5043046e20a,离子交换膜选择性传输,3,317,F0318,Control (management) / Control system / Artificial intelligence,0.690073774915793,0.004906478042806639,automatic_candidate_needs_semantic_review,True,False
direction,TD-9aac924c723d,输配电线路视觉缺陷识别,1,134,F0135,Fault (geology) / Fault detection and isolation / Fault indicator,0.6936772245963051,0.007393820709863497,automatic_candidate_needs_semantic_review,True,False
direction,TD-9aac924c723d,输配电线路视觉缺陷识别,2,310,F0311,Line (geometry) / Electric power transmission / Transmission line,0.6862834038864416,0.007393820709863497,automatic_candidate_needs_semantic_review,True,False
direction,TD-9aac924c723d,输配电线路视觉缺陷识别,3,287,F0288,Detector / SIGNAL (programming language) / Optics,0.6598832777470857,0.007393820709863497,automatic_candidate_needs_semantic_review,True,False
direction,TD-e0b5a0022575,摩擦力与载荷测量,1,400,F0401,Measure (data warehouse) / Instrumentation (computer programming) / Data mining,0.6576445127948649,0.018065366627173285,automatic_candidate_needs_semantic_review,True,False
direction,TD-e0b5a0022575,摩擦力与载荷测量,2,232,F0233,Test (biology) / Reliability engineering / Test method,0.6395791461676916,0.018065366627173285,automatic_candidate_needs_semantic_review,True,False
direction,TD-e0b5a0022575,摩擦力与载荷测量,3,267,F0268,Spring (device) / Vibration / Structural engineering,0.6346756431099494,0.018065366627173285,automatic_candidate_needs_semantic_review,True,False
direction,TD-d34fa03c7f26,混凝土碳化固碳工艺,1,455,F0456,Carbonation / Mineral / Carbon sequestration,0.7210549297973152,0.03260879555515772,automatic_candidate_needs_semantic_review,True,False
direction,TD-d34fa03c7f26,混凝土碳化固碳工艺,2,15,F0016,Carbon dioxide / Methane / Hydrate,0.6884461342421575,0.03260879555515772,automatic_candidate_needs_semantic_review,True,False
direction,TD-d34fa03c7f26,混凝土碳化固碳工艺,3,404,F0405,Carbon fibers / Carbon nanotube / Chemical engineering,0.6747866115105051,0.03260879555515772,automatic_candidate_needs_semantic_review,True,False
direction,TD-4f7cb6fdca8f,荧光粉组分与发光调控,1,495,F0496,Photoluminescence / Luminescence / Phosphor,0.6538441939260977,0.0026416137752051094,automatic_candidate_needs_semantic_review,True,False
direction,TD-4f7cb6fdca8f,荧光粉组分与发光调控,2,72,F0073,Process (computing) / Identification (biology) / Product (mathematics),0.6512025801508926,0.0026416137752051094,automatic_candidate_needs_semantic_review,True,False
direction,TD-4f7cb6fdca8f,荧光粉组分与发光调控,3,418,F0419,Diode / OLED / Optoelectronics,0.6494932770964826,0.0026416137752051094,automatic_candidate_needs_semantic_review,True,False
direction,TD-ad82adb13d9a,有机场效应晶体管制备,1,264,F0265,Layer (electronics) / Passivation / Atomic layer deposition,0.6667930668320928,0.00021435494977539715,automatic_candidate_needs_semantic_review,True,False
direction,TD-ad82adb13d9a,有机场效应晶体管制备,2,317,F0318,Control (management) / Control system / Artificial intelligence,0.6665787118823174,0.00021435494977539715,automatic_candidate_needs_semantic_review,True,False
direction,TD-ad82adb13d9a,有机场效应晶体管制备,3,149,F0150,Microsphere / Morphology (biology) / Chemical engineering,0.6662110532105256,0.00021435494977539715,automatic_candidate_needs_semantic_review,True,False
direction,TD-d3bbac6fea17,功能纤维复合制造,1,302,F0303,Function (biology) / Basis (linear algebra) / Transfer function,0.6440208404832128,0.01333431466932733,automatic_candidate_needs_semantic_review,True,False
direction,TD-d3bbac6fea17,功能纤维复合制造,2,182,F0183,Fiber / Composite material / Hollow fiber membrane,0.6306865258138855,0.01333431466932733,automatic_candidate_needs_semantic_review,True,False
direction,TD-d3bbac6fea17,功能纤维复合制造,3,72,F0073,Process (computing) / Identification (biology) / Product (mathematics),0.6179524436435475,0.01333431466932733,automatic_candidate_needs_semantic_review,True,False
direction,TD-3d389e57945c,纳米流体传热强化,1,45,F0046,Nanofluid / Viscosity / Slurry,0.7195268917300968,0.0028574900289290994,automatic_candidate_needs_semantic_review,True,False
direction,TD-3d389e57945c,纳米流体传热强化,2,181,F0182,Heat transfer / Heat transfer coefficient / Nusselt number,0.7166694017011677,0.0028574900289290994,automatic_candidate_needs_semantic_review,True,False
direction,TD-3d389e57945c,纳米流体传热强化,3,168,F0169,Thermal / Thermal energy storage / Phase-change material,0.6962143446450944,0.0028574900289290994,automatic_candidate_needs_semantic_review,True,False
direction,TD-d61d42d24d7d,风机变桨与偏航控制,1,311,F0312,Aerodynamics / Airfoil / Lift (data mining),0.6703428584195824,0.0036808651674987702,automatic_candidate_needs_semantic_review,True,False
direction,TD-d61d42d24d7d,风机变桨与偏航控制,2,362,F0363,Marine engineering / Aerospace engineering / Propulsion,0.6666619932520836,0.0036808651674987702,automatic_candidate_needs_semantic_review,True,False
direction,TD-d61d42d24d7d,风机变桨与偏航控制,3,364,F0365,Aeronautics / Engineering / Aerospace engineering,0.6609774065356734,0.0036808651674987702,automatic_candidate_needs_semantic_review,True,False
direction,TD-c7e1d290c476,多相流计算流体力学建模,1,70,F0071,Computation / Computational science / Parallel computing,0.6482453046495696,0.009113068616670161,automatic_candidate_needs_semantic_review,True,False
direction,TD-c7e1d290c476,多相流计算流体力学建模,2,68,F0069,Mechanics / Flow (mathematics) / Physics,0.6391322360328995,0.009113068616670161,automatic_candidate_needs_semantic_review,True,False
direction,TD-c7e1d290c476,多相流计算流体力学建模,3,474,F0475,Computer science / Engineering / Artificial intelligence,0.635506688236745,0.009113068616670161,automatic_candidate_needs_semantic_review,True,False
direction,TD-ca136e86e008,多目标群智能优化求解,1,103,F0104,Mathematical optimization / Scheduling (production processes) / Economic dispatch,0.6176307963912031,0.0009636733125556463,automatic_candidate_needs_semantic_review,True,False
direction,TD-ca136e86e008,多目标群智能优化求解,2,106,F0107,Set (abstract data type) / Code (set theory) / Programming language,0.6166671230786475,0.0009636733125556463,automatic_candidate_needs_semantic_review,True,False
direction,TD-ca136e86e008,多目标群智能优化求解,3,167,F0168,Convergence (economics) / Economic dispatch / Population,0.6090147242428756,0.0009636733125556463,automatic_candidate_needs_semantic_review,True,False
direction,TD-d04f9e262ee7,结构抗震分析与设计,1,4,F0005,Risk analysis (engineering) / Interdependence / Critical infrastructure,0.6739538741278776,9.066150539049911e-05,automatic_candidate_needs_semantic_review,True,False
direction,TD-d04f9e262ee7,结构抗震分析与设计,2,209,F0210,Resilience (materials science) / Risk analysis (engineering) / Vulnerability (computing),0.673863212622487,9.066150539049911e-05,automatic_candidate_needs_semantic_review,True,False
direction,TD-d04f9e262ee7,结构抗震分析与设计,3,106,F0107,Set (abstract data type) / Code (set theory) / Programming language,0.6607413575730696,9.066150539049911e-05,automatic_candidate_needs_semantic_review,True,False
direction,TD-4b990f7a8145,沸石多孔结构合成,1,72,F0073,Process (computing) / Identification (biology) / Product (mathematics),0.6194735602501169,0.0023532504406988952,automatic_candidate_needs_semantic_review,True,False
direction,TD-4b990f7a8145,沸石多孔结构合成,2,415,F0416,Chemistry / Organic chemistry / Nuclear chemistry,0.617120309809418,0.0023532504406988952,automatic_candidate_needs_semantic_review,True,False
direction,TD-4b990f7a8145,沸石多孔结构合成,3,474,F0475,Computer science / Engineering / Artificial intelligence,0.6147600230671726,0.0023532504406988952,automatic_candidate_needs_semantic_review,True,False
direction,TD-c5e19eb91592,能源林木育种与栽培,1,328,F0329,Bioenergy / Productivity / Logging,0.705789950266134,0.008626809282168302,automatic_candidate_needs_semantic_review,True,False
direction,TD-c5e19eb91592,能源林木育种与栽培,2,29,F0030,Forestry / Agroforestry / Thinning,0.6971631409839657,0.008626809282168302,automatic_candidate_needs_semantic_review,True,False
direction,TD-c5e19eb91592,能源林木育种与栽培,3,262,F0263,Agricultural science / Polish / Profitability index,0.6840367616332473,0.008626809282168302,automatic_candidate_needs_semantic_review,True,False
direction,TD-4dc11898422a,聚合物气凝胶制备,1,12,F0013,Fabrication / Nanotechnology / Optoelectronics,0.6762914628120904,0.01441910567619542,automatic_candidate_needs_semantic_review,True,False
direction,TD-4dc11898422a,聚合物气凝胶制备,2,37,F0038,Polymer / Copolymer / Polymer chemistry,0.661872357135895,0.01441910567619542,automatic_candidate_needs_semantic_review,True,False
direction,TD-4dc11898422a,聚合物气凝胶制备,3,499,F0500,Composite number / Composite material / Tribology,0.6613177782213034,0.01441910567619542,automatic_candidate_needs_semantic_review,True,False
direction,TD-b6943e19dadf,硅半导体加工,1,429,F0430,Interface (matter) / Embedded system / Computer hardware,0.6593087553040414,0.004014987072938014,automatic_candidate_needs_semantic_review,True,False
direction,TD-b6943e19dadf,硅半导体加工,2,317,F0318,Control (management) / Control system / Artificial intelligence,0.6552937682311034,0.004014987072938014,automatic_candidate_needs_semantic_review,True,False
direction,TD-b6943e19dadf,硅半导体加工,3,295,F0296,Software / Operating system / Software engineering,0.6465520760595107,0.004014987072938014,automatic_candidate_needs_semantic_review,True,False
direction,TD-b09389900cee,电力系统电磁暂态仿真,1,408,F0409,Current (fluid) / Electrical engineering / Current density,0.671259933348601,0.0002294839858130171,automatic_candidate_needs_semantic_review,True,False
direction,TD-b09389900cee,电力系统电磁暂态仿真,2,70,F0071,Computation / Computational science / Parallel computing,0.671030449362788,0.0002294839858130171,automatic_candidate_needs_semantic_review,True,False
direction,TD-b09389900cee,电力系统电磁暂态仿真,3,236,F0237,Constant (computer programming) / Constant current / Entropy (arrow of time),0.6659270036851596,0.0002294839858130171,automatic_candidate_needs_semantic_review,True,False
direction,TD-84d95b62cb48,电力设备异常检测,1,134,F0135,Fault (geology) / Fault detection and isolation / Fault indicator,0.6956983781675034,0.029007726852096405,automatic_candidate_needs_semantic_review,True,False
direction,TD-84d95b62cb48,电力设备异常检测,2,479,F0480,Forensic engineering / Damages / Construction engineering,0.666690651315407,0.029007726852096405,automatic_candidate_needs_semantic_review,True,False
direction,TD-84d95b62cb48,电力设备异常检测,3,451,F0452,Electric power / Metering mode / Electric energy,0.661516644089555,0.029007726852096405,automatic_candidate_needs_semantic_review,True,False
direction,TD-e43774f56f9d,电气化铁路牵引供电控制,1,488,F0489,Traction (geology) / Automotive engineering / Traction motor,0.6947034705027892,0.02895459453205751,automatic_candidate_needs_semantic_review,True,False
direction,TD-e43774f56f9d,电气化铁路牵引供电控制,2,315,F0316,Automotive engineering / Electric vehicle / Powertrain,0.6657488759707317,0.02895459453205751,automatic_candidate_needs_semantic_review,True,False
direction,TD-e43774f56f9d,电气化铁路牵引供电控制,3,333,F0334,Brake / Regenerative brake / Dynamic braking,0.6591224318166071,0.02895459453205751,automatic_candidate_needs_semantic_review,True,False
direction,TD-3bb2a3d78fea,铜基硫族光伏吸收层制备,1,7,F0008,Solar cell / Optoelectronics / CZTS,0.6286013863604261,0.0004300238439505222,automatic_candidate_needs_semantic_review,True,False
direction,TD-3bb2a3d78fea,铜基硫族光伏吸收层制备,2,245,F0246,Solar energy / Optics / Solar power,0.6281713625164755,0.0004300238439505222,automatic_candidate_needs_semantic_review,True,False
direction,TD-3bb2a3d78fea,铜基硫族光伏吸收层制备,3,127,F0128,Organic solar cell / Energy conversion efficiency / Acceptor,0.6115050529724277,0.0004300238439505222,automatic_candidate_needs_semantic_review,True,False
direction,TD-55234959b0dd,电网孤岛检测,1,52,F0053,Distributed generation / Distributed computing / Islanding,0.6765296667264821,0.0020799173081446076,automatic_candidate_needs_semantic_review,True,False
direction,TD-55234959b0dd,电网孤岛检测,2,134,F0135,Fault (geology) / Fault detection and isolation / Fault indicator,0.6744497494183375,0.0020799173081446076,automatic_candidate_needs_semantic_review,True,False
direction,TD-55234959b0dd,电网孤岛检测,3,494,F0495,Electric power system / Phasor / Phasor measurement unit,0.6678383657519221,0.0020799173081446076,automatic_candidate_needs_semantic_review,True,False
direction,TD-c6a62e5a30fc,电池壳体密封与结构设计,1,292,F0293,Separator (oil production) / Polyethylene / Polypropylene,0.6884310943036773,0.0086621587271688,automatic_candidate_needs_semantic_review,True,False
direction,TD-c6a62e5a30fc,电池壳体密封与结构设计,2,138,F0139,Battery (electricity) / Lithium-ion battery / State of charge,0.6797689355765085,0.0086621587271688,automatic_candidate_needs_semantic_review,True,False
direction,TD-c6a62e5a30fc,电池壳体密封与结构设计,3,340,F0341,Lithium (medication) / Lithium metal / Lithium-ion battery,0.6788272002939182,0.0086621587271688,automatic_candidate_needs_semantic_review,True,False
direction,TD-10d06e8138ae,风光储联合容量与运行优化,1,481,F0482,Energy storage / Thermal energy storage / Electrochemical energy storage,0.6781744991236942,0.004157658884281545,automatic_candidate_needs_semantic_review,True,False
direction,TD-10d06e8138ae,风光储联合容量与运行优化,2,84,F0085,Sizing / Irrigation / Agricultural engineering,0.6740168402394127,0.004157658884281545,automatic_candidate_needs_semantic_review,True,False
direction,TD-10d06e8138ae,风光储联合容量与运行优化,3,113,F0114,Unit (ring theory) / Power system simulation / Power unit,0.6592883058865371,0.004157658884281545,automatic_candidate_needs_semantic_review,True,False
direction,TD-9895b8b80630,绝缘空间电荷数值建模,1,491,F0492,Space (punctuation) / Space charge / Aerospace engineering,0.6806296210528833,0.0007821874866500433,automatic_candidate_needs_semantic_review,True,False
direction,TD-9895b8b80630,绝缘空间电荷数值建模,2,205,F0206,Electric field / Space charge / Breakdown voltage,0.6798474335662332,0.0007821874866500433,automatic_candidate_needs_semantic_review,True,False
direction,TD-9895b8b80630,绝缘空间电荷数值建模,3,81,F0082,Statistical physics / Chaotic / CHAOS (operating system),0.678871546482734,0.0007821874866500433,automatic_candidate_needs_semantic_review,True,False
direction,TD-01a9bc34abb6,超导故障限流,1,47,F0048,Circuit breaker / Electrical engineering / Switchgear,0.674009712429071,0.0007502224758402232,automatic_candidate_needs_semantic_review,True,False
direction,TD-01a9bc34abb6,超导故障限流,2,269,F0270,Transformer / Electrical engineering / Distribution transformer,0.6732594899532308,0.0007502224758402232,automatic_candidate_needs_semantic_review,True,False
direction,TD-01a9bc34abb6,超导故障限流,3,388,F0389,Limiting / Current limiting / Fault current limiter,0.6726217264553785,0.0007502224758402232,automatic_candidate_needs_semantic_review,True,False
direction,TD-94436b1992bd,区域供热需求预测,1,249,F0250,Plan (archaeology) / Scheme (mathematics) / Operations management,0.6815969313954647,0.010984895550938956,automatic_candidate_needs_semantic_review,True,False
direction,TD-94436b1992bd,区域供热需求预测,2,313,F0314,Operations research / Penetration (warfare) / Operations management,0.6706120358445258,0.010984895550938956,automatic_candidate_needs_semantic_review,True,False
direction,TD-94436b1992bd,区域供热需求预测,3,304,F0305,Energy consumption / Consumption (sociology) / Power consumption,0.6660315241199882,0.010984895550938956,automatic_candidate_needs_semantic_review,True,False
direction,TD-f3cfa5989726,燃料电池电堆集成,1,201,F0202,Energy management / Energy management system / Operations management,0.6593776823650057,0.006895427610349003,automatic_candidate_needs_semantic_review,True,False
direction,TD-f3cfa5989726,燃料电池电堆集成,2,481,F0482,Energy storage / Thermal energy storage / Electrochemical energy storage,0.6524822547546567,0.006895427610349003,automatic_candidate_needs_semantic_review,True,False
direction,TD-f3cfa5989726,燃料电池电堆集成,3,387,F0388,Power station / Thermal power station / Combined cycle,0.6494821168334758,0.006895427610349003,automatic_candidate_needs_semantic_review,True,False
direction,TD-b0317a12efa4,钢铁合金耐蚀处理,1,74,F0075,Coating / Corrosion / Metallurgy,0.6692890613506449,0.01303550656871999,automatic_candidate_needs_semantic_review,True,False
direction,TD-b0317a12efa4,钢铁合金耐蚀处理,2,325,F0326,Welding / Friction stir welding / Arc welding,0.6562535547819249,0.01303550656871999,automatic_candidate_needs_semantic_review,True,False
direction,TD-b0317a12efa4,钢铁合金耐蚀处理,3,479,F0480,Forensic engineering / Damages / Construction engineering,0.6553050881975452,0.01303550656871999,automatic_candidate_needs_semantic_review,True,False
direction,TD-2c417548a394,半导体光电探测,1,287,F0288,Detector / SIGNAL (programming language) / Optics,0.6752063477421484,0.01376154144081565,automatic_candidate_needs_semantic_review,True,False
direction,TD-2c417548a394,半导体光电探测,2,172,F0173,Remote sensing / Satellite / Global Positioning System,0.6614448063013327,0.01376154144081565,automatic_candidate_needs_semantic_review,True,False
direction,TD-2c417548a394,半导体光电探测,3,9,F0010,Simple (philosophy) / Applied mathematics / Mathematical analysis,0.6479104017584195,0.01376154144081565,automatic_candidate_needs_semantic_review,True,False
direction,TD-47ce229ebe9a,电力智能体任务评测方法,1,232,F0233,Test (biology) / Reliability engineering / Test method,0.6856270895888189,0.014443942265182641,automatic_candidate_needs_semantic_review,True,False
direction,TD-47ce229ebe9a,电力智能体任务评测方法,2,451,F0452,Electric power / Metering mode / Electric energy,0.6711831473236363,0.014443942265182641,automatic_candidate_needs_semantic_review,True,False
direction,TD-47ce229ebe9a,电力智能体任务评测方法,3,400,F0401,Measure (data warehouse) / Instrumentation (computer programming) / Data mining,0.6698298391992656,0.014443942265182641,automatic_candidate_needs_semantic_review,True,False
direction,TD-b023fc57faa5,电网软件测试用例生成,1,232,F0233,Test (biology) / Reliability engineering / Test method,0.6445108787927076,0.013577077989829878,automatic_candidate_needs_semantic_review,True,False
direction,TD-b023fc57faa5,电网软件测试用例生成,2,295,F0296,Software / Operating system / Software engineering,0.6309338008028778,0.013577077989829878,automatic_candidate_needs_semantic_review,True,False
direction,TD-b023fc57faa5,电网软件测试用例生成,3,474,F0475,Computer science / Engineering / Artificial intelligence,0.6101236372067216,0.013577077989829878,automatic_candidate_needs_semantic_review,True,False
direction,TD-6cd003f3648b,电池电压采样与容错监测,1,400,F0401,Measure (data warehouse) / Instrumentation (computer programming) / Data mining,0.7104403578910542,0.015533764626556423,automatic_candidate_needs_semantic_review,True,False
direction,TD-6cd003f3648b,电池电压采样与容错监测,2,138,F0139,Battery (electricity) / Lithium-ion battery / State of charge,0.6949065932644978,0.015533764626556423,automatic_candidate_needs_semantic_review,True,False
direction,TD-6cd003f3648b,电池电压采样与容错监测,3,321,F0322,Resistor / Electrical impedance / Metrology,0.6941872634896975,0.015533764626556423,automatic_candidate_needs_semantic_review,True,False
