kind,scenario,axis,case_id,baseline_stage,ablated_stage,interpretation
source_loo,SRC-92df110d7ad17d31,TRL,C0009-B01,4,,"Loss of documented support, not a claim of technology regression"
source_loo,SRC-e0ceafd6137c7624,TRL,C0493-B01,4,,"Loss of documented support, not a claim of technology regression"
source_loo,SRC-6738cf31033c2ed6,TRL,C0060-B01,4,,"Loss of documented support, not a claim of technology regression"
source_loo,SRC-d78341b340b24f32,TRL,C0067-B01,4,,"Loss of documented support, not a claim of technology regression"
source_loo,SRC-62103092cb1ba928,TRL,C0091-B01,4,,"Loss of documented support, not a claim of technology regression"
source_loo,SRC-8c14eb2201b406b5,TRL,C0122-B01,4,,"Loss of documented support, not a claim of technology regression"
source_loo,SRC-5b148f6e35288d33,TRL,C0124-B01,2,,"Loss of documented support, not a claim of technology regression"
source_loo,SRC-7db2afa2dde477d1,TRL,C0155-B01,4,,"Loss of documented support, not a claim of technology regression"
source_loo,SRC-2c8e730a5d072c7e,TRL,C0593-B01,4,,"Loss of documented support, not a claim of technology regression"
source_loo,SRC-f6c7d35c5d95b53f,TRL,C0191-B01,6,,"Loss of documented support, not a claim of technology regression"
source_loo,SRC-f6c7d35c5d95b53f,CRL,C0191-B02,2,,"Loss of documented support, not a claim of technology regression"
source_loo,SRC-45af0b9ab2f94aa0,TRL,C0210-B01,4,,"Loss of documented support, not a claim of technology regression"
source_loo,SRC-51fc7f9ef415b35c,TRL,C0216-B01,4,,"Loss of documented support, not a claim of technology regression"
source_loo,SRC-84eabb3a9e391151,TRL,C0221-B01,4,,"Loss of documented support, not a claim of technology regression"
source_loo,SRC-91b4bac65c88099d,CRL,C0246-B01,2,,"Loss of documented support, not a claim of technology regression"
source_loo,SRC-cf1fff6ce7acb8a6,TRL,C0251-B01,4,,"Loss of documented support, not a claim of technology regression"
source_loo,SRC-dae3a083adf21658,TRL,C0254-B01,4,,"Loss of documented support, not a claim of technology regression"
source_loo,SRC-8c9ee42c4808b76a,TRL,C0518-B01,4,,"Loss of documented support, not a claim of technology regression"
source_loo,SRC-ff547b484411eb52,TRL,C0278-B01,4,,"Loss of documented support, not a claim of technology regression"
source_loo,SRC-c26d62722e7c592e,TRL,C0294-B01,4,,"Loss of documented support, not a claim of technology regression"
source_loo,SRC-52966e0e3d61c6dd,TRL,C0684-B01,4,,"Loss of documented support, not a claim of technology regression"
source_loo,SRC-70975ec8fc307b68,TRL,C0356-B01,2,,"Loss of documented support, not a claim of technology regression"
source_loo,SRC-61caab3e60948592,TRL,C0443-B01,4,,"Loss of documented support, not a claim of technology regression"
source_loo,SRC-87242dd0bc37660c,TRL,C0665-B01,9,,"Loss of documented support, not a claim of technology regression"
source_loo,SRC-87242dd0bc37660c,CRL,C0665-B01,3,,"Loss of documented support, not a claim of technology regression"
source_loo,SRC-87242dd0bc37660c,CRL,C0509-B01,2,,"Loss of documented support, not a claim of technology regression"
source_loo,SRC-258d21ac384d5650,CRL,C0098-B02,2,,"Loss of documented support, not a claim of technology regression"
source_loo,SRC-19a446f891f17d1a,TRL,C0246-B02,2,,"Loss of documented support, not a claim of technology regression"
source_loo,SRC-b0ea502c51002ed7,TRL,C0356-B02,2,,"Loss of documented support, not a claim of technology regression"
source_loo,SRC-844dadd6ec2d10e8,TRL,C0124-B02,2,,"Loss of documented support, not a claim of technology regression"
source_loo,SRC-af3e1d389c4bc6c3,TRL,C0487-N01,4,,"Loss of documented support, not a claim of technology regression"
source_loo,SRC-8b6c7eca37c52ffb,TRL,C0490-N01,4,,"Loss of documented support, not a claim of technology regression"
source_loo,SRC-0e6860953d550b92,TRL,C0491-N01,4,,"Loss of documented support, not a claim of technology regression"
source_loo,SRC-b46765b4971d5d62,TRL,C0492-N01,4,,"Loss of documented support, not a claim of technology regression"
source_loo,SRC-46cc8e4bac29bc8e,TRL,C0494-N01,4,,"Loss of documented support, not a claim of technology regression"
source_loo,SRC-c7c15c3b105b53a6,TRL,C0495-N01,4,,"Loss of documented support, not a claim of technology regression"
source_loo,SRC-9483990ef563be19,TRL,C0497-N01,4,,"Loss of documented support, not a claim of technology regression"
source_loo,SRC-93c5f60faed8cffa,TRL,C0499-N01,4,,"Loss of documented support, not a claim of technology regression"
source_loo,SRC-33c46579f1c508c6,TRL,C0500-N01,4,,"Loss of documented support, not a claim of technology regression"
source_loo,SRC-734aa9881d533d5b,TRL,C0501-N01,4,,"Loss of documented support, not a claim of technology regression"
source_loo,SRC-0b7775b81af80bfc,TRL,C0502-N01,4,,"Loss of documented support, not a claim of technology regression"
source_loo,SRC-fea0c6c203614c00,TRL,C0504-N01,4,,"Loss of documented support, not a claim of technology regression"
source_loo,SRC-1923c1538deaf92d,TRL,C0507-N01,4,,"Loss of documented support, not a claim of technology regression"
source_loo,SRC-c96fb37849e018c9,TRL,C0510-N01,4,,"Loss of documented support, not a claim of technology regression"
source_loo,SRC-18c7a4a91a4a020b,TRL,C0512-N01,4,,"Loss of documented support, not a claim of technology regression"
source_loo,SRC-f8fbe5abc6207fa5,TRL,C0513-N01,4,,"Loss of documented support, not a claim of technology regression"
source_loo,SRC-498afbc9a8146703,TRL,C0514-N01,4,,"Loss of documented support, not a claim of technology regression"
source_loo,SRC-b5935c0b5d1c93e3,TRL,C0515-N01,4,,"Loss of documented support, not a claim of technology regression"
source_loo,SRC-e688ef53ce8e018d,TRL,C0517-N01,4,,"Loss of documented support, not a claim of technology regression"
source_loo,SRC-d1e68638e3619ae4,TRL,C0519-N01,4,,"Loss of documented support, not a claim of technology regression"
source_loo,SRC-b8f38d276c4eeae8,TRL,C0520-N01,1,,"Loss of documented support, not a claim of technology regression"
source_loo,SRC-122f2fe01e49d73d,TRL,C0521-N01,4,,"Loss of documented support, not a claim of technology regression"
source_loo,SRC-52375656a7886ffc,TRL,C0525-N01,4,,"Loss of documented support, not a claim of technology regression"
source_loo,SRC-04d2f920210e9e4e,TRL,C0529-N01,4,,"Loss of documented support, not a claim of technology regression"
source_loo,SRC-0f559f0332b428dd,TRL,C0531-N01,4,,"Loss of documented support, not a claim of technology regression"
source_loo,SRC-aff65a2cfb4c3237,TRL,C0532-N01,4,,"Loss of documented support, not a claim of technology regression"
source_loo,SRC-d1e1040197b0ad12,TRL,C0533-N01,4,,"Loss of documented support, not a claim of technology regression"
source_loo,SRC-367988bc2c2be7e6,TRL,C0535-N01,4,,"Loss of documented support, not a claim of technology regression"
source_loo,SRC-f3913ddb60d94da1,TRL,C0540-N01,6,,"Loss of documented support, not a claim of technology regression"
source_loo,SRC-f3913ddb60d94da1,CRL,C0540-N01,2,,"Loss of documented support, not a claim of technology regression"
source_loo,SRC-b8e1a67018d8c765,TRL,C0543-N01,4,,"Loss of documented support, not a claim of technology regression"
source_loo,SRC-07c44887c84729cf,TRL,C0546-N01,4,,"Loss of documented support, not a claim of technology regression"
source_loo,SRC-1f698ab2cd842521,TRL,C0549-N01,4,,"Loss of documented support, not a claim of technology regression"
source_loo,SRC-945efd96b8b47aa7,TRL,C0552-N01,4,,"Loss of documented support, not a claim of technology regression"
source_loo,SRC-add2903540622caa,TRL,C0556-N01,4,,"Loss of documented support, not a claim of technology regression"
source_loo,SRC-c69d6cc8d6f6f7a0,TRL,C0559-N01,4,,"Loss of documented support, not a claim of technology regression"
source_loo,SRC-8e82f92f17840b0a,TRL,C0562-N01,4,,"Loss of documented support, not a claim of technology regression"
source_loo,SRC-680bb00f2b361eae,TRL,C0565-N01,4,,"Loss of documented support, not a claim of technology regression"
source_loo,SRC-8e40e85c3ace2f65,TRL,C0576-N01,4,,"Loss of documented support, not a claim of technology regression"
source_loo,SRC-a7b862e80ded4969,TRL,C0579-N01,4,,"Loss of documented support, not a claim of technology regression"
source_loo,SRC-a17e726d2a1d90ae,TRL,C0582-N01,4,,"Loss of documented support, not a claim of technology regression"
source_loo,SRC-87ddecba5403a25e,TRL,C0585-N01,4,,"Loss of documented support, not a claim of technology regression"
source_loo,SRC-429dd6c42220af0b,TRL,C0591-N01,4,,"Loss of documented support, not a claim of technology regression"
source_loo,SRC-e77ccc77816ae123,TRL,C0597-N01,4,,"Loss of documented support, not a claim of technology regression"
source_loo,SRC-08847087cdf33e37,TRL,C0600-N01,4,,"Loss of documented support, not a claim of technology regression"
source_loo,SRC-a1d6d3fb5936b600,TRL,C0603-N01,4,,"Loss of documented support, not a claim of technology regression"
source_loo,SRC-66e00686540dbb52,TRL,C0606-N01,4,,"Loss of documented support, not a claim of technology regression"
source_loo,SRC-b2a6b9067150424e,TRL,C0609-N01,4,,"Loss of documented support, not a claim of technology regression"
source_loo,SRC-9a18446751e308be,TRL,C0616-N01,4,,"Loss of documented support, not a claim of technology regression"
source_loo,SRC-9645cbc66c36f064,TRL,C0627-N01,4,,"Loss of documented support, not a claim of technology regression"
source_loo,SRC-66ef2c8a56e47641,TRL,C0632-N01,4,,"Loss of documented support, not a claim of technology regression"
source_loo,SRC-093cf4e3f35543ad,TRL,C0637-N01,4,,"Loss of documented support, not a claim of technology regression"
source_loo,SRC-aacf0176a64fb555,TRL,C0644-N01,4,,"Loss of documented support, not a claim of technology regression"
source_loo,SRC-c8964b6085bd79a3,TRL,C0650-N01,4,,"Loss of documented support, not a claim of technology regression"
source_loo,SRC-2dbc8d2ffdf7322b,TRL,C0661-N01,4,,"Loss of documented support, not a claim of technology regression"
source_loo,SRC-cd6c52952ad7a3a2,TRL,C0667-N01,4,,"Loss of documented support, not a claim of technology regression"
source_loo,SRC-4d12af6faeb8a694,TRL,C0673-N01,4,,"Loss of documented support, not a claim of technology regression"
source_loo,SRC-0911de5602cb5a6b,TRL,C0679-N01,4,,"Loss of documented support, not a claim of technology regression"
source_loo,SRC-637342cabb1d4edc,TRL,C0685-N01,2,,"Loss of documented support, not a claim of technology regression"
source_loo,SRC-2be89e9397f34152,TRL,C0690-N01,2,,"Loss of documented support, not a claim of technology regression"
source_loo,SRC-982e6e700d10ce5a,TRL,C0657-N01,4,,"Loss of documented support, not a claim of technology regression"
source_loo,SRC-ec79a3d407205d72,TRL,C0660-N01,4,,"Loss of documented support, not a claim of technology regression"
source_loo,SRC-112fd5e5cf19dd55,TRL,C0697-N01,4,,"Loss of documented support, not a claim of technology regression"
source_loo,SRC-392e22bd280aa16b,TRL,C0703-N01,4,,"Loss of documented support, not a claim of technology regression"
source_loo,SRC-e779bc8475aa7922,TRL,C0708-N01,2,,"Loss of documented support, not a claim of technology regression"
source_loo,SRC-2f4121fd7693bfd1,TRL,C0713-N01,4,,"Loss of documented support, not a claim of technology regression"
source_loo,SRC-54b1805cfb63aa99,TRL,C0718-N01,2,,"Loss of documented support, not a claim of technology regression"
source_loo,SRC-c745077128477833,TRL,C0725-N01,4,,"Loss of documented support, not a claim of technology regression"
source_loo,SRC-d008a1ec4c8accd9,TRL,C0737-N01,4,,"Loss of documented support, not a claim of technology regression"
source_loo,SRC-b1102d783b3e7dcc,TRL,C0742-N01,4,,"Loss of documented support, not a claim of technology regression"
source_loo,SRC-7ce4d9efe5988dd4,TRL,C0747-N01,4,,"Loss of documented support, not a claim of technology regression"
source_loo,SRC-78bdfa6337776556,TRL,W001,9,,"Loss of documented support, not a claim of technology regression"
source_loo,SRC-78bdfa6337776556,CRL,W001,3,,"Loss of documented support, not a claim of technology regression"
source_loo,SRC-a905e6684ace13a8,TRL,W002,9,,"Loss of documented support, not a claim of technology regression"
source_loo,SRC-a905e6684ace13a8,TRL,W003,9,,"Loss of documented support, not a claim of technology regression"
source_loo,SRC-a905e6684ace13a8,TRL,W004,9,,"Loss of documented support, not a claim of technology regression"
source_loo,SRC-a905e6684ace13a8,TRL,W005,9,,"Loss of documented support, not a claim of technology regression"
source_loo,SRC-a905e6684ace13a8,TRL,W006,9,,"Loss of documented support, not a claim of technology regression"
source_loo,SRC-a905e6684ace13a8,TRL,W007,9,,"Loss of documented support, not a claim of technology regression"
source_loo,SRC-a905e6684ace13a8,TRL,W008,9,,"Loss of documented support, not a claim of technology regression"
source_loo,SRC-a905e6684ace13a8,TRL,W018,9,,"Loss of documented support, not a claim of technology regression"
source_loo,SRC-a905e6684ace13a8,CRL,W002,3,,"Loss of documented support, not a claim of technology regression"
source_loo,SRC-a905e6684ace13a8,CRL,W003,3,,"Loss of documented support, not a claim of technology regression"
source_loo,SRC-a905e6684ace13a8,CRL,W004,2,,"Loss of documented support, not a claim of technology regression"
source_loo,SRC-a905e6684ace13a8,CRL,W005,2,,"Loss of documented support, not a claim of technology regression"
source_loo,SRC-a905e6684ace13a8,CRL,W006,2,,"Loss of documented support, not a claim of technology regression"
source_loo,SRC-a905e6684ace13a8,CRL,W007,2,,"Loss of documented support, not a claim of technology regression"
source_loo,SRC-a905e6684ace13a8,CRL,W008,2,,"Loss of documented support, not a claim of technology regression"
source_loo,SRC-a905e6684ace13a8,CRL,W009,3,,"Loss of documented support, not a claim of technology regression"
source_loo,SRC-a905e6684ace13a8,CRL,W010,2,,"Loss of documented support, not a claim of technology regression"
source_loo,SRC-a905e6684ace13a8,CRL,W018,2,,"Loss of documented support, not a claim of technology regression"
source_loo,SRC-42f9a001b584b867,CRL,W012,2,,"Loss of documented support, not a claim of technology regression"
source_loo,SRC-99d28faf8afa1b0e,CRL,W013,3,,"Loss of documented support, not a claim of technology regression"
source_loo,SRC-1975d31a2c99eee0,TRL,W014,9,,"Loss of documented support, not a claim of technology regression"
source_loo,SRC-1975d31a2c99eee0,CRL,W014,3,,"Loss of documented support, not a claim of technology regression"
source_loo,SRC-dea26ea30c6043c8,TRL,W015,9,,"Loss of documented support, not a claim of technology regression"
source_loo,SRC-1769cb5c4bf5225c,CRL,W016,3,,"Loss of documented support, not a claim of technology regression"
source_loo,SRC-c5e87ffedfd3ff6f,CRL,W017,2,,"Loss of documented support, not a claim of technology regression"
source_loo,SRC-882a48ef7dab18e5,TRL,C0435-B01,4,,"Loss of documented support, not a claim of technology regression"
source_loo,SRC-882a48ef7dab18e5,CRL,C0435-B01,2,,"Loss of documented support, not a claim of technology regression"
source_loo,SRC-54058557f5062cc1,TRL,C0098-B01,4,,"Loss of documented support, not a claim of technology regression"
passage_loo,E-C0009-B01,TRL,C0009-B01,4,,"Loss of documented support, not a claim of technology regression"
passage_loo,E-C0493-B01,TRL,C0493-B01,4,,"Loss of documented support, not a claim of technology regression"
passage_loo,E-C0060-B01,TRL,C0060-B01,4,,"Loss of documented support, not a claim of technology regression"
passage_loo,E-C0067-B01,TRL,C0067-B01,4,,"Loss of documented support, not a claim of technology regression"
passage_loo,E-C0091-B01,TRL,C0091-B01,4,,"Loss of documented support, not a claim of technology regression"
passage_loo,E-C0122-B01,TRL,C0122-B01,4,,"Loss of documented support, not a claim of technology regression"
passage_loo,E-C0124-B01,TRL,C0124-B01,2,,"Loss of documented support, not a claim of technology regression"
passage_loo,E-C0155-B01,TRL,C0155-B01,4,,"Loss of documented support, not a claim of technology regression"
passage_loo,E-C0593-B01,TRL,C0593-B01,4,,"Loss of documented support, not a claim of technology regression"
passage_loo,E-C0191-B01,TRL,C0191-B01,6,,"Loss of documented support, not a claim of technology regression"
passage_loo,E-C0210-B01,TRL,C0210-B01,4,,"Loss of documented support, not a claim of technology regression"
passage_loo,E-C0216-B01,TRL,C0216-B01,4,,"Loss of documented support, not a claim of technology regression"
passage_loo,E-C0221-B01,TRL,C0221-B01,4,,"Loss of documented support, not a claim of technology regression"
passage_loo,E-C0246-B01,CRL,C0246-B01,2,,"Loss of documented support, not a claim of technology regression"
passage_loo,E-C0251-B01,TRL,C0251-B01,4,,"Loss of documented support, not a claim of technology regression"
passage_loo,E-C0254-B01,TRL,C0254-B01,4,,"Loss of documented support, not a claim of technology regression"
passage_loo,E-C0518-B01,TRL,C0518-B01,4,,"Loss of documented support, not a claim of technology regression"
passage_loo,E-C0278-B01,TRL,C0278-B01,4,,"Loss of documented support, not a claim of technology regression"
passage_loo,E-C0294-B01,TRL,C0294-B01,4,,"Loss of documented support, not a claim of technology regression"
passage_loo,E-C0684-B01,TRL,C0684-B01,4,,"Loss of documented support, not a claim of technology regression"
passage_loo,E-C0356-B01,TRL,C0356-B01,2,,"Loss of documented support, not a claim of technology regression"
passage_loo,E-C0443-B01,TRL,C0443-B01,4,,"Loss of documented support, not a claim of technology regression"
passage_loo,E-C0191-B02,CRL,C0191-B02,2,,"Loss of documented support, not a claim of technology regression"
passage_loo,E-C0665-B01,TRL,C0665-B01,9,,"Loss of documented support, not a claim of technology regression"
passage_loo,E-C0665-B01,CRL,C0665-B01,3,,"Loss of documented support, not a claim of technology regression"
passage_loo,E-C0098-B02,CRL,C0098-B02,2,,"Loss of documented support, not a claim of technology regression"
passage_loo,E-C0509-B01,CRL,C0509-B01,2,,"Loss of documented support, not a claim of technology regression"
passage_loo,E-C0246-B02,TRL,C0246-B02,2,,"Loss of documented support, not a claim of technology regression"
passage_loo,E-C0356-B02,TRL,C0356-B02,2,,"Loss of documented support, not a claim of technology regression"
passage_loo,E-C0124-B02,TRL,C0124-B02,2,,"Loss of documented support, not a claim of technology regression"
passage_loo,E-C0487-N01,TRL,C0487-N01,4,,"Loss of documented support, not a claim of technology regression"
passage_loo,E-C0490-N01,TRL,C0490-N01,4,,"Loss of documented support, not a claim of technology regression"
passage_loo,E-C0491-N01,TRL,C0491-N01,4,,"Loss of documented support, not a claim of technology regression"
passage_loo,E-C0492-N01,TRL,C0492-N01,4,,"Loss of documented support, not a claim of technology regression"
passage_loo,E-C0494-N01,TRL,C0494-N01,4,,"Loss of documented support, not a claim of technology regression"
passage_loo,E-C0495-N01,TRL,C0495-N01,4,,"Loss of documented support, not a claim of technology regression"
passage_loo,E-C0497-N01,TRL,C0497-N01,4,,"Loss of documented support, not a claim of technology regression"
passage_loo,E-C0499-N01,TRL,C0499-N01,4,,"Loss of documented support, not a claim of technology regression"
passage_loo,E-C0500-N01,TRL,C0500-N01,4,,"Loss of documented support, not a claim of technology regression"
passage_loo,E-C0501-N01,TRL,C0501-N01,4,,"Loss of documented support, not a claim of technology regression"
passage_loo,E-C0502-N01,TRL,C0502-N01,4,,"Loss of documented support, not a claim of technology regression"
passage_loo,E-C0504-N01,TRL,C0504-N01,4,,"Loss of documented support, not a claim of technology regression"
passage_loo,E-C0507-N01,TRL,C0507-N01,4,,"Loss of documented support, not a claim of technology regression"
passage_loo,E-C0510-N01,TRL,C0510-N01,4,,"Loss of documented support, not a claim of technology regression"
passage_loo,E-C0512-N01,TRL,C0512-N01,4,,"Loss of documented support, not a claim of technology regression"
passage_loo,E-C0513-N01,TRL,C0513-N01,4,,"Loss of documented support, not a claim of technology regression"
passage_loo,E-C0514-N01,TRL,C0514-N01,4,,"Loss of documented support, not a claim of technology regression"
passage_loo,E-C0515-N01,TRL,C0515-N01,4,,"Loss of documented support, not a claim of technology regression"
passage_loo,E-C0517-N01,TRL,C0517-N01,4,,"Loss of documented support, not a claim of technology regression"
passage_loo,E-C0519-N01,TRL,C0519-N01,4,,"Loss of documented support, not a claim of technology regression"
passage_loo,E-C0520-N01,TRL,C0520-N01,1,,"Loss of documented support, not a claim of technology regression"
passage_loo,E-C0521-N01,TRL,C0521-N01,4,,"Loss of documented support, not a claim of technology regression"
passage_loo,E-C0525-N01,TRL,C0525-N01,4,,"Loss of documented support, not a claim of technology regression"
passage_loo,E-C0529-N01,TRL,C0529-N01,4,,"Loss of documented support, not a claim of technology regression"
passage_loo,E-C0531-N01,TRL,C0531-N01,4,,"Loss of documented support, not a claim of technology regression"
passage_loo,E-C0532-N01,TRL,C0532-N01,4,,"Loss of documented support, not a claim of technology regression"
passage_loo,E-C0533-N01,TRL,C0533-N01,4,,"Loss of documented support, not a claim of technology regression"
passage_loo,E-C0535-N01,TRL,C0535-N01,4,,"Loss of documented support, not a claim of technology regression"
passage_loo,E-C0540-N01,TRL,C0540-N01,6,,"Loss of documented support, not a claim of technology regression"
passage_loo,E-C0540-N01,CRL,C0540-N01,2,,"Loss of documented support, not a claim of technology regression"
passage_loo,E-C0543-N01,TRL,C0543-N01,4,,"Loss of documented support, not a claim of technology regression"
passage_loo,E-C0546-N01,TRL,C0546-N01,4,,"Loss of documented support, not a claim of technology regression"
passage_loo,E-C0549-N01,TRL,C0549-N01,4,,"Loss of documented support, not a claim of technology regression"
passage_loo,E-C0552-N01,TRL,C0552-N01,4,,"Loss of documented support, not a claim of technology regression"
passage_loo,E-C0556-N01,TRL,C0556-N01,4,,"Loss of documented support, not a claim of technology regression"
passage_loo,E-C0559-N01,TRL,C0559-N01,4,,"Loss of documented support, not a claim of technology regression"
passage_loo,E-C0562-N01,TRL,C0562-N01,4,,"Loss of documented support, not a claim of technology regression"
passage_loo,E-C0565-N01,TRL,C0565-N01,4,,"Loss of documented support, not a claim of technology regression"
passage_loo,E-C0576-N01,TRL,C0576-N01,4,,"Loss of documented support, not a claim of technology regression"
passage_loo,E-C0579-N01,TRL,C0579-N01,4,,"Loss of documented support, not a claim of technology regression"
passage_loo,E-C0582-N01,TRL,C0582-N01,4,,"Loss of documented support, not a claim of technology regression"
passage_loo,E-C0585-N01,TRL,C0585-N01,4,,"Loss of documented support, not a claim of technology regression"
passage_loo,E-C0591-N01,TRL,C0591-N01,4,,"Loss of documented support, not a claim of technology regression"
passage_loo,E-C0597-N01,TRL,C0597-N01,4,,"Loss of documented support, not a claim of technology regression"
passage_loo,E-C0600-N01,TRL,C0600-N01,4,,"Loss of documented support, not a claim of technology regression"
passage_loo,E-C0603-N01,TRL,C0603-N01,4,,"Loss of documented support, not a claim of technology regression"
passage_loo,E-C0606-N01,TRL,C0606-N01,4,,"Loss of documented support, not a claim of technology regression"
passage_loo,E-C0609-N01,TRL,C0609-N01,4,,"Loss of documented support, not a claim of technology regression"
passage_loo,E-C0616-N01,TRL,C0616-N01,4,,"Loss of documented support, not a claim of technology regression"
passage_loo,E-C0627-N01,TRL,C0627-N01,4,,"Loss of documented support, not a claim of technology regression"
passage_loo,E-C0632-N01,TRL,C0632-N01,4,,"Loss of documented support, not a claim of technology regression"
passage_loo,E-C0637-N01,TRL,C0637-N01,4,,"Loss of documented support, not a claim of technology regression"
passage_loo,E-C0644-N01,TRL,C0644-N01,4,,"Loss of documented support, not a claim of technology regression"
passage_loo,E-C0650-N01,TRL,C0650-N01,4,,"Loss of documented support, not a claim of technology regression"
passage_loo,E-C0661-N01,TRL,C0661-N01,4,,"Loss of documented support, not a claim of technology regression"
passage_loo,E-C0667-N01,TRL,C0667-N01,4,,"Loss of documented support, not a claim of technology regression"
passage_loo,E-C0673-N01,TRL,C0673-N01,4,,"Loss of documented support, not a claim of technology regression"
passage_loo,E-C0679-N01,TRL,C0679-N01,4,,"Loss of documented support, not a claim of technology regression"
passage_loo,E-C0685-N01,TRL,C0685-N01,2,,"Loss of documented support, not a claim of technology regression"
passage_loo,E-C0690-N01,TRL,C0690-N01,2,,"Loss of documented support, not a claim of technology regression"
passage_loo,E-C0657-N01,TRL,C0657-N01,4,,"Loss of documented support, not a claim of technology regression"
passage_loo,E-C0660-N01,TRL,C0660-N01,4,,"Loss of documented support, not a claim of technology regression"
passage_loo,E-C0697-N01,TRL,C0697-N01,4,,"Loss of documented support, not a claim of technology regression"
passage_loo,E-C0703-N01,TRL,C0703-N01,4,,"Loss of documented support, not a claim of technology regression"
passage_loo,E-C0708-N01,TRL,C0708-N01,2,,"Loss of documented support, not a claim of technology regression"
passage_loo,E-C0713-N01,TRL,C0713-N01,4,,"Loss of documented support, not a claim of technology regression"
passage_loo,E-C0718-N01,TRL,C0718-N01,2,,"Loss of documented support, not a claim of technology regression"
passage_loo,E-C0725-N01,TRL,C0725-N01,4,,"Loss of documented support, not a claim of technology regression"
passage_loo,E-C0737-N01,TRL,C0737-N01,4,,"Loss of documented support, not a claim of technology regression"
passage_loo,E-C0742-N01,TRL,C0742-N01,4,,"Loss of documented support, not a claim of technology regression"
passage_loo,E-C0747-N01,TRL,C0747-N01,4,,"Loss of documented support, not a claim of technology regression"
passage_loo,WE-463124318ea7b90f,TRL,W001,9,,"Loss of documented support, not a claim of technology regression"
passage_loo,WE-463124318ea7b90f,CRL,W001,3,,"Loss of documented support, not a claim of technology regression"
passage_loo,WE-cce8afb0d1e8931d,TRL,W002,9,,"Loss of documented support, not a claim of technology regression"
passage_loo,WE-cce8afb0d1e8931d,CRL,W002,3,,"Loss of documented support, not a claim of technology regression"
passage_loo,WE-deb9619d665c64f6,TRL,W003,9,,"Loss of documented support, not a claim of technology regression"
passage_loo,WE-deb9619d665c64f6,CRL,W003,3,,"Loss of documented support, not a claim of technology regression"
passage_loo,WE-2a67fef8a4442267,TRL,W004,9,,"Loss of documented support, not a claim of technology regression"
passage_loo,WE-2a67fef8a4442267,CRL,W004,2,,"Loss of documented support, not a claim of technology regression"
passage_loo,WE-7c87e3f7b02fc6ca,TRL,W005,9,,"Loss of documented support, not a claim of technology regression"
passage_loo,WE-7c87e3f7b02fc6ca,CRL,W005,2,,"Loss of documented support, not a claim of technology regression"
passage_loo,WE-c57cefbcfc689253,TRL,W006,9,,"Loss of documented support, not a claim of technology regression"
passage_loo,WE-c57cefbcfc689253,CRL,W006,2,,"Loss of documented support, not a claim of technology regression"
passage_loo,WE-3dbc384a678fbe04,TRL,W007,9,,"Loss of documented support, not a claim of technology regression"
passage_loo,WE-3dbc384a678fbe04,CRL,W007,2,,"Loss of documented support, not a claim of technology regression"
passage_loo,WE-10d8ff7ef2fa2466,TRL,W008,9,,"Loss of documented support, not a claim of technology regression"
passage_loo,WE-10d8ff7ef2fa2466,CRL,W008,2,,"Loss of documented support, not a claim of technology regression"
passage_loo,WE-c01f3feda2753bdf,CRL,W009,3,,"Loss of documented support, not a claim of technology regression"
passage_loo,WE-7caee41fb976c667,CRL,W010,2,,"Loss of documented support, not a claim of technology regression"
passage_loo,WE-fff330a1feddfd1d,CRL,W012,2,,"Loss of documented support, not a claim of technology regression"
passage_loo,WE-7242d72bed847f60,CRL,W013,3,,"Loss of documented support, not a claim of technology regression"
passage_loo,WE-04ecbc35417e5318,TRL,W014,9,,"Loss of documented support, not a claim of technology regression"
passage_loo,WE-04ecbc35417e5318,CRL,W014,3,,"Loss of documented support, not a claim of technology regression"
passage_loo,WE-180b2f5ec3aa1e39,TRL,W015,9,,"Loss of documented support, not a claim of technology regression"
passage_loo,WE-851b678d97f85007,CRL,W016,3,,"Loss of documented support, not a claim of technology regression"
passage_loo,WE-47378740c49a50c7,CRL,W017,2,,"Loss of documented support, not a claim of technology regression"
passage_loo,WE-d1ee7df695cefc48,TRL,W018,9,,"Loss of documented support, not a claim of technology regression"
passage_loo,WE-d1ee7df695cefc48,CRL,W018,2,,"Loss of documented support, not a claim of technology regression"
passage_loo,WE-2621764981a04a83,TRL,C0435-B01,4,,"Loss of documented support, not a claim of technology regression"
passage_loo,WE-2621764981a04a83,CRL,C0435-B01,2,,"Loss of documented support, not a claim of technology regression"
passage_loo,WE-1892f220165a5945,TRL,C0435-B01,4,,"Loss of documented support, not a claim of technology regression"
passage_loo,WE-56f00a9097a0a21c,TRL,C0098-B01,4,,"Loss of documented support, not a claim of technology regression"
passage_loo,WE-ccb238342a17cfad,TRL,C0098-B01,4,,"Loss of documented support, not a claim of technology regression"
observation_loo,O-C0009-B01-TRL4-critical,TRL,C0009-B01,4,,"Loss of documented support, not a claim of technology regression"
observation_loo,O-C0009-B01-TRL4-laboratory,TRL,C0009-B01,4,,"Loss of documented support, not a claim of technology regression"
observation_loo,O-C0009-B01-TRL4-validation,TRL,C0009-B01,4,,"Loss of documented support, not a claim of technology regression"
observation_loo,O-C0067-B01-TRL4-critical,TRL,C0067-B01,4,,"Loss of documented support, not a claim of technology regression"
observation_loo,O-C0067-B01-TRL4-laboratory,TRL,C0067-B01,4,,"Loss of documented support, not a claim of technology regression"
observation_loo,O-C0067-B01-TRL4-validation,TRL,C0067-B01,4,,"Loss of documented support, not a claim of technology regression"
observation_loo,O-C0124-B01-TRL2-application,TRL,C0124-B01,2,,"Loss of documented support, not a claim of technology regression"
observation_loo,O-C0593-B01-TRL4-critical,TRL,C0593-B01,4,,"Loss of documented support, not a claim of technology regression"
observation_loo,O-C0593-B01-TRL4-laboratory,TRL,C0593-B01,4,,"Loss of documented support, not a claim of technology regression"
observation_loo,O-C0593-B01-TRL4-validation,TRL,C0593-B01,4,,"Loss of documented support, not a claim of technology regression"
observation_loo,O-C0191-B01-TRL6-prototype,TRL,C0191-B01,6,,"Loss of documented support, not a claim of technology regression"
observation_loo,O-C0191-B01-TRL6-integration,TRL,C0191-B01,6,,"Loss of documented support, not a claim of technology regression"
observation_loo,O-C0191-B01-TRL6-environment,TRL,C0191-B01,6,,"Loss of documented support, not a claim of technology regression"
observation_loo,O-C0191-B01-TRL6-qualification,TRL,C0191-B01,6,,"Loss of documented support, not a claim of technology regression"
observation_loo,O-C0221-B01-TRL4-critical,TRL,C0221-B01,4,,"Loss of documented support, not a claim of technology regression"
observation_loo,O-C0221-B01-TRL4-laboratory,TRL,C0221-B01,4,,"Loss of documented support, not a claim of technology regression"
observation_loo,O-C0221-B01-TRL4-validation,TRL,C0221-B01,4,,"Loss of documented support, not a claim of technology regression"
observation_loo,O-C0246-B01-CRL2-users,CRL,C0246-B01,2,,"Loss of documented support, not a claim of technology regression"
observation_loo,O-C0246-B01-CRL2-trial,CRL,C0246-B01,2,,"Loss of documented support, not a claim of technology regression"
observation_loo,O-C0246-B01-CRL2-value,CRL,C0246-B01,2,,"Loss of documented support, not a claim of technology regression"
observation_loo,O-C0684-B01-TRL4-critical,TRL,C0684-B01,4,,"Loss of documented support, not a claim of technology regression"
observation_loo,O-C0684-B01-TRL4-laboratory,TRL,C0684-B01,4,,"Loss of documented support, not a claim of technology regression"
observation_loo,O-C0684-B01-TRL4-validation,TRL,C0684-B01,4,,"Loss of documented support, not a claim of technology regression"
observation_loo,O-C0356-B01-TRL2-application,TRL,C0356-B01,2,,"Loss of documented support, not a claim of technology regression"
observation_loo,O-C0443-B01-TRL4-critical,TRL,C0443-B01,4,,"Loss of documented support, not a claim of technology regression"
observation_loo,O-C0443-B01-TRL4-laboratory,TRL,C0443-B01,4,,"Loss of documented support, not a claim of technology regression"
observation_loo,O-C0443-B01-TRL4-validation,TRL,C0443-B01,4,,"Loss of documented support, not a claim of technology regression"
observation_loo,O-C0191-B02-CRL2-users,CRL,C0191-B02,2,,"Loss of documented support, not a claim of technology regression"
observation_loo,O-C0191-B02-CRL2-trial,CRL,C0191-B02,2,,"Loss of documented support, not a claim of technology regression"
observation_loo,O-C0191-B02-CRL2-value,CRL,C0191-B02,2,,"Loss of documented support, not a claim of technology regression"
observation_loo,O-C0665-B01-TRL9-product,TRL,C0665-B01,9,,"Loss of documented support, not a claim of technology regression"
observation_loo,O-C0665-B01-TRL9-application,TRL,C0665-B01,9,,"Loss of documented support, not a claim of technology regression"
observation_loo,O-C0665-B01-TRL9-scale,TRL,C0665-B01,9,,"Loss of documented support, not a claim of technology regression"
observation_loo,O-C0665-B01-TRL9-typical,TRL,C0665-B01,9,,"Loss of documented support, not a claim of technology regression"
observation_loo,O-C0665-B01-CRL3-parties,CRL,C0665-B01,3,,"Loss of documented support, not a claim of technology regression"
observation_loo,O-C0665-B01-CRL3-fulfilment,CRL,C0665-B01,3,,"Loss of documented support, not a claim of technology regression"
observation_loo,O-C0665-B01-CRL3-period,CRL,C0665-B01,3,,"Loss of documented support, not a claim of technology regression"
observation_loo,O-C0098-B02-CRL2-users,CRL,C0098-B02,2,,"Loss of documented support, not a claim of technology regression"
observation_loo,O-C0098-B02-CRL2-trial,CRL,C0098-B02,2,,"Loss of documented support, not a claim of technology regression"
observation_loo,O-C0098-B02-CRL2-value,CRL,C0098-B02,2,,"Loss of documented support, not a claim of technology regression"
observation_loo,O-C0509-B01-CRL2-users,CRL,C0509-B01,2,,"Loss of documented support, not a claim of technology regression"
observation_loo,O-C0509-B01-CRL2-trial,CRL,C0509-B01,2,,"Loss of documented support, not a claim of technology regression"
observation_loo,O-C0509-B01-CRL2-value,CRL,C0509-B01,2,,"Loss of documented support, not a claim of technology regression"
observation_loo,O-C0246-B02-TRL2-application,TRL,C0246-B02,2,,"Loss of documented support, not a claim of technology regression"
observation_loo,O-C0356-B02-TRL2-application,TRL,C0356-B02,2,,"Loss of documented support, not a claim of technology regression"
observation_loo,O-C0124-B02-TRL2-application,TRL,C0124-B02,2,,"Loss of documented support, not a claim of technology regression"
observation_loo,O-C0060-B01-LAB4-critical,TRL,C0060-B01,4,,"Loss of documented support, not a claim of technology regression"
observation_loo,O-C0060-B01-LAB4-laboratory,TRL,C0060-B01,4,,"Loss of documented support, not a claim of technology regression"
observation_loo,O-C0060-B01-LAB4-validation,TRL,C0060-B01,4,,"Loss of documented support, not a claim of technology regression"
observation_loo,O-C0091-B01-LAB4-critical,TRL,C0091-B01,4,,"Loss of documented support, not a claim of technology regression"
observation_loo,O-C0091-B01-LAB4-laboratory,TRL,C0091-B01,4,,"Loss of documented support, not a claim of technology regression"
observation_loo,O-C0091-B01-LAB4-validation,TRL,C0091-B01,4,,"Loss of documented support, not a claim of technology regression"
observation_loo,O-C0122-B01-LAB4-critical,TRL,C0122-B01,4,,"Loss of documented support, not a claim of technology regression"
observation_loo,O-C0122-B01-LAB4-laboratory,TRL,C0122-B01,4,,"Loss of documented support, not a claim of technology regression"
observation_loo,O-C0122-B01-LAB4-validation,TRL,C0122-B01,4,,"Loss of documented support, not a claim of technology regression"
observation_loo,O-C0155-B01-LAB4-critical,TRL,C0155-B01,4,,"Loss of documented support, not a claim of technology regression"
observation_loo,O-C0155-B01-LAB4-laboratory,TRL,C0155-B01,4,,"Loss of documented support, not a claim of technology regression"
observation_loo,O-C0155-B01-LAB4-validation,TRL,C0155-B01,4,,"Loss of documented support, not a claim of technology regression"
observation_loo,O-C0251-B01-LAB4-critical,TRL,C0251-B01,4,,"Loss of documented support, not a claim of technology regression"
observation_loo,O-C0251-B01-LAB4-laboratory,TRL,C0251-B01,4,,"Loss of documented support, not a claim of technology regression"
observation_loo,O-C0251-B01-LAB4-validation,TRL,C0251-B01,4,,"Loss of documented support, not a claim of technology regression"
observation_loo,O-C0254-B01-LAB4-critical,TRL,C0254-B01,4,,"Loss of documented support, not a claim of technology regression"
observation_loo,O-C0254-B01-LAB4-laboratory,TRL,C0254-B01,4,,"Loss of documented support, not a claim of technology regression"
observation_loo,O-C0254-B01-LAB4-validation,TRL,C0254-B01,4,,"Loss of documented support, not a claim of technology regression"
observation_loo,O-C0518-B01-LAB4-critical,TRL,C0518-B01,4,,"Loss of documented support, not a claim of technology regression"
observation_loo,O-C0518-B01-LAB4-laboratory,TRL,C0518-B01,4,,"Loss of documented support, not a claim of technology regression"
observation_loo,O-C0518-B01-LAB4-validation,TRL,C0518-B01,4,,"Loss of documented support, not a claim of technology regression"
observation_loo,O-C0278-B01-LAB4-critical,TRL,C0278-B01,4,,"Loss of documented support, not a claim of technology regression"
observation_loo,O-C0278-B01-LAB4-laboratory,TRL,C0278-B01,4,,"Loss of documented support, not a claim of technology regression"
observation_loo,O-C0278-B01-LAB4-validation,TRL,C0278-B01,4,,"Loss of documented support, not a claim of technology regression"
observation_loo,O-C0493-B01-750-TRL4-critical,TRL,C0493-B01,4,,"Loss of documented support, not a claim of technology regression"
observation_loo,O-C0493-B01-750-TRL4-laboratory,TRL,C0493-B01,4,,"Loss of documented support, not a claim of technology regression"
observation_loo,O-C0493-B01-750-TRL4-validation,TRL,C0493-B01,4,,"Loss of documented support, not a claim of technology regression"
observation_loo,O-C0210-B01-750-TRL4-critical,TRL,C0210-B01,4,,"Loss of documented support, not a claim of technology regression"
observation_loo,O-C0210-B01-750-TRL4-laboratory,TRL,C0210-B01,4,,"Loss of documented support, not a claim of technology regression"
observation_loo,O-C0210-B01-750-TRL4-validation,TRL,C0210-B01,4,,"Loss of documented support, not a claim of technology regression"
observation_loo,O-C0216-B01-750-TRL4-critical,TRL,C0216-B01,4,,"Loss of documented support, not a claim of technology regression"
observation_loo,O-C0216-B01-750-TRL4-laboratory,TRL,C0216-B01,4,,"Loss of documented support, not a claim of technology regression"
observation_loo,O-C0216-B01-750-TRL4-validation,TRL,C0216-B01,4,,"Loss of documented support, not a claim of technology regression"
observation_loo,O-C0294-B01-750-TRL4-critical,TRL,C0294-B01,4,,"Loss of documented support, not a claim of technology regression"
observation_loo,O-C0294-B01-750-TRL4-laboratory,TRL,C0294-B01,4,,"Loss of documented support, not a claim of technology regression"
observation_loo,O-C0294-B01-750-TRL4-validation,TRL,C0294-B01,4,,"Loss of documented support, not a claim of technology regression"
observation_loo,O-C0487-N01-TRL4-critical,TRL,C0487-N01,4,,"Loss of documented support, not a claim of technology regression"
observation_loo,O-C0487-N01-TRL4-laboratory,TRL,C0487-N01,4,,"Loss of documented support, not a claim of technology regression"
observation_loo,O-C0487-N01-TRL4-validation,TRL,C0487-N01,4,,"Loss of documented support, not a claim of technology regression"
observation_loo,O-C0490-N01-TRL4-critical,TRL,C0490-N01,4,,"Loss of documented support, not a claim of technology regression"
observation_loo,O-C0490-N01-TRL4-laboratory,TRL,C0490-N01,4,,"Loss of documented support, not a claim of technology regression"
observation_loo,O-C0490-N01-TRL4-validation,TRL,C0490-N01,4,,"Loss of documented support, not a claim of technology regression"
observation_loo,O-C0491-N01-TRL4-critical,TRL,C0491-N01,4,,"Loss of documented support, not a claim of technology regression"
observation_loo,O-C0491-N01-TRL4-laboratory,TRL,C0491-N01,4,,"Loss of documented support, not a claim of technology regression"
observation_loo,O-C0491-N01-TRL4-validation,TRL,C0491-N01,4,,"Loss of documented support, not a claim of technology regression"
observation_loo,O-C0492-N01-TRL4-critical,TRL,C0492-N01,4,,"Loss of documented support, not a claim of technology regression"
observation_loo,O-C0492-N01-TRL4-laboratory,TRL,C0492-N01,4,,"Loss of documented support, not a claim of technology regression"
observation_loo,O-C0492-N01-TRL4-validation,TRL,C0492-N01,4,,"Loss of documented support, not a claim of technology regression"
observation_loo,O-C0494-N01-TRL4-critical,TRL,C0494-N01,4,,"Loss of documented support, not a claim of technology regression"
observation_loo,O-C0494-N01-TRL4-laboratory,TRL,C0494-N01,4,,"Loss of documented support, not a claim of technology regression"
observation_loo,O-C0494-N01-TRL4-validation,TRL,C0494-N01,4,,"Loss of documented support, not a claim of technology regression"
observation_loo,O-C0495-N01-TRL4-critical,TRL,C0495-N01,4,,"Loss of documented support, not a claim of technology regression"
observation_loo,O-C0495-N01-TRL4-laboratory,TRL,C0495-N01,4,,"Loss of documented support, not a claim of technology regression"
observation_loo,O-C0495-N01-TRL4-validation,TRL,C0495-N01,4,,"Loss of documented support, not a claim of technology regression"
observation_loo,O-C0497-N01-TRL4-critical,TRL,C0497-N01,4,,"Loss of documented support, not a claim of technology regression"
observation_loo,O-C0497-N01-TRL4-laboratory,TRL,C0497-N01,4,,"Loss of documented support, not a claim of technology regression"
observation_loo,O-C0497-N01-TRL4-validation,TRL,C0497-N01,4,,"Loss of documented support, not a claim of technology regression"
observation_loo,O-C0499-N01-TRL4-critical,TRL,C0499-N01,4,,"Loss of documented support, not a claim of technology regression"
observation_loo,O-C0499-N01-TRL4-laboratory,TRL,C0499-N01,4,,"Loss of documented support, not a claim of technology regression"
observation_loo,O-C0499-N01-TRL4-validation,TRL,C0499-N01,4,,"Loss of documented support, not a claim of technology regression"
observation_loo,O-C0500-N01-TRL4-critical,TRL,C0500-N01,4,,"Loss of documented support, not a claim of technology regression"
observation_loo,O-C0500-N01-TRL4-laboratory,TRL,C0500-N01,4,,"Loss of documented support, not a claim of technology regression"
observation_loo,O-C0500-N01-TRL4-validation,TRL,C0500-N01,4,,"Loss of documented support, not a claim of technology regression"
observation_loo,O-C0501-N01-TRL4-critical,TRL,C0501-N01,4,,"Loss of documented support, not a claim of technology regression"
observation_loo,O-C0501-N01-TRL4-laboratory,TRL,C0501-N01,4,,"Loss of documented support, not a claim of technology regression"
observation_loo,O-C0501-N01-TRL4-validation,TRL,C0501-N01,4,,"Loss of documented support, not a claim of technology regression"
observation_loo,O-C0502-N01-TRL4-critical,TRL,C0502-N01,4,,"Loss of documented support, not a claim of technology regression"
observation_loo,O-C0502-N01-TRL4-laboratory,TRL,C0502-N01,4,,"Loss of documented support, not a claim of technology regression"
observation_loo,O-C0502-N01-TRL4-validation,TRL,C0502-N01,4,,"Loss of documented support, not a claim of technology regression"
observation_loo,O-C0504-N01-TRL4-critical,TRL,C0504-N01,4,,"Loss of documented support, not a claim of technology regression"
observation_loo,O-C0504-N01-TRL4-laboratory,TRL,C0504-N01,4,,"Loss of documented support, not a claim of technology regression"
observation_loo,O-C0504-N01-TRL4-validation,TRL,C0504-N01,4,,"Loss of documented support, not a claim of technology regression"
observation_loo,O-C0507-N01-TRL4-critical,TRL,C0507-N01,4,,"Loss of documented support, not a claim of technology regression"
observation_loo,O-C0507-N01-TRL4-laboratory,TRL,C0507-N01,4,,"Loss of documented support, not a claim of technology regression"
observation_loo,O-C0507-N01-TRL4-validation,TRL,C0507-N01,4,,"Loss of documented support, not a claim of technology regression"
observation_loo,O-C0510-N01-TRL4-critical,TRL,C0510-N01,4,,"Loss of documented support, not a claim of technology regression"
observation_loo,O-C0510-N01-TRL4-laboratory,TRL,C0510-N01,4,,"Loss of documented support, not a claim of technology regression"
observation_loo,O-C0510-N01-TRL4-validation,TRL,C0510-N01,4,,"Loss of documented support, not a claim of technology regression"
observation_loo,O-C0512-N01-TRL4-critical,TRL,C0512-N01,4,,"Loss of documented support, not a claim of technology regression"
observation_loo,O-C0512-N01-TRL4-laboratory,TRL,C0512-N01,4,,"Loss of documented support, not a claim of technology regression"
observation_loo,O-C0512-N01-TRL4-validation,TRL,C0512-N01,4,,"Loss of documented support, not a claim of technology regression"
observation_loo,O-C0513-N01-TRL4-critical,TRL,C0513-N01,4,,"Loss of documented support, not a claim of technology regression"
observation_loo,O-C0513-N01-TRL4-laboratory,TRL,C0513-N01,4,,"Loss of documented support, not a claim of technology regression"
observation_loo,O-C0513-N01-TRL4-validation,TRL,C0513-N01,4,,"Loss of documented support, not a claim of technology regression"
observation_loo,O-C0514-N01-TRL4-critical,TRL,C0514-N01,4,,"Loss of documented support, not a claim of technology regression"
observation_loo,O-C0514-N01-TRL4-laboratory,TRL,C0514-N01,4,,"Loss of documented support, not a claim of technology regression"
observation_loo,O-C0514-N01-TRL4-validation,TRL,C0514-N01,4,,"Loss of documented support, not a claim of technology regression"
observation_loo,O-C0515-N01-TRL4-critical,TRL,C0515-N01,4,,"Loss of documented support, not a claim of technology regression"
observation_loo,O-C0515-N01-TRL4-laboratory,TRL,C0515-N01,4,,"Loss of documented support, not a claim of technology regression"
observation_loo,O-C0515-N01-TRL4-validation,TRL,C0515-N01,4,,"Loss of documented support, not a claim of technology regression"
observation_loo,O-C0517-N01-TRL4-critical,TRL,C0517-N01,4,,"Loss of documented support, not a claim of technology regression"
observation_loo,O-C0517-N01-TRL4-laboratory,TRL,C0517-N01,4,,"Loss of documented support, not a claim of technology regression"
observation_loo,O-C0517-N01-TRL4-validation,TRL,C0517-N01,4,,"Loss of documented support, not a claim of technology regression"
observation_loo,O-C0519-N01-TRL4-critical,TRL,C0519-N01,4,,"Loss of documented support, not a claim of technology regression"
observation_loo,O-C0519-N01-TRL4-laboratory,TRL,C0519-N01,4,,"Loss of documented support, not a claim of technology regression"
observation_loo,O-C0519-N01-TRL4-validation,TRL,C0519-N01,4,,"Loss of documented support, not a claim of technology regression"
observation_loo,O-C0520-N01-TRL1-principle,TRL,C0520-N01,1,,"Loss of documented support, not a claim of technology regression"
observation_loo,O-C0521-N01-TRL4-critical,TRL,C0521-N01,4,,"Loss of documented support, not a claim of technology regression"
observation_loo,O-C0521-N01-TRL4-laboratory,TRL,C0521-N01,4,,"Loss of documented support, not a claim of technology regression"
observation_loo,O-C0521-N01-TRL4-validation,TRL,C0521-N01,4,,"Loss of documented support, not a claim of technology regression"
observation_loo,O-C0525-N01-TRL4-critical,TRL,C0525-N01,4,,"Loss of documented support, not a claim of technology regression"
observation_loo,O-C0525-N01-TRL4-laboratory,TRL,C0525-N01,4,,"Loss of documented support, not a claim of technology regression"
observation_loo,O-C0525-N01-TRL4-validation,TRL,C0525-N01,4,,"Loss of documented support, not a claim of technology regression"
observation_loo,O-C0529-N01-TRL4-critical,TRL,C0529-N01,4,,"Loss of documented support, not a claim of technology regression"
observation_loo,O-C0529-N01-TRL4-laboratory,TRL,C0529-N01,4,,"Loss of documented support, not a claim of technology regression"
observation_loo,O-C0529-N01-TRL4-validation,TRL,C0529-N01,4,,"Loss of documented support, not a claim of technology regression"
observation_loo,O-C0531-N01-TRL4-critical,TRL,C0531-N01,4,,"Loss of documented support, not a claim of technology regression"
observation_loo,O-C0531-N01-TRL4-laboratory,TRL,C0531-N01,4,,"Loss of documented support, not a claim of technology regression"
observation_loo,O-C0531-N01-TRL4-validation,TRL,C0531-N01,4,,"Loss of documented support, not a claim of technology regression"
observation_loo,O-C0532-N01-TRL4-critical,TRL,C0532-N01,4,,"Loss of documented support, not a claim of technology regression"
observation_loo,O-C0532-N01-TRL4-laboratory,TRL,C0532-N01,4,,"Loss of documented support, not a claim of technology regression"
observation_loo,O-C0532-N01-TRL4-validation,TRL,C0532-N01,4,,"Loss of documented support, not a claim of technology regression"
observation_loo,O-C0533-N01-TRL4-critical,TRL,C0533-N01,4,,"Loss of documented support, not a claim of technology regression"
observation_loo,O-C0533-N01-TRL4-laboratory,TRL,C0533-N01,4,,"Loss of documented support, not a claim of technology regression"
observation_loo,O-C0533-N01-TRL4-validation,TRL,C0533-N01,4,,"Loss of documented support, not a claim of technology regression"
observation_loo,O-C0535-N01-TRL4-critical,TRL,C0535-N01,4,,"Loss of documented support, not a claim of technology regression"
observation_loo,O-C0535-N01-TRL4-laboratory,TRL,C0535-N01,4,,"Loss of documented support, not a claim of technology regression"
observation_loo,O-C0535-N01-TRL4-validation,TRL,C0535-N01,4,,"Loss of documented support, not a claim of technology regression"
observation_loo,O-C0540-N01-TRL6-prototype,TRL,C0540-N01,6,,"Loss of documented support, not a claim of technology regression"
observation_loo,O-C0540-N01-TRL6-integration,TRL,C0540-N01,6,,"Loss of documented support, not a claim of technology regression"
observation_loo,O-C0540-N01-TRL6-environment,TRL,C0540-N01,6,,"Loss of documented support, not a claim of technology regression"
observation_loo,O-C0540-N01-TRL6-qualification,TRL,C0540-N01,6,,"Loss of documented support, not a claim of technology regression"
observation_loo,O-C0540-N01-CRL2-users,CRL,C0540-N01,2,,"Loss of documented support, not a claim of technology regression"
observation_loo,O-C0540-N01-CRL2-trial,CRL,C0540-N01,2,,"Loss of documented support, not a claim of technology regression"
observation_loo,O-C0540-N01-CRL2-value,CRL,C0540-N01,2,,"Loss of documented support, not a claim of technology regression"
observation_loo,O-C0543-N01-TRL4-critical,TRL,C0543-N01,4,,"Loss of documented support, not a claim of technology regression"
observation_loo,O-C0543-N01-TRL4-laboratory,TRL,C0543-N01,4,,"Loss of documented support, not a claim of technology regression"
observation_loo,O-C0543-N01-TRL4-validation,TRL,C0543-N01,4,,"Loss of documented support, not a claim of technology regression"
observation_loo,O-C0546-N01-TRL4-critical,TRL,C0546-N01,4,,"Loss of documented support, not a claim of technology regression"
observation_loo,O-C0546-N01-TRL4-laboratory,TRL,C0546-N01,4,,"Loss of documented support, not a claim of technology regression"
observation_loo,O-C0546-N01-TRL4-validation,TRL,C0546-N01,4,,"Loss of documented support, not a claim of technology regression"
observation_loo,O-C0549-N01-TRL4-critical,TRL,C0549-N01,4,,"Loss of documented support, not a claim of technology regression"
observation_loo,O-C0549-N01-TRL4-laboratory,TRL,C0549-N01,4,,"Loss of documented support, not a claim of technology regression"
observation_loo,O-C0549-N01-TRL4-validation,TRL,C0549-N01,4,,"Loss of documented support, not a claim of technology regression"
observation_loo,O-C0552-N01-TRL4-critical,TRL,C0552-N01,4,,"Loss of documented support, not a claim of technology regression"
observation_loo,O-C0552-N01-TRL4-laboratory,TRL,C0552-N01,4,,"Loss of documented support, not a claim of technology regression"
observation_loo,O-C0552-N01-TRL4-validation,TRL,C0552-N01,4,,"Loss of documented support, not a claim of technology regression"
observation_loo,O-C0556-N01-TRL4-critical,TRL,C0556-N01,4,,"Loss of documented support, not a claim of technology regression"
observation_loo,O-C0556-N01-TRL4-laboratory,TRL,C0556-N01,4,,"Loss of documented support, not a claim of technology regression"
observation_loo,O-C0556-N01-TRL4-validation,TRL,C0556-N01,4,,"Loss of documented support, not a claim of technology regression"
observation_loo,O-C0559-N01-TRL4-critical,TRL,C0559-N01,4,,"Loss of documented support, not a claim of technology regression"
observation_loo,O-C0559-N01-TRL4-laboratory,TRL,C0559-N01,4,,"Loss of documented support, not a claim of technology regression"
observation_loo,O-C0559-N01-TRL4-validation,TRL,C0559-N01,4,,"Loss of documented support, not a claim of technology regression"
observation_loo,O-C0562-N01-TRL4-critical,TRL,C0562-N01,4,,"Loss of documented support, not a claim of technology regression"
observation_loo,O-C0562-N01-TRL4-laboratory,TRL,C0562-N01,4,,"Loss of documented support, not a claim of technology regression"
observation_loo,O-C0562-N01-TRL4-validation,TRL,C0562-N01,4,,"Loss of documented support, not a claim of technology regression"
observation_loo,O-C0565-N01-TRL4-critical,TRL,C0565-N01,4,,"Loss of documented support, not a claim of technology regression"
observation_loo,O-C0565-N01-TRL4-laboratory,TRL,C0565-N01,4,,"Loss of documented support, not a claim of technology regression"
observation_loo,O-C0565-N01-TRL4-validation,TRL,C0565-N01,4,,"Loss of documented support, not a claim of technology regression"
observation_loo,O-C0576-N01-TRL4-critical,TRL,C0576-N01,4,,"Loss of documented support, not a claim of technology regression"
observation_loo,O-C0576-N01-TRL4-laboratory,TRL,C0576-N01,4,,"Loss of documented support, not a claim of technology regression"
observation_loo,O-C0576-N01-TRL4-validation,TRL,C0576-N01,4,,"Loss of documented support, not a claim of technology regression"
observation_loo,O-C0579-N01-TRL4-critical,TRL,C0579-N01,4,,"Loss of documented support, not a claim of technology regression"
observation_loo,O-C0579-N01-TRL4-laboratory,TRL,C0579-N01,4,,"Loss of documented support, not a claim of technology regression"
observation_loo,O-C0579-N01-TRL4-validation,TRL,C0579-N01,4,,"Loss of documented support, not a claim of technology regression"
observation_loo,O-C0582-N01-TRL4-critical,TRL,C0582-N01,4,,"Loss of documented support, not a claim of technology regression"
observation_loo,O-C0582-N01-TRL4-laboratory,TRL,C0582-N01,4,,"Loss of documented support, not a claim of technology regression"
observation_loo,O-C0582-N01-TRL4-validation,TRL,C0582-N01,4,,"Loss of documented support, not a claim of technology regression"
observation_loo,O-C0585-N01-TRL4-critical,TRL,C0585-N01,4,,"Loss of documented support, not a claim of technology regression"
observation_loo,O-C0585-N01-TRL4-laboratory,TRL,C0585-N01,4,,"Loss of documented support, not a claim of technology regression"
observation_loo,O-C0585-N01-TRL4-validation,TRL,C0585-N01,4,,"Loss of documented support, not a claim of technology regression"
observation_loo,O-C0591-N01-TRL4-critical,TRL,C0591-N01,4,,"Loss of documented support, not a claim of technology regression"
observation_loo,O-C0591-N01-TRL4-laboratory,TRL,C0591-N01,4,,"Loss of documented support, not a claim of technology regression"
observation_loo,O-C0591-N01-TRL4-validation,TRL,C0591-N01,4,,"Loss of documented support, not a claim of technology regression"
observation_loo,O-C0597-N01-TRL4-critical,TRL,C0597-N01,4,,"Loss of documented support, not a claim of technology regression"
observation_loo,O-C0597-N01-TRL4-laboratory,TRL,C0597-N01,4,,"Loss of documented support, not a claim of technology regression"
observation_loo,O-C0597-N01-TRL4-validation,TRL,C0597-N01,4,,"Loss of documented support, not a claim of technology regression"
observation_loo,O-C0600-N01-TRL4-critical,TRL,C0600-N01,4,,"Loss of documented support, not a claim of technology regression"
observation_loo,O-C0600-N01-TRL4-laboratory,TRL,C0600-N01,4,,"Loss of documented support, not a claim of technology regression"
observation_loo,O-C0600-N01-TRL4-validation,TRL,C0600-N01,4,,"Loss of documented support, not a claim of technology regression"
observation_loo,O-C0603-N01-TRL4-critical,TRL,C0603-N01,4,,"Loss of documented support, not a claim of technology regression"
observation_loo,O-C0603-N01-TRL4-laboratory,TRL,C0603-N01,4,,"Loss of documented support, not a claim of technology regression"
observation_loo,O-C0603-N01-TRL4-validation,TRL,C0603-N01,4,,"Loss of documented support, not a claim of technology regression"
observation_loo,O-C0606-N01-TRL4-critical,TRL,C0606-N01,4,,"Loss of documented support, not a claim of technology regression"
observation_loo,O-C0606-N01-TRL4-laboratory,TRL,C0606-N01,4,,"Loss of documented support, not a claim of technology regression"
observation_loo,O-C0606-N01-TRL4-validation,TRL,C0606-N01,4,,"Loss of documented support, not a claim of technology regression"
observation_loo,O-C0609-N01-TRL4-critical,TRL,C0609-N01,4,,"Loss of documented support, not a claim of technology regression"
observation_loo,O-C0609-N01-TRL4-laboratory,TRL,C0609-N01,4,,"Loss of documented support, not a claim of technology regression"
observation_loo,O-C0609-N01-TRL4-validation,TRL,C0609-N01,4,,"Loss of documented support, not a claim of technology regression"
observation_loo,O-C0616-N01-TRL4-critical,TRL,C0616-N01,4,,"Loss of documented support, not a claim of technology regression"
observation_loo,O-C0616-N01-TRL4-laboratory,TRL,C0616-N01,4,,"Loss of documented support, not a claim of technology regression"
observation_loo,O-C0616-N01-TRL4-validation,TRL,C0616-N01,4,,"Loss of documented support, not a claim of technology regression"
observation_loo,O-C0627-N01-TRL4-critical,TRL,C0627-N01,4,,"Loss of documented support, not a claim of technology regression"
observation_loo,O-C0627-N01-TRL4-laboratory,TRL,C0627-N01,4,,"Loss of documented support, not a claim of technology regression"
observation_loo,O-C0627-N01-TRL4-validation,TRL,C0627-N01,4,,"Loss of documented support, not a claim of technology regression"
observation_loo,O-C0632-N01-TRL4-critical,TRL,C0632-N01,4,,"Loss of documented support, not a claim of technology regression"
observation_loo,O-C0632-N01-TRL4-laboratory,TRL,C0632-N01,4,,"Loss of documented support, not a claim of technology regression"
observation_loo,O-C0632-N01-TRL4-validation,TRL,C0632-N01,4,,"Loss of documented support, not a claim of technology regression"
observation_loo,O-C0637-N01-TRL4-critical,TRL,C0637-N01,4,,"Loss of documented support, not a claim of technology regression"
observation_loo,O-C0637-N01-TRL4-laboratory,TRL,C0637-N01,4,,"Loss of documented support, not a claim of technology regression"
observation_loo,O-C0637-N01-TRL4-validation,TRL,C0637-N01,4,,"Loss of documented support, not a claim of technology regression"
observation_loo,O-C0644-N01-TRL4-critical,TRL,C0644-N01,4,,"Loss of documented support, not a claim of technology regression"
observation_loo,O-C0644-N01-TRL4-laboratory,TRL,C0644-N01,4,,"Loss of documented support, not a claim of technology regression"
observation_loo,O-C0644-N01-TRL4-validation,TRL,C0644-N01,4,,"Loss of documented support, not a claim of technology regression"
observation_loo,O-C0650-N01-TRL4-critical,TRL,C0650-N01,4,,"Loss of documented support, not a claim of technology regression"
observation_loo,O-C0650-N01-TRL4-laboratory,TRL,C0650-N01,4,,"Loss of documented support, not a claim of technology regression"
observation_loo,O-C0650-N01-TRL4-validation,TRL,C0650-N01,4,,"Loss of documented support, not a claim of technology regression"
observation_loo,O-C0661-N01-TRL4-critical,TRL,C0661-N01,4,,"Loss of documented support, not a claim of technology regression"
observation_loo,O-C0661-N01-TRL4-laboratory,TRL,C0661-N01,4,,"Loss of documented support, not a claim of technology regression"
observation_loo,O-C0661-N01-TRL4-validation,TRL,C0661-N01,4,,"Loss of documented support, not a claim of technology regression"
observation_loo,O-C0667-N01-TRL4-critical,TRL,C0667-N01,4,,"Loss of documented support, not a claim of technology regression"
observation_loo,O-C0667-N01-TRL4-laboratory,TRL,C0667-N01,4,,"Loss of documented support, not a claim of technology regression"
observation_loo,O-C0667-N01-TRL4-validation,TRL,C0667-N01,4,,"Loss of documented support, not a claim of technology regression"
observation_loo,O-C0673-N01-TRL4-critical,TRL,C0673-N01,4,,"Loss of documented support, not a claim of technology regression"
observation_loo,O-C0673-N01-TRL4-laboratory,TRL,C0673-N01,4,,"Loss of documented support, not a claim of technology regression"
observation_loo,O-C0673-N01-TRL4-validation,TRL,C0673-N01,4,,"Loss of documented support, not a claim of technology regression"
observation_loo,O-C0679-N01-TRL4-critical,TRL,C0679-N01,4,,"Loss of documented support, not a claim of technology regression"
observation_loo,O-C0679-N01-TRL4-laboratory,TRL,C0679-N01,4,,"Loss of documented support, not a claim of technology regression"
observation_loo,O-C0679-N01-TRL4-validation,TRL,C0679-N01,4,,"Loss of documented support, not a claim of technology regression"
observation_loo,O-C0685-N01-TRL2-application,TRL,C0685-N01,2,,"Loss of documented support, not a claim of technology regression"
observation_loo,O-C0690-N01-TRL2-application,TRL,C0690-N01,2,,"Loss of documented support, not a claim of technology regression"
observation_loo,O-C0657-N01-TRL4-critical,TRL,C0657-N01,4,,"Loss of documented support, not a claim of technology regression"
observation_loo,O-C0657-N01-TRL4-laboratory,TRL,C0657-N01,4,,"Loss of documented support, not a claim of technology regression"
observation_loo,O-C0657-N01-TRL4-validation,TRL,C0657-N01,4,,"Loss of documented support, not a claim of technology regression"
observation_loo,O-C0660-N01-TRL4-critical,TRL,C0660-N01,4,,"Loss of documented support, not a claim of technology regression"
observation_loo,O-C0660-N01-TRL4-laboratory,TRL,C0660-N01,4,,"Loss of documented support, not a claim of technology regression"
observation_loo,O-C0660-N01-TRL4-validation,TRL,C0660-N01,4,,"Loss of documented support, not a claim of technology regression"
observation_loo,O-C0697-N01-TRL4-critical,TRL,C0697-N01,4,,"Loss of documented support, not a claim of technology regression"
observation_loo,O-C0697-N01-TRL4-laboratory,TRL,C0697-N01,4,,"Loss of documented support, not a claim of technology regression"
observation_loo,O-C0697-N01-TRL4-validation,TRL,C0697-N01,4,,"Loss of documented support, not a claim of technology regression"
observation_loo,O-C0703-N01-TRL4-critical,TRL,C0703-N01,4,,"Loss of documented support, not a claim of technology regression"
observation_loo,O-C0703-N01-TRL4-laboratory,TRL,C0703-N01,4,,"Loss of documented support, not a claim of technology regression"
observation_loo,O-C0703-N01-TRL4-validation,TRL,C0703-N01,4,,"Loss of documented support, not a claim of technology regression"
observation_loo,O-C0708-N01-TRL2-application,TRL,C0708-N01,2,,"Loss of documented support, not a claim of technology regression"
observation_loo,O-C0713-N01-TRL4-critical,TRL,C0713-N01,4,,"Loss of documented support, not a claim of technology regression"
observation_loo,O-C0713-N01-TRL4-laboratory,TRL,C0713-N01,4,,"Loss of documented support, not a claim of technology regression"
observation_loo,O-C0713-N01-TRL4-validation,TRL,C0713-N01,4,,"Loss of documented support, not a claim of technology regression"
observation_loo,O-C0718-N01-TRL2-application,TRL,C0718-N01,2,,"Loss of documented support, not a claim of technology regression"
observation_loo,O-C0725-N01-TRL4-critical,TRL,C0725-N01,4,,"Loss of documented support, not a claim of technology regression"
observation_loo,O-C0725-N01-TRL4-laboratory,TRL,C0725-N01,4,,"Loss of documented support, not a claim of technology regression"
observation_loo,O-C0725-N01-TRL4-validation,TRL,C0725-N01,4,,"Loss of documented support, not a claim of technology regression"
observation_loo,O-C0737-N01-TRL4-critical,TRL,C0737-N01,4,,"Loss of documented support, not a claim of technology regression"
observation_loo,O-C0737-N01-TRL4-laboratory,TRL,C0737-N01,4,,"Loss of documented support, not a claim of technology regression"
observation_loo,O-C0737-N01-TRL4-validation,TRL,C0737-N01,4,,"Loss of documented support, not a claim of technology regression"
observation_loo,O-C0742-N01-TRL4-critical,TRL,C0742-N01,4,,"Loss of documented support, not a claim of technology regression"
observation_loo,O-C0742-N01-TRL4-laboratory,TRL,C0742-N01,4,,"Loss of documented support, not a claim of technology regression"
observation_loo,O-C0742-N01-TRL4-validation,TRL,C0742-N01,4,,"Loss of documented support, not a claim of technology regression"
observation_loo,O-C0747-N01-TRL4-critical,TRL,C0747-N01,4,,"Loss of documented support, not a claim of technology regression"
observation_loo,O-C0747-N01-TRL4-laboratory,TRL,C0747-N01,4,,"Loss of documented support, not a claim of technology regression"
observation_loo,O-C0747-N01-TRL4-validation,TRL,C0747-N01,4,,"Loss of documented support, not a claim of technology regression"
observation_loo,WO-804cb212a61b7cfe,TRL,W001,9,,"Loss of documented support, not a claim of technology regression"
observation_loo,WO-ad841b1eb858bc84,TRL,W001,9,,"Loss of documented support, not a claim of technology regression"
observation_loo,WO-e4f7a0a8cf890274,TRL,W001,9,,"Loss of documented support, not a claim of technology regression"
observation_loo,WO-9b0a2d036c07ce18,TRL,W001,9,,"Loss of documented support, not a claim of technology regression"
observation_loo,WO-d77abf1b07f286f7,CRL,W001,3,,"Loss of documented support, not a claim of technology regression"
observation_loo,WO-c7f0a0f8766a4e8e,CRL,W001,3,,"Loss of documented support, not a claim of technology regression"
observation_loo,WO-754ec8dd95b01a5a,CRL,W001,3,,"Loss of documented support, not a claim of technology regression"
observation_loo,WO-b6d1d0e1925315da,TRL,W002,9,,"Loss of documented support, not a claim of technology regression"
observation_loo,WO-e1933ff772d4a85a,TRL,W002,9,,"Loss of documented support, not a claim of technology regression"
observation_loo,WO-c26b64e6c4fe3733,TRL,W002,9,,"Loss of documented support, not a claim of technology regression"
observation_loo,WO-6cb9f39417e3d338,TRL,W002,9,,"Loss of documented support, not a claim of technology regression"
observation_loo,WO-1e0d31eac0f91604,CRL,W002,3,,"Loss of documented support, not a claim of technology regression"
observation_loo,WO-ae3b6d81f75f800f,CRL,W002,3,,"Loss of documented support, not a claim of technology regression"
observation_loo,WO-49f9d353f02db047,CRL,W002,3,,"Loss of documented support, not a claim of technology regression"
observation_loo,WO-204d0ba13d1ca344,TRL,W003,9,,"Loss of documented support, not a claim of technology regression"
observation_loo,WO-484a63f3d0c62a68,TRL,W003,9,,"Loss of documented support, not a claim of technology regression"
observation_loo,WO-bbc598d36c82304d,TRL,W003,9,,"Loss of documented support, not a claim of technology regression"
observation_loo,WO-d25560e4f06cc879,TRL,W003,9,,"Loss of documented support, not a claim of technology regression"
observation_loo,WO-be03714ebe698a87,CRL,W003,3,,"Loss of documented support, not a claim of technology regression"
observation_loo,WO-fc621acf8b679a29,CRL,W003,3,,"Loss of documented support, not a claim of technology regression"
observation_loo,WO-421e620b60582572,CRL,W003,3,,"Loss of documented support, not a claim of technology regression"
observation_loo,WO-906f8722a51c9ad5,TRL,W004,9,,"Loss of documented support, not a claim of technology regression"
observation_loo,WO-87139d171142f98d,TRL,W004,9,,"Loss of documented support, not a claim of technology regression"
observation_loo,WO-88b4907a34411564,TRL,W004,9,,"Loss of documented support, not a claim of technology regression"
observation_loo,WO-355668d4afb78f99,TRL,W004,9,,"Loss of documented support, not a claim of technology regression"
observation_loo,WO-d3769fa6664448fc,CRL,W004,2,,"Loss of documented support, not a claim of technology regression"
observation_loo,WO-c51d52ea8866d338,CRL,W004,2,,"Loss of documented support, not a claim of technology regression"
observation_loo,WO-5594cd994092e65a,CRL,W004,2,,"Loss of documented support, not a claim of technology regression"
observation_loo,WO-a1c2002c1b242469,TRL,W005,9,,"Loss of documented support, not a claim of technology regression"
observation_loo,WO-0ff9c505f193b980,TRL,W005,9,,"Loss of documented support, not a claim of technology regression"
observation_loo,WO-5b34a7c8bdcd2698,TRL,W005,9,,"Loss of documented support, not a claim of technology regression"
observation_loo,WO-b76f46f19a2bae45,TRL,W005,9,,"Loss of documented support, not a claim of technology regression"
observation_loo,WO-915b57c988597cb5,CRL,W005,2,,"Loss of documented support, not a claim of technology regression"
observation_loo,WO-2ca035837dfcc397,CRL,W005,2,,"Loss of documented support, not a claim of technology regression"
observation_loo,WO-186c1931698c4fb5,CRL,W005,2,,"Loss of documented support, not a claim of technology regression"
observation_loo,WO-7e7dc89fd88b077b,TRL,W006,9,,"Loss of documented support, not a claim of technology regression"
observation_loo,WO-cab0a2e4b781c19a,TRL,W006,9,,"Loss of documented support, not a claim of technology regression"
observation_loo,WO-a1a8ede2e0d3725d,TRL,W006,9,,"Loss of documented support, not a claim of technology regression"
observation_loo,WO-2baa414d1d13b4e2,TRL,W006,9,,"Loss of documented support, not a claim of technology regression"
observation_loo,WO-d65da524a2067ead,CRL,W006,2,,"Loss of documented support, not a claim of technology regression"
observation_loo,WO-330bb5cbadc1d071,CRL,W006,2,,"Loss of documented support, not a claim of technology regression"
observation_loo,WO-6fea825e8c96177e,CRL,W006,2,,"Loss of documented support, not a claim of technology regression"
observation_loo,WO-fe354d99a56de6a3,TRL,W007,9,,"Loss of documented support, not a claim of technology regression"
observation_loo,WO-c0d9846e0c3172a6,TRL,W007,9,,"Loss of documented support, not a claim of technology regression"
observation_loo,WO-c2ddea95fba7c496,TRL,W007,9,,"Loss of documented support, not a claim of technology regression"
observation_loo,WO-62dc0722d9831a97,TRL,W007,9,,"Loss of documented support, not a claim of technology regression"
observation_loo,WO-7e3a47f760a372bf,CRL,W007,2,,"Loss of documented support, not a claim of technology regression"
observation_loo,WO-c268c714ca3cd595,CRL,W007,2,,"Loss of documented support, not a claim of technology regression"
observation_loo,WO-21b3ed2f28466d14,CRL,W007,2,,"Loss of documented support, not a claim of technology regression"
observation_loo,WO-ab3d6744bccc9e88,TRL,W008,9,,"Loss of documented support, not a claim of technology regression"
observation_loo,WO-247ea1860e14879a,TRL,W008,9,,"Loss of documented support, not a claim of technology regression"
observation_loo,WO-a60683766c7bb103,TRL,W008,9,,"Loss of documented support, not a claim of technology regression"
observation_loo,WO-c6f9d25845105e58,TRL,W008,9,,"Loss of documented support, not a claim of technology regression"
observation_loo,WO-8452fc1812b86883,CRL,W008,2,,"Loss of documented support, not a claim of technology regression"
observation_loo,WO-cac83216bbe2a481,CRL,W008,2,,"Loss of documented support, not a claim of technology regression"
observation_loo,WO-ae76a8be4b6d03cc,CRL,W008,2,,"Loss of documented support, not a claim of technology regression"
observation_loo,WO-38b8c25dcef27fc0,CRL,W009,3,,"Loss of documented support, not a claim of technology regression"
observation_loo,WO-0ca959823cfa0142,CRL,W009,3,,"Loss of documented support, not a claim of technology regression"
observation_loo,WO-22b50fa9298bfbe3,CRL,W009,3,,"Loss of documented support, not a claim of technology regression"
observation_loo,WO-5d5ea5a5265c3bfb,CRL,W010,2,,"Loss of documented support, not a claim of technology regression"
observation_loo,WO-6379de16f68bf205,CRL,W010,2,,"Loss of documented support, not a claim of technology regression"
observation_loo,WO-b2e57dd9e3d40c5d,CRL,W010,2,,"Loss of documented support, not a claim of technology regression"
observation_loo,WO-b6cdfdf3e1f596f0,CRL,W012,2,,"Loss of documented support, not a claim of technology regression"
observation_loo,WO-215dbc5d79ad4fd3,CRL,W012,2,,"Loss of documented support, not a claim of technology regression"
observation_loo,WO-81dbe3e4458ff2a6,CRL,W012,2,,"Loss of documented support, not a claim of technology regression"
observation_loo,WO-55af4c1c08f1cb11,CRL,W013,3,,"Loss of documented support, not a claim of technology regression"
observation_loo,WO-f2dfe9861fa51a81,CRL,W013,3,,"Loss of documented support, not a claim of technology regression"
observation_loo,WO-b338461c172a6ef6,CRL,W013,3,,"Loss of documented support, not a claim of technology regression"
observation_loo,WO-df60da74b4a0926e,TRL,W014,9,,"Loss of documented support, not a claim of technology regression"
observation_loo,WO-8869d7de49c00737,TRL,W014,9,,"Loss of documented support, not a claim of technology regression"
observation_loo,WO-3210798879cf8e4b,TRL,W014,9,,"Loss of documented support, not a claim of technology regression"
observation_loo,WO-fe33dc775f3b3759,TRL,W014,9,,"Loss of documented support, not a claim of technology regression"
observation_loo,WO-a4ce9e227e882ae8,CRL,W014,3,,"Loss of documented support, not a claim of technology regression"
observation_loo,WO-183ef0a3badc8ba8,CRL,W014,3,,"Loss of documented support, not a claim of technology regression"
observation_loo,WO-5e8685dc2bb9cc12,CRL,W014,3,,"Loss of documented support, not a claim of technology regression"
observation_loo,WO-f9795d3d1edb81e3,TRL,W015,9,,"Loss of documented support, not a claim of technology regression"
observation_loo,WO-b31f05e6008d7205,TRL,W015,9,,"Loss of documented support, not a claim of technology regression"
observation_loo,WO-0269da5a64d67201,TRL,W015,9,,"Loss of documented support, not a claim of technology regression"
observation_loo,WO-c2d5fcac860e0b46,TRL,W015,9,,"Loss of documented support, not a claim of technology regression"
observation_loo,WO-ca3ddecbe73b406c,CRL,W016,3,,"Loss of documented support, not a claim of technology regression"
observation_loo,WO-9509c149ed4cbe76,CRL,W016,3,,"Loss of documented support, not a claim of technology regression"
observation_loo,WO-94b80c03ecb8bec8,CRL,W016,3,,"Loss of documented support, not a claim of technology regression"
observation_loo,WO-9031ef575e58e96d,CRL,W017,2,,"Loss of documented support, not a claim of technology regression"
observation_loo,WO-5cfd6cd8f9c94f5f,CRL,W017,2,,"Loss of documented support, not a claim of technology regression"
observation_loo,WO-15ab40e9b0230fb7,CRL,W017,2,,"Loss of documented support, not a claim of technology regression"
observation_loo,WO-b59fee1ad672659e,TRL,W018,9,,"Loss of documented support, not a claim of technology regression"
observation_loo,WO-857fd07c655591be,TRL,W018,9,,"Loss of documented support, not a claim of technology regression"
observation_loo,WO-b62ef74b82b06052,TRL,W018,9,,"Loss of documented support, not a claim of technology regression"
observation_loo,WO-a40b39c92b4dd9f8,TRL,W018,9,,"Loss of documented support, not a claim of technology regression"
observation_loo,WO-1a70af9b9168ae64,CRL,W018,2,,"Loss of documented support, not a claim of technology regression"
observation_loo,WO-6047ee38b2bc5424,CRL,W018,2,,"Loss of documented support, not a claim of technology regression"
observation_loo,WO-2a85ffaef93d9158,CRL,W018,2,,"Loss of documented support, not a claim of technology regression"
observation_loo,WO-86360634fe68e3e8,TRL,C0435-B01,4,,"Loss of documented support, not a claim of technology regression"
observation_loo,WO-68fdad0ee4c21702,TRL,C0435-B01,4,,"Loss of documented support, not a claim of technology regression"
observation_loo,WO-aaae21ea2e2570eb,TRL,C0435-B01,4,,"Loss of documented support, not a claim of technology regression"
observation_loo,WO-b26d7fcc669685fb,CRL,C0435-B01,2,,"Loss of documented support, not a claim of technology regression"
observation_loo,WO-4ea06b5b32199eec,CRL,C0435-B01,2,,"Loss of documented support, not a claim of technology regression"
observation_loo,WO-932deaca0e7f8ed4,CRL,C0435-B01,2,,"Loss of documented support, not a claim of technology regression"
observation_loo,WO-bfc0cce2f6b7a1c7,TRL,C0098-B01,4,,"Loss of documented support, not a claim of technology regression"
observation_loo,WO-e7c48134c08e6a07,TRL,C0098-B01,4,,"Loss of documented support, not a claim of technology regression"
observation_loo,WO-43e09c3178759d7f,TRL,C0098-B01,4,,"Loss of documented support, not a claim of technology regression"
source_type_ablation,government_case_compilation,TRL,W002,9,,"Loss of documented support, not a claim of technology regression"
source_type_ablation,government_case_compilation,TRL,W003,9,,"Loss of documented support, not a claim of technology regression"
source_type_ablation,government_case_compilation,TRL,W004,9,,"Loss of documented support, not a claim of technology regression"
source_type_ablation,government_case_compilation,TRL,W005,9,,"Loss of documented support, not a claim of technology regression"
source_type_ablation,government_case_compilation,TRL,W006,9,,"Loss of documented support, not a claim of technology regression"
source_type_ablation,government_case_compilation,TRL,W007,9,,"Loss of documented support, not a claim of technology regression"
source_type_ablation,government_case_compilation,TRL,W008,9,,"Loss of documented support, not a claim of technology regression"
source_type_ablation,government_case_compilation,TRL,W018,9,,"Loss of documented support, not a claim of technology regression"
source_type_ablation,government_case_compilation,CRL,W002,3,,"Loss of documented support, not a claim of technology regression"
source_type_ablation,government_case_compilation,CRL,W003,3,,"Loss of documented support, not a claim of technology regression"
source_type_ablation,government_case_compilation,CRL,W004,2,,"Loss of documented support, not a claim of technology regression"
source_type_ablation,government_case_compilation,CRL,W005,2,,"Loss of documented support, not a claim of technology regression"
source_type_ablation,government_case_compilation,CRL,W006,2,,"Loss of documented support, not a claim of technology regression"
source_type_ablation,government_case_compilation,CRL,W007,2,,"Loss of documented support, not a claim of technology regression"
source_type_ablation,government_case_compilation,CRL,W008,2,,"Loss of documented support, not a claim of technology regression"
source_type_ablation,government_case_compilation,CRL,W009,3,,"Loss of documented support, not a claim of technology regression"
source_type_ablation,government_case_compilation,CRL,W010,2,,"Loss of documented support, not a claim of technology regression"
source_type_ablation,government_case_compilation,CRL,W018,2,,"Loss of documented support, not a claim of technology regression"
source_type_ablation,paper,TRL,C0009-B01,4,,"Loss of documented support, not a claim of technology regression"
source_type_ablation,paper,TRL,C0493-B01,4,,"Loss of documented support, not a claim of technology regression"
source_type_ablation,paper,TRL,C0060-B01,4,,"Loss of documented support, not a claim of technology regression"
source_type_ablation,paper,TRL,C0067-B01,4,,"Loss of documented support, not a claim of technology regression"
source_type_ablation,paper,TRL,C0091-B01,4,,"Loss of documented support, not a claim of technology regression"
source_type_ablation,paper,TRL,C0122-B01,4,,"Loss of documented support, not a claim of technology regression"
source_type_ablation,paper,TRL,C0124-B01,2,,"Loss of documented support, not a claim of technology regression"
source_type_ablation,paper,TRL,C0155-B01,4,,"Loss of documented support, not a claim of technology regression"
source_type_ablation,paper,TRL,C0593-B01,4,,"Loss of documented support, not a claim of technology regression"
source_type_ablation,paper,TRL,C0191-B01,6,,"Loss of documented support, not a claim of technology regression"
source_type_ablation,paper,TRL,C0210-B01,4,,"Loss of documented support, not a claim of technology regression"
source_type_ablation,paper,TRL,C0216-B01,4,,"Loss of documented support, not a claim of technology regression"
source_type_ablation,paper,TRL,C0221-B01,4,,"Loss of documented support, not a claim of technology regression"
source_type_ablation,paper,TRL,C0251-B01,4,,"Loss of documented support, not a claim of technology regression"
source_type_ablation,paper,TRL,C0254-B01,4,,"Loss of documented support, not a claim of technology regression"
source_type_ablation,paper,TRL,C0518-B01,4,,"Loss of documented support, not a claim of technology regression"
source_type_ablation,paper,TRL,C0278-B01,4,,"Loss of documented support, not a claim of technology regression"
source_type_ablation,paper,TRL,C0294-B01,4,,"Loss of documented support, not a claim of technology regression"
source_type_ablation,paper,TRL,C0684-B01,4,,"Loss of documented support, not a claim of technology regression"
source_type_ablation,paper,TRL,C0356-B01,2,,"Loss of documented support, not a claim of technology regression"
source_type_ablation,paper,TRL,C0443-B01,4,,"Loss of documented support, not a claim of technology regression"
source_type_ablation,paper,TRL,C0487-N01,4,,"Loss of documented support, not a claim of technology regression"
source_type_ablation,paper,TRL,C0490-N01,4,,"Loss of documented support, not a claim of technology regression"
source_type_ablation,paper,TRL,C0491-N01,4,,"Loss of documented support, not a claim of technology regression"
source_type_ablation,paper,TRL,C0492-N01,4,,"Loss of documented support, not a claim of technology regression"
source_type_ablation,paper,TRL,C0494-N01,4,,"Loss of documented support, not a claim of technology regression"
source_type_ablation,paper,TRL,C0495-N01,4,,"Loss of documented support, not a claim of technology regression"
source_type_ablation,paper,TRL,C0497-N01,4,,"Loss of documented support, not a claim of technology regression"
source_type_ablation,paper,TRL,C0499-N01,4,,"Loss of documented support, not a claim of technology regression"
source_type_ablation,paper,TRL,C0500-N01,4,,"Loss of documented support, not a claim of technology regression"
source_type_ablation,paper,TRL,C0501-N01,4,,"Loss of documented support, not a claim of technology regression"
source_type_ablation,paper,TRL,C0502-N01,4,,"Loss of documented support, not a claim of technology regression"
source_type_ablation,paper,TRL,C0504-N01,4,,"Loss of documented support, not a claim of technology regression"
source_type_ablation,paper,TRL,C0507-N01,4,,"Loss of documented support, not a claim of technology regression"
source_type_ablation,paper,TRL,C0510-N01,4,,"Loss of documented support, not a claim of technology regression"
source_type_ablation,paper,TRL,C0512-N01,4,,"Loss of documented support, not a claim of technology regression"
source_type_ablation,paper,TRL,C0513-N01,4,,"Loss of documented support, not a claim of technology regression"
source_type_ablation,paper,TRL,C0514-N01,4,,"Loss of documented support, not a claim of technology regression"
source_type_ablation,paper,TRL,C0515-N01,4,,"Loss of documented support, not a claim of technology regression"
source_type_ablation,paper,TRL,C0517-N01,4,,"Loss of documented support, not a claim of technology regression"
source_type_ablation,paper,TRL,C0519-N01,4,,"Loss of documented support, not a claim of technology regression"
source_type_ablation,paper,TRL,C0520-N01,1,,"Loss of documented support, not a claim of technology regression"
source_type_ablation,paper,TRL,C0521-N01,4,,"Loss of documented support, not a claim of technology regression"
source_type_ablation,paper,TRL,C0525-N01,4,,"Loss of documented support, not a claim of technology regression"
source_type_ablation,paper,TRL,C0529-N01,4,,"Loss of documented support, not a claim of technology regression"
source_type_ablation,paper,TRL,C0531-N01,4,,"Loss of documented support, not a claim of technology regression"
source_type_ablation,paper,TRL,C0532-N01,4,,"Loss of documented support, not a claim of technology regression"
source_type_ablation,paper,TRL,C0533-N01,4,,"Loss of documented support, not a claim of technology regression"
source_type_ablation,paper,TRL,C0535-N01,4,,"Loss of documented support, not a claim of technology regression"
source_type_ablation,paper,TRL,C0540-N01,6,,"Loss of documented support, not a claim of technology regression"
source_type_ablation,paper,TRL,C0543-N01,4,,"Loss of documented support, not a claim of technology regression"
source_type_ablation,paper,TRL,C0546-N01,4,,"Loss of documented support, not a claim of technology regression"
source_type_ablation,paper,TRL,C0549-N01,4,,"Loss of documented support, not a claim of technology regression"
source_type_ablation,paper,TRL,C0552-N01,4,,"Loss of documented support, not a claim of technology regression"
source_type_ablation,paper,TRL,C0556-N01,4,,"Loss of documented support, not a claim of technology regression"
source_type_ablation,paper,TRL,C0559-N01,4,,"Loss of documented support, not a claim of technology regression"
source_type_ablation,paper,TRL,C0562-N01,4,,"Loss of documented support, not a claim of technology regression"
source_type_ablation,paper,TRL,C0565-N01,4,,"Loss of documented support, not a claim of technology regression"
source_type_ablation,paper,TRL,C0576-N01,4,,"Loss of documented support, not a claim of technology regression"
source_type_ablation,paper,TRL,C0579-N01,4,,"Loss of documented support, not a claim of technology regression"
source_type_ablation,paper,TRL,C0582-N01,4,,"Loss of documented support, not a claim of technology regression"
source_type_ablation,paper,TRL,C0585-N01,4,,"Loss of documented support, not a claim of technology regression"
source_type_ablation,paper,TRL,C0591-N01,4,,"Loss of documented support, not a claim of technology regression"
source_type_ablation,paper,TRL,C0597-N01,4,,"Loss of documented support, not a claim of technology regression"
source_type_ablation,paper,TRL,C0600-N01,4,,"Loss of documented support, not a claim of technology regression"
source_type_ablation,paper,TRL,C0603-N01,4,,"Loss of documented support, not a claim of technology regression"
source_type_ablation,paper,TRL,C0606-N01,4,,"Loss of documented support, not a claim of technology regression"
source_type_ablation,paper,TRL,C0609-N01,4,,"Loss of documented support, not a claim of technology regression"
source_type_ablation,paper,TRL,C0616-N01,4,,"Loss of documented support, not a claim of technology regression"
source_type_ablation,paper,TRL,C0627-N01,4,,"Loss of documented support, not a claim of technology regression"
source_type_ablation,paper,TRL,C0632-N01,4,,"Loss of documented support, not a claim of technology regression"
source_type_ablation,paper,TRL,C0637-N01,4,,"Loss of documented support, not a claim of technology regression"
source_type_ablation,paper,TRL,C0644-N01,4,,"Loss of documented support, not a claim of technology regression"
source_type_ablation,paper,TRL,C0650-N01,4,,"Loss of documented support, not a claim of technology regression"
source_type_ablation,paper,TRL,C0661-N01,4,,"Loss of documented support, not a claim of technology regression"
source_type_ablation,paper,TRL,C0667-N01,4,,"Loss of documented support, not a claim of technology regression"
source_type_ablation,paper,TRL,C0673-N01,4,,"Loss of documented support, not a claim of technology regression"
source_type_ablation,paper,TRL,C0679-N01,4,,"Loss of documented support, not a claim of technology regression"
source_type_ablation,paper,TRL,C0685-N01,2,,"Loss of documented support, not a claim of technology regression"
source_type_ablation,paper,TRL,C0690-N01,2,,"Loss of documented support, not a claim of technology regression"
source_type_ablation,paper,TRL,C0657-N01,4,,"Loss of documented support, not a claim of technology regression"
source_type_ablation,paper,TRL,C0660-N01,4,,"Loss of documented support, not a claim of technology regression"
source_type_ablation,paper,TRL,C0697-N01,4,,"Loss of documented support, not a claim of technology regression"
source_type_ablation,paper,TRL,C0703-N01,4,,"Loss of documented support, not a claim of technology regression"
source_type_ablation,paper,TRL,C0713-N01,4,,"Loss of documented support, not a claim of technology regression"
source_type_ablation,paper,TRL,C0718-N01,2,,"Loss of documented support, not a claim of technology regression"
source_type_ablation,paper,TRL,C0725-N01,4,,"Loss of documented support, not a claim of technology regression"
source_type_ablation,paper,TRL,C0737-N01,4,,"Loss of documented support, not a claim of technology regression"
source_type_ablation,paper,TRL,C0742-N01,4,,"Loss of documented support, not a claim of technology regression"
source_type_ablation,paper,TRL,C0747-N01,4,,"Loss of documented support, not a claim of technology regression"
source_type_ablation,paper,CRL,C0246-B01,2,,"Loss of documented support, not a claim of technology regression"
source_type_ablation,paper,CRL,C0191-B02,2,,"Loss of documented support, not a claim of technology regression"
source_type_ablation,paper,CRL,C0540-N01,2,,"Loss of documented support, not a claim of technology regression"
source_type_ablation,patent,TRL,C0246-B02,2,,"Loss of documented support, not a claim of technology regression"
source_type_ablation,patent,TRL,C0356-B02,2,,"Loss of documented support, not a claim of technology regression"
source_type_ablation,patent,TRL,C0124-B02,2,,"Loss of documented support, not a claim of technology regression"
source_type_ablation,patent,TRL,C0708-N01,2,,"Loss of documented support, not a claim of technology regression"
source_type_ablation,policy,TRL,C0665-B01,9,,"Loss of documented support, not a claim of technology regression"
source_type_ablation,policy,CRL,C0665-B01,3,,"Loss of documented support, not a claim of technology regression"
source_type_ablation,policy,CRL,C0098-B02,2,,"Loss of documented support, not a claim of technology regression"
source_type_ablation,policy,CRL,C0509-B01,2,,"Loss of documented support, not a claim of technology regression"
source_type_ablation,public_project_or_research_source,TRL,C0098-B01,4,,"Loss of documented support, not a claim of technology regression"
source_type_ablation,public_project_or_research_source,TRL,C0435-B01,4,,"Loss of documented support, not a claim of technology regression"
source_type_ablation,public_project_or_research_source,TRL,W001,9,,"Loss of documented support, not a claim of technology regression"
source_type_ablation,public_project_or_research_source,TRL,W014,9,,"Loss of documented support, not a claim of technology regression"
source_type_ablation,public_project_or_research_source,TRL,W015,9,,"Loss of documented support, not a claim of technology regression"
source_type_ablation,public_project_or_research_source,CRL,C0435-B01,2,,"Loss of documented support, not a claim of technology regression"
source_type_ablation,public_project_or_research_source,CRL,W001,3,,"Loss of documented support, not a claim of technology regression"
source_type_ablation,public_project_or_research_source,CRL,W012,2,,"Loss of documented support, not a claim of technology regression"
source_type_ablation,public_project_or_research_source,CRL,W013,3,,"Loss of documented support, not a claim of technology regression"
source_type_ablation,public_project_or_research_source,CRL,W014,3,,"Loss of documented support, not a claim of technology regression"
source_type_ablation,public_project_or_research_source,CRL,W016,3,,"Loss of documented support, not a claim of technology regression"
source_type_ablation,public_project_or_research_source,CRL,W017,2,,"Loss of documented support, not a claim of technology regression"
gate_support_ablation,TRL,TRL,C0009-B01,4,,"Loss of documented support, not a claim of technology regression"
gate_support_ablation,TRL,TRL,C0493-B01,4,,"Loss of documented support, not a claim of technology regression"
gate_support_ablation,TRL,TRL,C0060-B01,4,,"Loss of documented support, not a claim of technology regression"
gate_support_ablation,TRL,TRL,C0067-B01,4,,"Loss of documented support, not a claim of technology regression"
gate_support_ablation,TRL,TRL,C0091-B01,4,,"Loss of documented support, not a claim of technology regression"
gate_support_ablation,TRL,TRL,C0098-B01,4,,"Loss of documented support, not a claim of technology regression"
gate_support_ablation,TRL,TRL,C0122-B01,4,,"Loss of documented support, not a claim of technology regression"
gate_support_ablation,TRL,TRL,C0124-B01,2,,"Loss of documented support, not a claim of technology regression"
gate_support_ablation,TRL,TRL,C0155-B01,4,,"Loss of documented support, not a claim of technology regression"
gate_support_ablation,TRL,TRL,C0593-B01,4,,"Loss of documented support, not a claim of technology regression"
gate_support_ablation,TRL,TRL,C0191-B01,6,,"Loss of documented support, not a claim of technology regression"
gate_support_ablation,TRL,TRL,C0210-B01,4,,"Loss of documented support, not a claim of technology regression"
gate_support_ablation,TRL,TRL,C0216-B01,4,,"Loss of documented support, not a claim of technology regression"
gate_support_ablation,TRL,TRL,C0221-B01,4,,"Loss of documented support, not a claim of technology regression"
gate_support_ablation,TRL,TRL,C0251-B01,4,,"Loss of documented support, not a claim of technology regression"
gate_support_ablation,TRL,TRL,C0254-B01,4,,"Loss of documented support, not a claim of technology regression"
gate_support_ablation,TRL,TRL,C0518-B01,4,,"Loss of documented support, not a claim of technology regression"
gate_support_ablation,TRL,TRL,C0278-B01,4,,"Loss of documented support, not a claim of technology regression"
gate_support_ablation,TRL,TRL,C0294-B01,4,,"Loss of documented support, not a claim of technology regression"
gate_support_ablation,TRL,TRL,C0684-B01,4,,"Loss of documented support, not a claim of technology regression"
gate_support_ablation,TRL,TRL,C0356-B01,2,,"Loss of documented support, not a claim of technology regression"
gate_support_ablation,TRL,TRL,C0435-B01,4,,"Loss of documented support, not a claim of technology regression"
gate_support_ablation,TRL,TRL,C0443-B01,4,,"Loss of documented support, not a claim of technology regression"
gate_support_ablation,TRL,TRL,C0665-B01,9,,"Loss of documented support, not a claim of technology regression"
gate_support_ablation,TRL,TRL,C0246-B02,2,,"Loss of documented support, not a claim of technology regression"
gate_support_ablation,TRL,TRL,C0356-B02,2,,"Loss of documented support, not a claim of technology regression"
gate_support_ablation,TRL,TRL,C0124-B02,2,,"Loss of documented support, not a claim of technology regression"
gate_support_ablation,TRL,TRL,C0487-N01,4,,"Loss of documented support, not a claim of technology regression"
gate_support_ablation,TRL,TRL,C0490-N01,4,,"Loss of documented support, not a claim of technology regression"
gate_support_ablation,TRL,TRL,C0491-N01,4,,"Loss of documented support, not a claim of technology regression"
gate_support_ablation,TRL,TRL,C0492-N01,4,,"Loss of documented support, not a claim of technology regression"
gate_support_ablation,TRL,TRL,C0494-N01,4,,"Loss of documented support, not a claim of technology regression"
gate_support_ablation,TRL,TRL,C0495-N01,4,,"Loss of documented support, not a claim of technology regression"
gate_support_ablation,TRL,TRL,C0497-N01,4,,"Loss of documented support, not a claim of technology regression"
gate_support_ablation,TRL,TRL,C0499-N01,4,,"Loss of documented support, not a claim of technology regression"
gate_support_ablation,TRL,TRL,C0500-N01,4,,"Loss of documented support, not a claim of technology regression"
gate_support_ablation,TRL,TRL,C0501-N01,4,,"Loss of documented support, not a claim of technology regression"
gate_support_ablation,TRL,TRL,C0502-N01,4,,"Loss of documented support, not a claim of technology regression"
gate_support_ablation,TRL,TRL,C0504-N01,4,,"Loss of documented support, not a claim of technology regression"
gate_support_ablation,TRL,TRL,C0507-N01,4,,"Loss of documented support, not a claim of technology regression"
gate_support_ablation,TRL,TRL,C0510-N01,4,,"Loss of documented support, not a claim of technology regression"
gate_support_ablation,TRL,TRL,C0512-N01,4,,"Loss of documented support, not a claim of technology regression"
gate_support_ablation,TRL,TRL,C0513-N01,4,,"Loss of documented support, not a claim of technology regression"
gate_support_ablation,TRL,TRL,C0514-N01,4,,"Loss of documented support, not a claim of technology regression"
gate_support_ablation,TRL,TRL,C0515-N01,4,,"Loss of documented support, not a claim of technology regression"
gate_support_ablation,TRL,TRL,C0517-N01,4,,"Loss of documented support, not a claim of technology regression"
gate_support_ablation,TRL,TRL,C0519-N01,4,,"Loss of documented support, not a claim of technology regression"
gate_support_ablation,TRL,TRL,C0520-N01,1,,"Loss of documented support, not a claim of technology regression"
gate_support_ablation,TRL,TRL,C0521-N01,4,,"Loss of documented support, not a claim of technology regression"
gate_support_ablation,TRL,TRL,C0525-N01,4,,"Loss of documented support, not a claim of technology regression"
gate_support_ablation,TRL,TRL,C0529-N01,4,,"Loss of documented support, not a claim of technology regression"
gate_support_ablation,TRL,TRL,C0531-N01,4,,"Loss of documented support, not a claim of technology regression"
gate_support_ablation,TRL,TRL,C0532-N01,4,,"Loss of documented support, not a claim of technology regression"
gate_support_ablation,TRL,TRL,C0533-N01,4,,"Loss of documented support, not a claim of technology regression"
gate_support_ablation,TRL,TRL,C0535-N01,4,,"Loss of documented support, not a claim of technology regression"
gate_support_ablation,TRL,TRL,C0540-N01,6,,"Loss of documented support, not a claim of technology regression"
gate_support_ablation,TRL,TRL,C0543-N01,4,,"Loss of documented support, not a claim of technology regression"
gate_support_ablation,TRL,TRL,C0546-N01,4,,"Loss of documented support, not a claim of technology regression"
gate_support_ablation,TRL,TRL,C0549-N01,4,,"Loss of documented support, not a claim of technology regression"
gate_support_ablation,TRL,TRL,C0552-N01,4,,"Loss of documented support, not a claim of technology regression"
gate_support_ablation,TRL,TRL,C0556-N01,4,,"Loss of documented support, not a claim of technology regression"
gate_support_ablation,TRL,TRL,C0559-N01,4,,"Loss of documented support, not a claim of technology regression"
gate_support_ablation,TRL,TRL,C0562-N01,4,,"Loss of documented support, not a claim of technology regression"
gate_support_ablation,TRL,TRL,C0565-N01,4,,"Loss of documented support, not a claim of technology regression"
gate_support_ablation,TRL,TRL,C0576-N01,4,,"Loss of documented support, not a claim of technology regression"
gate_support_ablation,TRL,TRL,C0579-N01,4,,"Loss of documented support, not a claim of technology regression"
gate_support_ablation,TRL,TRL,C0582-N01,4,,"Loss of documented support, not a claim of technology regression"
gate_support_ablation,TRL,TRL,C0585-N01,4,,"Loss of documented support, not a claim of technology regression"
gate_support_ablation,TRL,TRL,C0591-N01,4,,"Loss of documented support, not a claim of technology regression"
gate_support_ablation,TRL,TRL,C0597-N01,4,,"Loss of documented support, not a claim of technology regression"
gate_support_ablation,TRL,TRL,C0600-N01,4,,"Loss of documented support, not a claim of technology regression"
gate_support_ablation,TRL,TRL,C0603-N01,4,,"Loss of documented support, not a claim of technology regression"
gate_support_ablation,TRL,TRL,C0606-N01,4,,"Loss of documented support, not a claim of technology regression"
gate_support_ablation,TRL,TRL,C0609-N01,4,,"Loss of documented support, not a claim of technology regression"
gate_support_ablation,TRL,TRL,C0616-N01,4,,"Loss of documented support, not a claim of technology regression"
gate_support_ablation,TRL,TRL,C0627-N01,4,,"Loss of documented support, not a claim of technology regression"
gate_support_ablation,TRL,TRL,C0632-N01,4,,"Loss of documented support, not a claim of technology regression"
gate_support_ablation,TRL,TRL,C0637-N01,4,,"Loss of documented support, not a claim of technology regression"
gate_support_ablation,TRL,TRL,C0644-N01,4,,"Loss of documented support, not a claim of technology regression"
gate_support_ablation,TRL,TRL,C0650-N01,4,,"Loss of documented support, not a claim of technology regression"
gate_support_ablation,TRL,TRL,C0661-N01,4,,"Loss of documented support, not a claim of technology regression"
gate_support_ablation,TRL,TRL,C0667-N01,4,,"Loss of documented support, not a claim of technology regression"
gate_support_ablation,TRL,TRL,C0673-N01,4,,"Loss of documented support, not a claim of technology regression"
gate_support_ablation,TRL,TRL,C0679-N01,4,,"Loss of documented support, not a claim of technology regression"
gate_support_ablation,TRL,TRL,C0685-N01,2,,"Loss of documented support, not a claim of technology regression"
gate_support_ablation,TRL,TRL,C0690-N01,2,,"Loss of documented support, not a claim of technology regression"
gate_support_ablation,TRL,TRL,C0657-N01,4,,"Loss of documented support, not a claim of technology regression"
gate_support_ablation,TRL,TRL,C0660-N01,4,,"Loss of documented support, not a claim of technology regression"
gate_support_ablation,TRL,TRL,C0697-N01,4,,"Loss of documented support, not a claim of technology regression"
gate_support_ablation,TRL,TRL,C0703-N01,4,,"Loss of documented support, not a claim of technology regression"
gate_support_ablation,TRL,TRL,C0708-N01,2,,"Loss of documented support, not a claim of technology regression"
gate_support_ablation,TRL,TRL,C0713-N01,4,,"Loss of documented support, not a claim of technology regression"
gate_support_ablation,TRL,TRL,C0718-N01,2,,"Loss of documented support, not a claim of technology regression"
gate_support_ablation,TRL,TRL,C0725-N01,4,,"Loss of documented support, not a claim of technology regression"
gate_support_ablation,TRL,TRL,C0737-N01,4,,"Loss of documented support, not a claim of technology regression"
gate_support_ablation,TRL,TRL,C0742-N01,4,,"Loss of documented support, not a claim of technology regression"
gate_support_ablation,TRL,TRL,C0747-N01,4,,"Loss of documented support, not a claim of technology regression"
gate_support_ablation,TRL,TRL,W001,9,,"Loss of documented support, not a claim of technology regression"
gate_support_ablation,TRL,TRL,W002,9,,"Loss of documented support, not a claim of technology regression"
gate_support_ablation,TRL,TRL,W003,9,,"Loss of documented support, not a claim of technology regression"
gate_support_ablation,TRL,TRL,W004,9,,"Loss of documented support, not a claim of technology regression"
gate_support_ablation,TRL,TRL,W005,9,,"Loss of documented support, not a claim of technology regression"
gate_support_ablation,TRL,TRL,W006,9,,"Loss of documented support, not a claim of technology regression"
gate_support_ablation,TRL,TRL,W007,9,,"Loss of documented support, not a claim of technology regression"
gate_support_ablation,TRL,TRL,W008,9,,"Loss of documented support, not a claim of technology regression"
gate_support_ablation,TRL,TRL,W014,9,,"Loss of documented support, not a claim of technology regression"
gate_support_ablation,TRL,TRL,W015,9,,"Loss of documented support, not a claim of technology regression"
gate_support_ablation,TRL,TRL,W018,9,,"Loss of documented support, not a claim of technology regression"
gate_support_ablation,CRL,CRL,C0246-B01,2,,"Loss of documented support, not a claim of technology regression"
gate_support_ablation,CRL,CRL,C0435-B01,2,,"Loss of documented support, not a claim of technology regression"
gate_support_ablation,CRL,CRL,C0191-B02,2,,"Loss of documented support, not a claim of technology regression"
gate_support_ablation,CRL,CRL,C0665-B01,3,,"Loss of documented support, not a claim of technology regression"
gate_support_ablation,CRL,CRL,C0098-B02,2,,"Loss of documented support, not a claim of technology regression"
gate_support_ablation,CRL,CRL,C0509-B01,2,,"Loss of documented support, not a claim of technology regression"
gate_support_ablation,CRL,CRL,C0540-N01,2,,"Loss of documented support, not a claim of technology regression"
gate_support_ablation,CRL,CRL,W001,3,,"Loss of documented support, not a claim of technology regression"
gate_support_ablation,CRL,CRL,W002,3,,"Loss of documented support, not a claim of technology regression"
gate_support_ablation,CRL,CRL,W003,3,,"Loss of documented support, not a claim of technology regression"
gate_support_ablation,CRL,CRL,W004,2,,"Loss of documented support, not a claim of technology regression"
gate_support_ablation,CRL,CRL,W005,2,,"Loss of documented support, not a claim of technology regression"
gate_support_ablation,CRL,CRL,W006,2,,"Loss of documented support, not a claim of technology regression"
gate_support_ablation,CRL,CRL,W007,2,,"Loss of documented support, not a claim of technology regression"
gate_support_ablation,CRL,CRL,W008,2,,"Loss of documented support, not a claim of technology regression"
gate_support_ablation,CRL,CRL,W009,3,,"Loss of documented support, not a claim of technology regression"
gate_support_ablation,CRL,CRL,W010,2,,"Loss of documented support, not a claim of technology regression"
gate_support_ablation,CRL,CRL,W012,2,,"Loss of documented support, not a claim of technology regression"
gate_support_ablation,CRL,CRL,W013,3,,"Loss of documented support, not a claim of technology regression"
gate_support_ablation,CRL,CRL,W014,3,,"Loss of documented support, not a claim of technology regression"
gate_support_ablation,CRL,CRL,W016,3,,"Loss of documented support, not a claim of technology regression"
gate_support_ablation,CRL,CRL,W017,2,,"Loss of documented support, not a claim of technology regression"
gate_support_ablation,CRL,CRL,W018,2,,"Loss of documented support, not a claim of technology regression"
gate_support_ablation,CRL:fulfilment,CRL,C0665-B01,3,,"Loss of documented support, not a claim of technology regression"
gate_support_ablation,CRL:fulfilment,CRL,W001,3,,"Loss of documented support, not a claim of technology regression"
gate_support_ablation,CRL:fulfilment,CRL,W002,3,,"Loss of documented support, not a claim of technology regression"
gate_support_ablation,CRL:fulfilment,CRL,W003,3,,"Loss of documented support, not a claim of technology regression"
gate_support_ablation,CRL:fulfilment,CRL,W009,3,,"Loss of documented support, not a claim of technology regression"
gate_support_ablation,CRL:fulfilment,CRL,W013,3,,"Loss of documented support, not a claim of technology regression"
gate_support_ablation,CRL:fulfilment,CRL,W014,3,,"Loss of documented support, not a claim of technology regression"
gate_support_ablation,CRL:fulfilment,CRL,W016,3,,"Loss of documented support, not a claim of technology regression"
gate_support_ablation,CRL:parties,CRL,C0665-B01,3,,"Loss of documented support, not a claim of technology regression"
gate_support_ablation,CRL:parties,CRL,W001,3,,"Loss of documented support, not a claim of technology regression"
gate_support_ablation,CRL:parties,CRL,W002,3,,"Loss of documented support, not a claim of technology regression"
gate_support_ablation,CRL:parties,CRL,W003,3,,"Loss of documented support, not a claim of technology regression"
gate_support_ablation,CRL:parties,CRL,W009,3,,"Loss of documented support, not a claim of technology regression"
gate_support_ablation,CRL:parties,CRL,W013,3,,"Loss of documented support, not a claim of technology regression"
gate_support_ablation,CRL:parties,CRL,W014,3,,"Loss of documented support, not a claim of technology regression"
gate_support_ablation,CRL:parties,CRL,W016,3,,"Loss of documented support, not a claim of technology regression"
gate_support_ablation,CRL:period,CRL,C0665-B01,3,,"Loss of documented support, not a claim of technology regression"
gate_support_ablation,CRL:period,CRL,W001,3,,"Loss of documented support, not a claim of technology regression"
gate_support_ablation,CRL:period,CRL,W002,3,,"Loss of documented support, not a claim of technology regression"
gate_support_ablation,CRL:period,CRL,W003,3,,"Loss of documented support, not a claim of technology regression"
gate_support_ablation,CRL:period,CRL,W009,3,,"Loss of documented support, not a claim of technology regression"
gate_support_ablation,CRL:period,CRL,W013,3,,"Loss of documented support, not a claim of technology regression"
gate_support_ablation,CRL:period,CRL,W014,3,,"Loss of documented support, not a claim of technology regression"
gate_support_ablation,CRL:period,CRL,W016,3,,"Loss of documented support, not a claim of technology regression"
gate_support_ablation,CRL:trial,CRL,C0246-B01,2,,"Loss of documented support, not a claim of technology regression"
gate_support_ablation,CRL:trial,CRL,C0435-B01,2,,"Loss of documented support, not a claim of technology regression"
gate_support_ablation,CRL:trial,CRL,C0191-B02,2,,"Loss of documented support, not a claim of technology regression"
gate_support_ablation,CRL:trial,CRL,C0098-B02,2,,"Loss of documented support, not a claim of technology regression"
gate_support_ablation,CRL:trial,CRL,C0509-B01,2,,"Loss of documented support, not a claim of technology regression"
gate_support_ablation,CRL:trial,CRL,C0540-N01,2,,"Loss of documented support, not a claim of technology regression"
gate_support_ablation,CRL:trial,CRL,W004,2,,"Loss of documented support, not a claim of technology regression"
gate_support_ablation,CRL:trial,CRL,W005,2,,"Loss of documented support, not a claim of technology regression"
gate_support_ablation,CRL:trial,CRL,W006,2,,"Loss of documented support, not a claim of technology regression"
gate_support_ablation,CRL:trial,CRL,W007,2,,"Loss of documented support, not a claim of technology regression"
gate_support_ablation,CRL:trial,CRL,W008,2,,"Loss of documented support, not a claim of technology regression"
gate_support_ablation,CRL:trial,CRL,W010,2,,"Loss of documented support, not a claim of technology regression"
gate_support_ablation,CRL:trial,CRL,W012,2,,"Loss of documented support, not a claim of technology regression"
gate_support_ablation,CRL:trial,CRL,W017,2,,"Loss of documented support, not a claim of technology regression"
gate_support_ablation,CRL:trial,CRL,W018,2,,"Loss of documented support, not a claim of technology regression"
gate_support_ablation,CRL:users,CRL,C0246-B01,2,,"Loss of documented support, not a claim of technology regression"
gate_support_ablation,CRL:users,CRL,C0435-B01,2,,"Loss of documented support, not a claim of technology regression"
gate_support_ablation,CRL:users,CRL,C0191-B02,2,,"Loss of documented support, not a claim of technology regression"
gate_support_ablation,CRL:users,CRL,C0098-B02,2,,"Loss of documented support, not a claim of technology regression"
gate_support_ablation,CRL:users,CRL,C0509-B01,2,,"Loss of documented support, not a claim of technology regression"
gate_support_ablation,CRL:users,CRL,C0540-N01,2,,"Loss of documented support, not a claim of technology regression"
gate_support_ablation,CRL:users,CRL,W004,2,,"Loss of documented support, not a claim of technology regression"
gate_support_ablation,CRL:users,CRL,W005,2,,"Loss of documented support, not a claim of technology regression"
gate_support_ablation,CRL:users,CRL,W006,2,,"Loss of documented support, not a claim of technology regression"
gate_support_ablation,CRL:users,CRL,W007,2,,"Loss of documented support, not a claim of technology regression"
gate_support_ablation,CRL:users,CRL,W008,2,,"Loss of documented support, not a claim of technology regression"
gate_support_ablation,CRL:users,CRL,W010,2,,"Loss of documented support, not a claim of technology regression"
gate_support_ablation,CRL:users,CRL,W012,2,,"Loss of documented support, not a claim of technology regression"
gate_support_ablation,CRL:users,CRL,W017,2,,"Loss of documented support, not a claim of technology regression"
gate_support_ablation,CRL:users,CRL,W018,2,,"Loss of documented support, not a claim of technology regression"
gate_support_ablation,CRL:value,CRL,C0246-B01,2,,"Loss of documented support, not a claim of technology regression"
gate_support_ablation,CRL:value,CRL,C0435-B01,2,,"Loss of documented support, not a claim of technology regression"
gate_support_ablation,CRL:value,CRL,C0191-B02,2,,"Loss of documented support, not a claim of technology regression"
gate_support_ablation,CRL:value,CRL,C0098-B02,2,,"Loss of documented support, not a claim of technology regression"
gate_support_ablation,CRL:value,CRL,C0509-B01,2,,"Loss of documented support, not a claim of technology regression"
gate_support_ablation,CRL:value,CRL,C0540-N01,2,,"Loss of documented support, not a claim of technology regression"
gate_support_ablation,CRL:value,CRL,W004,2,,"Loss of documented support, not a claim of technology regression"
gate_support_ablation,CRL:value,CRL,W005,2,,"Loss of documented support, not a claim of technology regression"
gate_support_ablation,CRL:value,CRL,W006,2,,"Loss of documented support, not a claim of technology regression"
gate_support_ablation,CRL:value,CRL,W007,2,,"Loss of documented support, not a claim of technology regression"
gate_support_ablation,CRL:value,CRL,W008,2,,"Loss of documented support, not a claim of technology regression"
gate_support_ablation,CRL:value,CRL,W010,2,,"Loss of documented support, not a claim of technology regression"
gate_support_ablation,CRL:value,CRL,W012,2,,"Loss of documented support, not a claim of technology regression"
gate_support_ablation,CRL:value,CRL,W017,2,,"Loss of documented support, not a claim of technology regression"
gate_support_ablation,CRL:value,CRL,W018,2,,"Loss of documented support, not a claim of technology regression"
gate_support_ablation,TRL:application,TRL,C0124-B01,2,,"Loss of documented support, not a claim of technology regression"
gate_support_ablation,TRL:application,TRL,C0356-B01,2,,"Loss of documented support, not a claim of technology regression"
gate_support_ablation,TRL:application,TRL,C0665-B01,9,,"Loss of documented support, not a claim of technology regression"
gate_support_ablation,TRL:application,TRL,C0246-B02,2,,"Loss of documented support, not a claim of technology regression"
gate_support_ablation,TRL:application,TRL,C0356-B02,2,,"Loss of documented support, not a claim of technology regression"
gate_support_ablation,TRL:application,TRL,C0124-B02,2,,"Loss of documented support, not a claim of technology regression"
gate_support_ablation,TRL:application,TRL,C0685-N01,2,,"Loss of documented support, not a claim of technology regression"
gate_support_ablation,TRL:application,TRL,C0690-N01,2,,"Loss of documented support, not a claim of technology regression"
gate_support_ablation,TRL:application,TRL,C0708-N01,2,,"Loss of documented support, not a claim of technology regression"
gate_support_ablation,TRL:application,TRL,C0718-N01,2,,"Loss of documented support, not a claim of technology regression"
gate_support_ablation,TRL:application,TRL,W001,9,,"Loss of documented support, not a claim of technology regression"
gate_support_ablation,TRL:application,TRL,W002,9,,"Loss of documented support, not a claim of technology regression"
gate_support_ablation,TRL:application,TRL,W003,9,,"Loss of documented support, not a claim of technology regression"
gate_support_ablation,TRL:application,TRL,W004,9,,"Loss of documented support, not a claim of technology regression"
gate_support_ablation,TRL:application,TRL,W005,9,,"Loss of documented support, not a claim of technology regression"
gate_support_ablation,TRL:application,TRL,W006,9,,"Loss of documented support, not a claim of technology regression"
gate_support_ablation,TRL:application,TRL,W007,9,,"Loss of documented support, not a claim of technology regression"
gate_support_ablation,TRL:application,TRL,W008,9,,"Loss of documented support, not a claim of technology regression"
gate_support_ablation,TRL:application,TRL,W014,9,,"Loss of documented support, not a claim of technology regression"
gate_support_ablation,TRL:application,TRL,W015,9,,"Loss of documented support, not a claim of technology regression"
gate_support_ablation,TRL:application,TRL,W018,9,,"Loss of documented support, not a claim of technology regression"
gate_support_ablation,TRL:critical,TRL,C0009-B01,4,,"Loss of documented support, not a claim of technology regression"
gate_support_ablation,TRL:critical,TRL,C0493-B01,4,,"Loss of documented support, not a claim of technology regression"
gate_support_ablation,TRL:critical,TRL,C0060-B01,4,,"Loss of documented support, not a claim of technology regression"
gate_support_ablation,TRL:critical,TRL,C0067-B01,4,,"Loss of documented support, not a claim of technology regression"
gate_support_ablation,TRL:critical,TRL,C0091-B01,4,,"Loss of documented support, not a claim of technology regression"
gate_support_ablation,TRL:critical,TRL,C0098-B01,4,,"Loss of documented support, not a claim of technology regression"
gate_support_ablation,TRL:critical,TRL,C0122-B01,4,,"Loss of documented support, not a claim of technology regression"
gate_support_ablation,TRL:critical,TRL,C0155-B01,4,,"Loss of documented support, not a claim of technology regression"
gate_support_ablation,TRL:critical,TRL,C0593-B01,4,,"Loss of documented support, not a claim of technology regression"
gate_support_ablation,TRL:critical,TRL,C0210-B01,4,,"Loss of documented support, not a claim of technology regression"
gate_support_ablation,TRL:critical,TRL,C0216-B01,4,,"Loss of documented support, not a claim of technology regression"
gate_support_ablation,TRL:critical,TRL,C0221-B01,4,,"Loss of documented support, not a claim of technology regression"
gate_support_ablation,TRL:critical,TRL,C0251-B01,4,,"Loss of documented support, not a claim of technology regression"
gate_support_ablation,TRL:critical,TRL,C0254-B01,4,,"Loss of documented support, not a claim of technology regression"
gate_support_ablation,TRL:critical,TRL,C0518-B01,4,,"Loss of documented support, not a claim of technology regression"
gate_support_ablation,TRL:critical,TRL,C0278-B01,4,,"Loss of documented support, not a claim of technology regression"
gate_support_ablation,TRL:critical,TRL,C0294-B01,4,,"Loss of documented support, not a claim of technology regression"
gate_support_ablation,TRL:critical,TRL,C0684-B01,4,,"Loss of documented support, not a claim of technology regression"
gate_support_ablation,TRL:critical,TRL,C0435-B01,4,,"Loss of documented support, not a claim of technology regression"
gate_support_ablation,TRL:critical,TRL,C0443-B01,4,,"Loss of documented support, not a claim of technology regression"
gate_support_ablation,TRL:critical,TRL,C0487-N01,4,,"Loss of documented support, not a claim of technology regression"
gate_support_ablation,TRL:critical,TRL,C0490-N01,4,,"Loss of documented support, not a claim of technology regression"
gate_support_ablation,TRL:critical,TRL,C0491-N01,4,,"Loss of documented support, not a claim of technology regression"
gate_support_ablation,TRL:critical,TRL,C0492-N01,4,,"Loss of documented support, not a claim of technology regression"
gate_support_ablation,TRL:critical,TRL,C0494-N01,4,,"Loss of documented support, not a claim of technology regression"
gate_support_ablation,TRL:critical,TRL,C0495-N01,4,,"Loss of documented support, not a claim of technology regression"
gate_support_ablation,TRL:critical,TRL,C0497-N01,4,,"Loss of documented support, not a claim of technology regression"
gate_support_ablation,TRL:critical,TRL,C0499-N01,4,,"Loss of documented support, not a claim of technology regression"
gate_support_ablation,TRL:critical,TRL,C0500-N01,4,,"Loss of documented support, not a claim of technology regression"
gate_support_ablation,TRL:critical,TRL,C0501-N01,4,,"Loss of documented support, not a claim of technology regression"
gate_support_ablation,TRL:critical,TRL,C0502-N01,4,,"Loss of documented support, not a claim of technology regression"
gate_support_ablation,TRL:critical,TRL,C0504-N01,4,,"Loss of documented support, not a claim of technology regression"
gate_support_ablation,TRL:critical,TRL,C0507-N01,4,,"Loss of documented support, not a claim of technology regression"
gate_support_ablation,TRL:critical,TRL,C0510-N01,4,,"Loss of documented support, not a claim of technology regression"
gate_support_ablation,TRL:critical,TRL,C0512-N01,4,,"Loss of documented support, not a claim of technology regression"
gate_support_ablation,TRL:critical,TRL,C0513-N01,4,,"Loss of documented support, not a claim of technology regression"
gate_support_ablation,TRL:critical,TRL,C0514-N01,4,,"Loss of documented support, not a claim of technology regression"
gate_support_ablation,TRL:critical,TRL,C0515-N01,4,,"Loss of documented support, not a claim of technology regression"
gate_support_ablation,TRL:critical,TRL,C0517-N01,4,,"Loss of documented support, not a claim of technology regression"
gate_support_ablation,TRL:critical,TRL,C0519-N01,4,,"Loss of documented support, not a claim of technology regression"
gate_support_ablation,TRL:critical,TRL,C0521-N01,4,,"Loss of documented support, not a claim of technology regression"
gate_support_ablation,TRL:critical,TRL,C0525-N01,4,,"Loss of documented support, not a claim of technology regression"
gate_support_ablation,TRL:critical,TRL,C0529-N01,4,,"Loss of documented support, not a claim of technology regression"
gate_support_ablation,TRL:critical,TRL,C0531-N01,4,,"Loss of documented support, not a claim of technology regression"
gate_support_ablation,TRL:critical,TRL,C0532-N01,4,,"Loss of documented support, not a claim of technology regression"
gate_support_ablation,TRL:critical,TRL,C0533-N01,4,,"Loss of documented support, not a claim of technology regression"
gate_support_ablation,TRL:critical,TRL,C0535-N01,4,,"Loss of documented support, not a claim of technology regression"
gate_support_ablation,TRL:critical,TRL,C0543-N01,4,,"Loss of documented support, not a claim of technology regression"
gate_support_ablation,TRL:critical,TRL,C0546-N01,4,,"Loss of documented support, not a claim of technology regression"
gate_support_ablation,TRL:critical,TRL,C0549-N01,4,,"Loss of documented support, not a claim of technology regression"
gate_support_ablation,TRL:critical,TRL,C0552-N01,4,,"Loss of documented support, not a claim of technology regression"
gate_support_ablation,TRL:critical,TRL,C0556-N01,4,,"Loss of documented support, not a claim of technology regression"
gate_support_ablation,TRL:critical,TRL,C0559-N01,4,,"Loss of documented support, not a claim of technology regression"
gate_support_ablation,TRL:critical,TRL,C0562-N01,4,,"Loss of documented support, not a claim of technology regression"
gate_support_ablation,TRL:critical,TRL,C0565-N01,4,,"Loss of documented support, not a claim of technology regression"
gate_support_ablation,TRL:critical,TRL,C0576-N01,4,,"Loss of documented support, not a claim of technology regression"
gate_support_ablation,TRL:critical,TRL,C0579-N01,4,,"Loss of documented support, not a claim of technology regression"
gate_support_ablation,TRL:critical,TRL,C0582-N01,4,,"Loss of documented support, not a claim of technology regression"
gate_support_ablation,TRL:critical,TRL,C0585-N01,4,,"Loss of documented support, not a claim of technology regression"
gate_support_ablation,TRL:critical,TRL,C0591-N01,4,,"Loss of documented support, not a claim of technology regression"
gate_support_ablation,TRL:critical,TRL,C0597-N01,4,,"Loss of documented support, not a claim of technology regression"
gate_support_ablation,TRL:critical,TRL,C0600-N01,4,,"Loss of documented support, not a claim of technology regression"
gate_support_ablation,TRL:critical,TRL,C0603-N01,4,,"Loss of documented support, not a claim of technology regression"
gate_support_ablation,TRL:critical,TRL,C0606-N01,4,,"Loss of documented support, not a claim of technology regression"
gate_support_ablation,TRL:critical,TRL,C0609-N01,4,,"Loss of documented support, not a claim of technology regression"
gate_support_ablation,TRL:critical,TRL,C0616-N01,4,,"Loss of documented support, not a claim of technology regression"
gate_support_ablation,TRL:critical,TRL,C0627-N01,4,,"Loss of documented support, not a claim of technology regression"
gate_support_ablation,TRL:critical,TRL,C0632-N01,4,,"Loss of documented support, not a claim of technology regression"
gate_support_ablation,TRL:critical,TRL,C0637-N01,4,,"Loss of documented support, not a claim of technology regression"
gate_support_ablation,TRL:critical,TRL,C0644-N01,4,,"Loss of documented support, not a claim of technology regression"
gate_support_ablation,TRL:critical,TRL,C0650-N01,4,,"Loss of documented support, not a claim of technology regression"
gate_support_ablation,TRL:critical,TRL,C0661-N01,4,,"Loss of documented support, not a claim of technology regression"
gate_support_ablation,TRL:critical,TRL,C0667-N01,4,,"Loss of documented support, not a claim of technology regression"
gate_support_ablation,TRL:critical,TRL,C0673-N01,4,,"Loss of documented support, not a claim of technology regression"
gate_support_ablation,TRL:critical,TRL,C0679-N01,4,,"Loss of documented support, not a claim of technology regression"
gate_support_ablation,TRL:critical,TRL,C0657-N01,4,,"Loss of documented support, not a claim of technology regression"
gate_support_ablation,TRL:critical,TRL,C0660-N01,4,,"Loss of documented support, not a claim of technology regression"
gate_support_ablation,TRL:critical,TRL,C0697-N01,4,,"Loss of documented support, not a claim of technology regression"
gate_support_ablation,TRL:critical,TRL,C0703-N01,4,,"Loss of documented support, not a claim of technology regression"
gate_support_ablation,TRL:critical,TRL,C0713-N01,4,,"Loss of documented support, not a claim of technology regression"
gate_support_ablation,TRL:critical,TRL,C0725-N01,4,,"Loss of documented support, not a claim of technology regression"
gate_support_ablation,TRL:critical,TRL,C0737-N01,4,,"Loss of documented support, not a claim of technology regression"
gate_support_ablation,TRL:critical,TRL,C0742-N01,4,,"Loss of documented support, not a claim of technology regression"
gate_support_ablation,TRL:critical,TRL,C0747-N01,4,,"Loss of documented support, not a claim of technology regression"
gate_support_ablation,TRL:environment,TRL,C0191-B01,6,,"Loss of documented support, not a claim of technology regression"
gate_support_ablation,TRL:environment,TRL,C0540-N01,6,,"Loss of documented support, not a claim of technology regression"
gate_support_ablation,TRL:integration,TRL,C0191-B01,6,,"Loss of documented support, not a claim of technology regression"
gate_support_ablation,TRL:integration,TRL,C0540-N01,6,,"Loss of documented support, not a claim of technology regression"
gate_support_ablation,TRL:laboratory,TRL,C0009-B01,4,,"Loss of documented support, not a claim of technology regression"
gate_support_ablation,TRL:laboratory,TRL,C0493-B01,4,,"Loss of documented support, not a claim of technology regression"
gate_support_ablation,TRL:laboratory,TRL,C0060-B01,4,,"Loss of documented support, not a claim of technology regression"
gate_support_ablation,TRL:laboratory,TRL,C0067-B01,4,,"Loss of documented support, not a claim of technology regression"
gate_support_ablation,TRL:laboratory,TRL,C0091-B01,4,,"Loss of documented support, not a claim of technology regression"
gate_support_ablation,TRL:laboratory,TRL,C0098-B01,4,,"Loss of documented support, not a claim of technology regression"
gate_support_ablation,TRL:laboratory,TRL,C0122-B01,4,,"Loss of documented support, not a claim of technology regression"
gate_support_ablation,TRL:laboratory,TRL,C0155-B01,4,,"Loss of documented support, not a claim of technology regression"
gate_support_ablation,TRL:laboratory,TRL,C0593-B01,4,,"Loss of documented support, not a claim of technology regression"
gate_support_ablation,TRL:laboratory,TRL,C0210-B01,4,,"Loss of documented support, not a claim of technology regression"
gate_support_ablation,TRL:laboratory,TRL,C0216-B01,4,,"Loss of documented support, not a claim of technology regression"
gate_support_ablation,TRL:laboratory,TRL,C0221-B01,4,,"Loss of documented support, not a claim of technology regression"
gate_support_ablation,TRL:laboratory,TRL,C0251-B01,4,,"Loss of documented support, not a claim of technology regression"
gate_support_ablation,TRL:laboratory,TRL,C0254-B01,4,,"Loss of documented support, not a claim of technology regression"
gate_support_ablation,TRL:laboratory,TRL,C0518-B01,4,,"Loss of documented support, not a claim of technology regression"
gate_support_ablation,TRL:laboratory,TRL,C0278-B01,4,,"Loss of documented support, not a claim of technology regression"
gate_support_ablation,TRL:laboratory,TRL,C0294-B01,4,,"Loss of documented support, not a claim of technology regression"
gate_support_ablation,TRL:laboratory,TRL,C0684-B01,4,,"Loss of documented support, not a claim of technology regression"
gate_support_ablation,TRL:laboratory,TRL,C0435-B01,4,,"Loss of documented support, not a claim of technology regression"
gate_support_ablation,TRL:laboratory,TRL,C0443-B01,4,,"Loss of documented support, not a claim of technology regression"
gate_support_ablation,TRL:laboratory,TRL,C0487-N01,4,,"Loss of documented support, not a claim of technology regression"
gate_support_ablation,TRL:laboratory,TRL,C0490-N01,4,,"Loss of documented support, not a claim of technology regression"
gate_support_ablation,TRL:laboratory,TRL,C0491-N01,4,,"Loss of documented support, not a claim of technology regression"
gate_support_ablation,TRL:laboratory,TRL,C0492-N01,4,,"Loss of documented support, not a claim of technology regression"
gate_support_ablation,TRL:laboratory,TRL,C0494-N01,4,,"Loss of documented support, not a claim of technology regression"
gate_support_ablation,TRL:laboratory,TRL,C0495-N01,4,,"Loss of documented support, not a claim of technology regression"
gate_support_ablation,TRL:laboratory,TRL,C0497-N01,4,,"Loss of documented support, not a claim of technology regression"
gate_support_ablation,TRL:laboratory,TRL,C0499-N01,4,,"Loss of documented support, not a claim of technology regression"
gate_support_ablation,TRL:laboratory,TRL,C0500-N01,4,,"Loss of documented support, not a claim of technology regression"
gate_support_ablation,TRL:laboratory,TRL,C0501-N01,4,,"Loss of documented support, not a claim of technology regression"
gate_support_ablation,TRL:laboratory,TRL,C0502-N01,4,,"Loss of documented support, not a claim of technology regression"
gate_support_ablation,TRL:laboratory,TRL,C0504-N01,4,,"Loss of documented support, not a claim of technology regression"
gate_support_ablation,TRL:laboratory,TRL,C0507-N01,4,,"Loss of documented support, not a claim of technology regression"
gate_support_ablation,TRL:laboratory,TRL,C0510-N01,4,,"Loss of documented support, not a claim of technology regression"
gate_support_ablation,TRL:laboratory,TRL,C0512-N01,4,,"Loss of documented support, not a claim of technology regression"
gate_support_ablation,TRL:laboratory,TRL,C0513-N01,4,,"Loss of documented support, not a claim of technology regression"
gate_support_ablation,TRL:laboratory,TRL,C0514-N01,4,,"Loss of documented support, not a claim of technology regression"
gate_support_ablation,TRL:laboratory,TRL,C0515-N01,4,,"Loss of documented support, not a claim of technology regression"
gate_support_ablation,TRL:laboratory,TRL,C0517-N01,4,,"Loss of documented support, not a claim of technology regression"
gate_support_ablation,TRL:laboratory,TRL,C0519-N01,4,,"Loss of documented support, not a claim of technology regression"
gate_support_ablation,TRL:laboratory,TRL,C0521-N01,4,,"Loss of documented support, not a claim of technology regression"
gate_support_ablation,TRL:laboratory,TRL,C0525-N01,4,,"Loss of documented support, not a claim of technology regression"
gate_support_ablation,TRL:laboratory,TRL,C0529-N01,4,,"Loss of documented support, not a claim of technology regression"
gate_support_ablation,TRL:laboratory,TRL,C0531-N01,4,,"Loss of documented support, not a claim of technology regression"
gate_support_ablation,TRL:laboratory,TRL,C0532-N01,4,,"Loss of documented support, not a claim of technology regression"
gate_support_ablation,TRL:laboratory,TRL,C0533-N01,4,,"Loss of documented support, not a claim of technology regression"
gate_support_ablation,TRL:laboratory,TRL,C0535-N01,4,,"Loss of documented support, not a claim of technology regression"
gate_support_ablation,TRL:laboratory,TRL,C0543-N01,4,,"Loss of documented support, not a claim of technology regression"
gate_support_ablation,TRL:laboratory,TRL,C0546-N01,4,,"Loss of documented support, not a claim of technology regression"
gate_support_ablation,TRL:laboratory,TRL,C0549-N01,4,,"Loss of documented support, not a claim of technology regression"
gate_support_ablation,TRL:laboratory,TRL,C0552-N01,4,,"Loss of documented support, not a claim of technology regression"
gate_support_ablation,TRL:laboratory,TRL,C0556-N01,4,,"Loss of documented support, not a claim of technology regression"
gate_support_ablation,TRL:laboratory,TRL,C0559-N01,4,,"Loss of documented support, not a claim of technology regression"
gate_support_ablation,TRL:laboratory,TRL,C0562-N01,4,,"Loss of documented support, not a claim of technology regression"
gate_support_ablation,TRL:laboratory,TRL,C0565-N01,4,,"Loss of documented support, not a claim of technology regression"
gate_support_ablation,TRL:laboratory,TRL,C0576-N01,4,,"Loss of documented support, not a claim of technology regression"
gate_support_ablation,TRL:laboratory,TRL,C0579-N01,4,,"Loss of documented support, not a claim of technology regression"
gate_support_ablation,TRL:laboratory,TRL,C0582-N01,4,,"Loss of documented support, not a claim of technology regression"
gate_support_ablation,TRL:laboratory,TRL,C0585-N01,4,,"Loss of documented support, not a claim of technology regression"
gate_support_ablation,TRL:laboratory,TRL,C0591-N01,4,,"Loss of documented support, not a claim of technology regression"
gate_support_ablation,TRL:laboratory,TRL,C0597-N01,4,,"Loss of documented support, not a claim of technology regression"
gate_support_ablation,TRL:laboratory,TRL,C0600-N01,4,,"Loss of documented support, not a claim of technology regression"
gate_support_ablation,TRL:laboratory,TRL,C0603-N01,4,,"Loss of documented support, not a claim of technology regression"
gate_support_ablation,TRL:laboratory,TRL,C0606-N01,4,,"Loss of documented support, not a claim of technology regression"
gate_support_ablation,TRL:laboratory,TRL,C0609-N01,4,,"Loss of documented support, not a claim of technology regression"
gate_support_ablation,TRL:laboratory,TRL,C0616-N01,4,,"Loss of documented support, not a claim of technology regression"
gate_support_ablation,TRL:laboratory,TRL,C0627-N01,4,,"Loss of documented support, not a claim of technology regression"
gate_support_ablation,TRL:laboratory,TRL,C0632-N01,4,,"Loss of documented support, not a claim of technology regression"
gate_support_ablation,TRL:laboratory,TRL,C0637-N01,4,,"Loss of documented support, not a claim of technology regression"
gate_support_ablation,TRL:laboratory,TRL,C0644-N01,4,,"Loss of documented support, not a claim of technology regression"
gate_support_ablation,TRL:laboratory,TRL,C0650-N01,4,,"Loss of documented support, not a claim of technology regression"
gate_support_ablation,TRL:laboratory,TRL,C0661-N01,4,,"Loss of documented support, not a claim of technology regression"
gate_support_ablation,TRL:laboratory,TRL,C0667-N01,4,,"Loss of documented support, not a claim of technology regression"
gate_support_ablation,TRL:laboratory,TRL,C0673-N01,4,,"Loss of documented support, not a claim of technology regression"
gate_support_ablation,TRL:laboratory,TRL,C0679-N01,4,,"Loss of documented support, not a claim of technology regression"
gate_support_ablation,TRL:laboratory,TRL,C0657-N01,4,,"Loss of documented support, not a claim of technology regression"
gate_support_ablation,TRL:laboratory,TRL,C0660-N01,4,,"Loss of documented support, not a claim of technology regression"
gate_support_ablation,TRL:laboratory,TRL,C0697-N01,4,,"Loss of documented support, not a claim of technology regression"
gate_support_ablation,TRL:laboratory,TRL,C0703-N01,4,,"Loss of documented support, not a claim of technology regression"
gate_support_ablation,TRL:laboratory,TRL,C0713-N01,4,,"Loss of documented support, not a claim of technology regression"
gate_support_ablation,TRL:laboratory,TRL,C0725-N01,4,,"Loss of documented support, not a claim of technology regression"
gate_support_ablation,TRL:laboratory,TRL,C0737-N01,4,,"Loss of documented support, not a claim of technology regression"
gate_support_ablation,TRL:laboratory,TRL,C0742-N01,4,,"Loss of documented support, not a claim of technology regression"
gate_support_ablation,TRL:laboratory,TRL,C0747-N01,4,,"Loss of documented support, not a claim of technology regression"
gate_support_ablation,TRL:principle,TRL,C0520-N01,1,,"Loss of documented support, not a claim of technology regression"
gate_support_ablation,TRL:product,TRL,C0665-B01,9,,"Loss of documented support, not a claim of technology regression"
gate_support_ablation,TRL:product,TRL,W001,9,,"Loss of documented support, not a claim of technology regression"
gate_support_ablation,TRL:product,TRL,W002,9,,"Loss of documented support, not a claim of technology regression"
gate_support_ablation,TRL:product,TRL,W003,9,,"Loss of documented support, not a claim of technology regression"
gate_support_ablation,TRL:product,TRL,W004,9,,"Loss of documented support, not a claim of technology regression"
gate_support_ablation,TRL:product,TRL,W005,9,,"Loss of documented support, not a claim of technology regression"
gate_support_ablation,TRL:product,TRL,W006,9,,"Loss of documented support, not a claim of technology regression"
gate_support_ablation,TRL:product,TRL,W007,9,,"Loss of documented support, not a claim of technology regression"
gate_support_ablation,TRL:product,TRL,W008,9,,"Loss of documented support, not a claim of technology regression"
gate_support_ablation,TRL:product,TRL,W014,9,,"Loss of documented support, not a claim of technology regression"
gate_support_ablation,TRL:product,TRL,W015,9,,"Loss of documented support, not a claim of technology regression"
gate_support_ablation,TRL:product,TRL,W018,9,,"Loss of documented support, not a claim of technology regression"
gate_support_ablation,TRL:prototype,TRL,C0191-B01,6,,"Loss of documented support, not a claim of technology regression"
gate_support_ablation,TRL:prototype,TRL,C0540-N01,6,,"Loss of documented support, not a claim of technology regression"
gate_support_ablation,TRL:qualification,TRL,C0191-B01,6,,"Loss of documented support, not a claim of technology regression"
gate_support_ablation,TRL:qualification,TRL,C0540-N01,6,,"Loss of documented support, not a claim of technology regression"
gate_support_ablation,TRL:scale,TRL,C0665-B01,9,,"Loss of documented support, not a claim of technology regression"
gate_support_ablation,TRL:scale,TRL,W001,9,,"Loss of documented support, not a claim of technology regression"
gate_support_ablation,TRL:scale,TRL,W002,9,,"Loss of documented support, not a claim of technology regression"
gate_support_ablation,TRL:scale,TRL,W003,9,,"Loss of documented support, not a claim of technology regression"
gate_support_ablation,TRL:scale,TRL,W004,9,,"Loss of documented support, not a claim of technology regression"
gate_support_ablation,TRL:scale,TRL,W005,9,,"Loss of documented support, not a claim of technology regression"
gate_support_ablation,TRL:scale,TRL,W006,9,,"Loss of documented support, not a claim of technology regression"
gate_support_ablation,TRL:scale,TRL,W007,9,,"Loss of documented support, not a claim of technology regression"
gate_support_ablation,TRL:scale,TRL,W008,9,,"Loss of documented support, not a claim of technology regression"
gate_support_ablation,TRL:scale,TRL,W014,9,,"Loss of documented support, not a claim of technology regression"
gate_support_ablation,TRL:scale,TRL,W015,9,,"Loss of documented support, not a claim of technology regression"
gate_support_ablation,TRL:scale,TRL,W018,9,,"Loss of documented support, not a claim of technology regression"
gate_support_ablation,TRL:typical,TRL,C0665-B01,9,,"Loss of documented support, not a claim of technology regression"
gate_support_ablation,TRL:typical,TRL,W001,9,,"Loss of documented support, not a claim of technology regression"
gate_support_ablation,TRL:typical,TRL,W002,9,,"Loss of documented support, not a claim of technology regression"
gate_support_ablation,TRL:typical,TRL,W003,9,,"Loss of documented support, not a claim of technology regression"
gate_support_ablation,TRL:typical,TRL,W004,9,,"Loss of documented support, not a claim of technology regression"
gate_support_ablation,TRL:typical,TRL,W005,9,,"Loss of documented support, not a claim of technology regression"
gate_support_ablation,TRL:typical,TRL,W006,9,,"Loss of documented support, not a claim of technology regression"
gate_support_ablation,TRL:typical,TRL,W007,9,,"Loss of documented support, not a claim of technology regression"
gate_support_ablation,TRL:typical,TRL,W008,9,,"Loss of documented support, not a claim of technology regression"
gate_support_ablation,TRL:typical,TRL,W014,9,,"Loss of documented support, not a claim of technology regression"
gate_support_ablation,TRL:typical,TRL,W015,9,,"Loss of documented support, not a claim of technology regression"
gate_support_ablation,TRL:typical,TRL,W018,9,,"Loss of documented support, not a claim of technology regression"
gate_support_ablation,TRL:validation,TRL,C0009-B01,4,,"Loss of documented support, not a claim of technology regression"
gate_support_ablation,TRL:validation,TRL,C0493-B01,4,,"Loss of documented support, not a claim of technology regression"
gate_support_ablation,TRL:validation,TRL,C0060-B01,4,,"Loss of documented support, not a claim of technology regression"
gate_support_ablation,TRL:validation,TRL,C0067-B01,4,,"Loss of documented support, not a claim of technology regression"
gate_support_ablation,TRL:validation,TRL,C0091-B01,4,,"Loss of documented support, not a claim of technology regression"
gate_support_ablation,TRL:validation,TRL,C0098-B01,4,,"Loss of documented support, not a claim of technology regression"
gate_support_ablation,TRL:validation,TRL,C0122-B01,4,,"Loss of documented support, not a claim of technology regression"
gate_support_ablation,TRL:validation,TRL,C0155-B01,4,,"Loss of documented support, not a claim of technology regression"
gate_support_ablation,TRL:validation,TRL,C0593-B01,4,,"Loss of documented support, not a claim of technology regression"
gate_support_ablation,TRL:validation,TRL,C0210-B01,4,,"Loss of documented support, not a claim of technology regression"
gate_support_ablation,TRL:validation,TRL,C0216-B01,4,,"Loss of documented support, not a claim of technology regression"
gate_support_ablation,TRL:validation,TRL,C0221-B01,4,,"Loss of documented support, not a claim of technology regression"
gate_support_ablation,TRL:validation,TRL,C0251-B01,4,,"Loss of documented support, not a claim of technology regression"
gate_support_ablation,TRL:validation,TRL,C0254-B01,4,,"Loss of documented support, not a claim of technology regression"
gate_support_ablation,TRL:validation,TRL,C0518-B01,4,,"Loss of documented support, not a claim of technology regression"
gate_support_ablation,TRL:validation,TRL,C0278-B01,4,,"Loss of documented support, not a claim of technology regression"
gate_support_ablation,TRL:validation,TRL,C0294-B01,4,,"Loss of documented support, not a claim of technology regression"
gate_support_ablation,TRL:validation,TRL,C0684-B01,4,,"Loss of documented support, not a claim of technology regression"
gate_support_ablation,TRL:validation,TRL,C0435-B01,4,,"Loss of documented support, not a claim of technology regression"
gate_support_ablation,TRL:validation,TRL,C0443-B01,4,,"Loss of documented support, not a claim of technology regression"
gate_support_ablation,TRL:validation,TRL,C0487-N01,4,,"Loss of documented support, not a claim of technology regression"
gate_support_ablation,TRL:validation,TRL,C0490-N01,4,,"Loss of documented support, not a claim of technology regression"
gate_support_ablation,TRL:validation,TRL,C0491-N01,4,,"Loss of documented support, not a claim of technology regression"
gate_support_ablation,TRL:validation,TRL,C0492-N01,4,,"Loss of documented support, not a claim of technology regression"
gate_support_ablation,TRL:validation,TRL,C0494-N01,4,,"Loss of documented support, not a claim of technology regression"
gate_support_ablation,TRL:validation,TRL,C0495-N01,4,,"Loss of documented support, not a claim of technology regression"
gate_support_ablation,TRL:validation,TRL,C0497-N01,4,,"Loss of documented support, not a claim of technology regression"
gate_support_ablation,TRL:validation,TRL,C0499-N01,4,,"Loss of documented support, not a claim of technology regression"
gate_support_ablation,TRL:validation,TRL,C0500-N01,4,,"Loss of documented support, not a claim of technology regression"
gate_support_ablation,TRL:validation,TRL,C0501-N01,4,,"Loss of documented support, not a claim of technology regression"
gate_support_ablation,TRL:validation,TRL,C0502-N01,4,,"Loss of documented support, not a claim of technology regression"
gate_support_ablation,TRL:validation,TRL,C0504-N01,4,,"Loss of documented support, not a claim of technology regression"
gate_support_ablation,TRL:validation,TRL,C0507-N01,4,,"Loss of documented support, not a claim of technology regression"
gate_support_ablation,TRL:validation,TRL,C0510-N01,4,,"Loss of documented support, not a claim of technology regression"
gate_support_ablation,TRL:validation,TRL,C0512-N01,4,,"Loss of documented support, not a claim of technology regression"
gate_support_ablation,TRL:validation,TRL,C0513-N01,4,,"Loss of documented support, not a claim of technology regression"
gate_support_ablation,TRL:validation,TRL,C0514-N01,4,,"Loss of documented support, not a claim of technology regression"
gate_support_ablation,TRL:validation,TRL,C0515-N01,4,,"Loss of documented support, not a claim of technology regression"
gate_support_ablation,TRL:validation,TRL,C0517-N01,4,,"Loss of documented support, not a claim of technology regression"
gate_support_ablation,TRL:validation,TRL,C0519-N01,4,,"Loss of documented support, not a claim of technology regression"
gate_support_ablation,TRL:validation,TRL,C0521-N01,4,,"Loss of documented support, not a claim of technology regression"
gate_support_ablation,TRL:validation,TRL,C0525-N01,4,,"Loss of documented support, not a claim of technology regression"
gate_support_ablation,TRL:validation,TRL,C0529-N01,4,,"Loss of documented support, not a claim of technology regression"
gate_support_ablation,TRL:validation,TRL,C0531-N01,4,,"Loss of documented support, not a claim of technology regression"
gate_support_ablation,TRL:validation,TRL,C0532-N01,4,,"Loss of documented support, not a claim of technology regression"
gate_support_ablation,TRL:validation,TRL,C0533-N01,4,,"Loss of documented support, not a claim of technology regression"
gate_support_ablation,TRL:validation,TRL,C0535-N01,4,,"Loss of documented support, not a claim of technology regression"
gate_support_ablation,TRL:validation,TRL,C0543-N01,4,,"Loss of documented support, not a claim of technology regression"
gate_support_ablation,TRL:validation,TRL,C0546-N01,4,,"Loss of documented support, not a claim of technology regression"
gate_support_ablation,TRL:validation,TRL,C0549-N01,4,,"Loss of documented support, not a claim of technology regression"
gate_support_ablation,TRL:validation,TRL,C0552-N01,4,,"Loss of documented support, not a claim of technology regression"
gate_support_ablation,TRL:validation,TRL,C0556-N01,4,,"Loss of documented support, not a claim of technology regression"
gate_support_ablation,TRL:validation,TRL,C0559-N01,4,,"Loss of documented support, not a claim of technology regression"
gate_support_ablation,TRL:validation,TRL,C0562-N01,4,,"Loss of documented support, not a claim of technology regression"
gate_support_ablation,TRL:validation,TRL,C0565-N01,4,,"Loss of documented support, not a claim of technology regression"
gate_support_ablation,TRL:validation,TRL,C0576-N01,4,,"Loss of documented support, not a claim of technology regression"
gate_support_ablation,TRL:validation,TRL,C0579-N01,4,,"Loss of documented support, not a claim of technology regression"
gate_support_ablation,TRL:validation,TRL,C0582-N01,4,,"Loss of documented support, not a claim of technology regression"
gate_support_ablation,TRL:validation,TRL,C0585-N01,4,,"Loss of documented support, not a claim of technology regression"
gate_support_ablation,TRL:validation,TRL,C0591-N01,4,,"Loss of documented support, not a claim of technology regression"
gate_support_ablation,TRL:validation,TRL,C0597-N01,4,,"Loss of documented support, not a claim of technology regression"
gate_support_ablation,TRL:validation,TRL,C0600-N01,4,,"Loss of documented support, not a claim of technology regression"
gate_support_ablation,TRL:validation,TRL,C0603-N01,4,,"Loss of documented support, not a claim of technology regression"
gate_support_ablation,TRL:validation,TRL,C0606-N01,4,,"Loss of documented support, not a claim of technology regression"
gate_support_ablation,TRL:validation,TRL,C0609-N01,4,,"Loss of documented support, not a claim of technology regression"
gate_support_ablation,TRL:validation,TRL,C0616-N01,4,,"Loss of documented support, not a claim of technology regression"
gate_support_ablation,TRL:validation,TRL,C0627-N01,4,,"Loss of documented support, not a claim of technology regression"
gate_support_ablation,TRL:validation,TRL,C0632-N01,4,,"Loss of documented support, not a claim of technology regression"
gate_support_ablation,TRL:validation,TRL,C0637-N01,4,,"Loss of documented support, not a claim of technology regression"
gate_support_ablation,TRL:validation,TRL,C0644-N01,4,,"Loss of documented support, not a claim of technology regression"
gate_support_ablation,TRL:validation,TRL,C0650-N01,4,,"Loss of documented support, not a claim of technology regression"
gate_support_ablation,TRL:validation,TRL,C0661-N01,4,,"Loss of documented support, not a claim of technology regression"
gate_support_ablation,TRL:validation,TRL,C0667-N01,4,,"Loss of documented support, not a claim of technology regression"
gate_support_ablation,TRL:validation,TRL,C0673-N01,4,,"Loss of documented support, not a claim of technology regression"
gate_support_ablation,TRL:validation,TRL,C0679-N01,4,,"Loss of documented support, not a claim of technology regression"
gate_support_ablation,TRL:validation,TRL,C0657-N01,4,,"Loss of documented support, not a claim of technology regression"
gate_support_ablation,TRL:validation,TRL,C0660-N01,4,,"Loss of documented support, not a claim of technology regression"
gate_support_ablation,TRL:validation,TRL,C0697-N01,4,,"Loss of documented support, not a claim of technology regression"
gate_support_ablation,TRL:validation,TRL,C0703-N01,4,,"Loss of documented support, not a claim of technology regression"
gate_support_ablation,TRL:validation,TRL,C0713-N01,4,,"Loss of documented support, not a claim of technology regression"
gate_support_ablation,TRL:validation,TRL,C0725-N01,4,,"Loss of documented support, not a claim of technology regression"
gate_support_ablation,TRL:validation,TRL,C0737-N01,4,,"Loss of documented support, not a claim of technology regression"
gate_support_ablation,TRL:validation,TRL,C0742-N01,4,,"Loss of documented support, not a claim of technology regression"
gate_support_ablation,TRL:validation,TRL,C0747-N01,4,,"Loss of documented support, not a claim of technology regression"
availability_cutoff,2025-12-31,TRL,C0009-B01,4,,"Loss of documented support, not a claim of technology regression"
availability_cutoff,2025-12-31,TRL,C0493-B01,4,,"Loss of documented support, not a claim of technology regression"
availability_cutoff,2025-12-31,TRL,C0060-B01,4,,"Loss of documented support, not a claim of technology regression"
availability_cutoff,2025-12-31,TRL,C0067-B01,4,,"Loss of documented support, not a claim of technology regression"
availability_cutoff,2025-12-31,TRL,C0091-B01,4,,"Loss of documented support, not a claim of technology regression"
availability_cutoff,2025-12-31,TRL,C0098-B01,4,,"Loss of documented support, not a claim of technology regression"
availability_cutoff,2025-12-31,TRL,C0122-B01,4,,"Loss of documented support, not a claim of technology regression"
availability_cutoff,2025-12-31,TRL,C0124-B01,2,,"Loss of documented support, not a claim of technology regression"
availability_cutoff,2025-12-31,TRL,C0155-B01,4,,"Loss of documented support, not a claim of technology regression"
availability_cutoff,2025-12-31,TRL,C0593-B01,4,,"Loss of documented support, not a claim of technology regression"
availability_cutoff,2025-12-31,TRL,C0191-B01,6,,"Loss of documented support, not a claim of technology regression"
availability_cutoff,2025-12-31,TRL,C0210-B01,4,,"Loss of documented support, not a claim of technology regression"
availability_cutoff,2025-12-31,TRL,C0216-B01,4,,"Loss of documented support, not a claim of technology regression"
availability_cutoff,2025-12-31,TRL,C0221-B01,4,,"Loss of documented support, not a claim of technology regression"
availability_cutoff,2025-12-31,TRL,C0251-B01,4,,"Loss of documented support, not a claim of technology regression"
availability_cutoff,2025-12-31,TRL,C0254-B01,4,,"Loss of documented support, not a claim of technology regression"
availability_cutoff,2025-12-31,TRL,C0518-B01,4,,"Loss of documented support, not a claim of technology regression"
availability_cutoff,2025-12-31,TRL,C0278-B01,4,,"Loss of documented support, not a claim of technology regression"
availability_cutoff,2025-12-31,TRL,C0294-B01,4,,"Loss of documented support, not a claim of technology regression"
availability_cutoff,2025-12-31,TRL,C0684-B01,4,,"Loss of documented support, not a claim of technology regression"
availability_cutoff,2025-12-31,TRL,C0356-B01,2,,"Loss of documented support, not a claim of technology regression"
availability_cutoff,2025-12-31,TRL,C0435-B01,4,,"Loss of documented support, not a claim of technology regression"
availability_cutoff,2025-12-31,TRL,C0443-B01,4,,"Loss of documented support, not a claim of technology regression"
availability_cutoff,2025-12-31,TRL,C0665-B01,9,,"Loss of documented support, not a claim of technology regression"
availability_cutoff,2025-12-31,TRL,C0246-B02,2,,"Loss of documented support, not a claim of technology regression"
availability_cutoff,2025-12-31,TRL,C0356-B02,2,,"Loss of documented support, not a claim of technology regression"
availability_cutoff,2025-12-31,TRL,C0124-B02,2,,"Loss of documented support, not a claim of technology regression"
availability_cutoff,2025-12-31,TRL,C0487-N01,4,,"Loss of documented support, not a claim of technology regression"
availability_cutoff,2025-12-31,TRL,C0490-N01,4,,"Loss of documented support, not a claim of technology regression"
availability_cutoff,2025-12-31,TRL,C0491-N01,4,,"Loss of documented support, not a claim of technology regression"
availability_cutoff,2025-12-31,TRL,C0492-N01,4,,"Loss of documented support, not a claim of technology regression"
availability_cutoff,2025-12-31,TRL,C0494-N01,4,,"Loss of documented support, not a claim of technology regression"
availability_cutoff,2025-12-31,TRL,C0495-N01,4,,"Loss of documented support, not a claim of technology regression"
availability_cutoff,2025-12-31,TRL,C0497-N01,4,,"Loss of documented support, not a claim of technology regression"
availability_cutoff,2025-12-31,TRL,C0499-N01,4,,"Loss of documented support, not a claim of technology regression"
availability_cutoff,2025-12-31,TRL,C0500-N01,4,,"Loss of documented support, not a claim of technology regression"
availability_cutoff,2025-12-31,TRL,C0501-N01,4,,"Loss of documented support, not a claim of technology regression"
availability_cutoff,2025-12-31,TRL,C0502-N01,4,,"Loss of documented support, not a claim of technology regression"
availability_cutoff,2025-12-31,TRL,C0504-N01,4,,"Loss of documented support, not a claim of technology regression"
availability_cutoff,2025-12-31,TRL,C0507-N01,4,,"Loss of documented support, not a claim of technology regression"
availability_cutoff,2025-12-31,TRL,C0510-N01,4,,"Loss of documented support, not a claim of technology regression"
availability_cutoff,2025-12-31,TRL,C0512-N01,4,,"Loss of documented support, not a claim of technology regression"
availability_cutoff,2025-12-31,TRL,C0513-N01,4,,"Loss of documented support, not a claim of technology regression"
availability_cutoff,2025-12-31,TRL,C0514-N01,4,,"Loss of documented support, not a claim of technology regression"
availability_cutoff,2025-12-31,TRL,C0515-N01,4,,"Loss of documented support, not a claim of technology regression"
availability_cutoff,2025-12-31,TRL,C0517-N01,4,,"Loss of documented support, not a claim of technology regression"
availability_cutoff,2025-12-31,TRL,C0519-N01,4,,"Loss of documented support, not a claim of technology regression"
availability_cutoff,2025-12-31,TRL,C0520-N01,1,,"Loss of documented support, not a claim of technology regression"
availability_cutoff,2025-12-31,TRL,C0521-N01,4,,"Loss of documented support, not a claim of technology regression"
availability_cutoff,2025-12-31,TRL,C0525-N01,4,,"Loss of documented support, not a claim of technology regression"
availability_cutoff,2025-12-31,TRL,C0529-N01,4,,"Loss of documented support, not a claim of technology regression"
availability_cutoff,2025-12-31,TRL,C0531-N01,4,,"Loss of documented support, not a claim of technology regression"
availability_cutoff,2025-12-31,TRL,C0532-N01,4,,"Loss of documented support, not a claim of technology regression"
availability_cutoff,2025-12-31,TRL,C0533-N01,4,,"Loss of documented support, not a claim of technology regression"
availability_cutoff,2025-12-31,TRL,C0535-N01,4,,"Loss of documented support, not a claim of technology regression"
availability_cutoff,2025-12-31,TRL,C0540-N01,6,,"Loss of documented support, not a claim of technology regression"
availability_cutoff,2025-12-31,TRL,C0543-N01,4,,"Loss of documented support, not a claim of technology regression"
availability_cutoff,2025-12-31,TRL,C0546-N01,4,,"Loss of documented support, not a claim of technology regression"
availability_cutoff,2025-12-31,TRL,C0549-N01,4,,"Loss of documented support, not a claim of technology regression"
availability_cutoff,2025-12-31,TRL,C0552-N01,4,,"Loss of documented support, not a claim of technology regression"
availability_cutoff,2025-12-31,TRL,C0556-N01,4,,"Loss of documented support, not a claim of technology regression"
availability_cutoff,2025-12-31,TRL,C0559-N01,4,,"Loss of documented support, not a claim of technology regression"
availability_cutoff,2025-12-31,TRL,C0562-N01,4,,"Loss of documented support, not a claim of technology regression"
availability_cutoff,2025-12-31,TRL,C0565-N01,4,,"Loss of documented support, not a claim of technology regression"
availability_cutoff,2025-12-31,TRL,C0576-N01,4,,"Loss of documented support, not a claim of technology regression"
availability_cutoff,2025-12-31,TRL,C0579-N01,4,,"Loss of documented support, not a claim of technology regression"
availability_cutoff,2025-12-31,TRL,C0582-N01,4,,"Loss of documented support, not a claim of technology regression"
availability_cutoff,2025-12-31,TRL,C0585-N01,4,,"Loss of documented support, not a claim of technology regression"
availability_cutoff,2025-12-31,TRL,C0591-N01,4,,"Loss of documented support, not a claim of technology regression"
availability_cutoff,2025-12-31,TRL,C0597-N01,4,,"Loss of documented support, not a claim of technology regression"
availability_cutoff,2025-12-31,TRL,C0600-N01,4,,"Loss of documented support, not a claim of technology regression"
availability_cutoff,2025-12-31,TRL,C0603-N01,4,,"Loss of documented support, not a claim of technology regression"
availability_cutoff,2025-12-31,TRL,C0606-N01,4,,"Loss of documented support, not a claim of technology regression"
availability_cutoff,2025-12-31,TRL,C0609-N01,4,,"Loss of documented support, not a claim of technology regression"
availability_cutoff,2025-12-31,TRL,C0616-N01,4,,"Loss of documented support, not a claim of technology regression"
availability_cutoff,2025-12-31,TRL,C0627-N01,4,,"Loss of documented support, not a claim of technology regression"
availability_cutoff,2025-12-31,TRL,C0632-N01,4,,"Loss of documented support, not a claim of technology regression"
availability_cutoff,2025-12-31,TRL,C0637-N01,4,,"Loss of documented support, not a claim of technology regression"
availability_cutoff,2025-12-31,TRL,C0644-N01,4,,"Loss of documented support, not a claim of technology regression"
availability_cutoff,2025-12-31,TRL,C0650-N01,4,,"Loss of documented support, not a claim of technology regression"
availability_cutoff,2025-12-31,TRL,C0661-N01,4,,"Loss of documented support, not a claim of technology regression"
availability_cutoff,2025-12-31,TRL,C0667-N01,4,,"Loss of documented support, not a claim of technology regression"
availability_cutoff,2025-12-31,TRL,C0673-N01,4,,"Loss of documented support, not a claim of technology regression"
availability_cutoff,2025-12-31,TRL,C0679-N01,4,,"Loss of documented support, not a claim of technology regression"
availability_cutoff,2025-12-31,TRL,C0685-N01,2,,"Loss of documented support, not a claim of technology regression"
availability_cutoff,2025-12-31,TRL,C0690-N01,2,,"Loss of documented support, not a claim of technology regression"
availability_cutoff,2025-12-31,TRL,C0657-N01,4,,"Loss of documented support, not a claim of technology regression"
availability_cutoff,2025-12-31,TRL,C0660-N01,4,,"Loss of documented support, not a claim of technology regression"
availability_cutoff,2025-12-31,TRL,C0697-N01,4,,"Loss of documented support, not a claim of technology regression"
availability_cutoff,2025-12-31,TRL,C0703-N01,4,,"Loss of documented support, not a claim of technology regression"
availability_cutoff,2025-12-31,TRL,C0708-N01,2,,"Loss of documented support, not a claim of technology regression"
availability_cutoff,2025-12-31,TRL,C0713-N01,4,,"Loss of documented support, not a claim of technology regression"
availability_cutoff,2025-12-31,TRL,C0718-N01,2,,"Loss of documented support, not a claim of technology regression"
availability_cutoff,2025-12-31,TRL,C0725-N01,4,,"Loss of documented support, not a claim of technology regression"
availability_cutoff,2025-12-31,TRL,C0737-N01,4,,"Loss of documented support, not a claim of technology regression"
availability_cutoff,2025-12-31,TRL,C0742-N01,4,,"Loss of documented support, not a claim of technology regression"
availability_cutoff,2025-12-31,TRL,C0747-N01,4,,"Loss of documented support, not a claim of technology regression"
availability_cutoff,2025-12-31,TRL,W001,9,,"Loss of documented support, not a claim of technology regression"
availability_cutoff,2025-12-31,TRL,W002,9,,"Loss of documented support, not a claim of technology regression"
availability_cutoff,2025-12-31,TRL,W003,9,,"Loss of documented support, not a claim of technology regression"
availability_cutoff,2025-12-31,TRL,W004,9,,"Loss of documented support, not a claim of technology regression"
availability_cutoff,2025-12-31,TRL,W005,9,,"Loss of documented support, not a claim of technology regression"
availability_cutoff,2025-12-31,TRL,W006,9,,"Loss of documented support, not a claim of technology regression"
availability_cutoff,2025-12-31,TRL,W007,9,,"Loss of documented support, not a claim of technology regression"
availability_cutoff,2025-12-31,TRL,W008,9,,"Loss of documented support, not a claim of technology regression"
availability_cutoff,2025-12-31,TRL,W014,9,,"Loss of documented support, not a claim of technology regression"
availability_cutoff,2025-12-31,TRL,W015,9,,"Loss of documented support, not a claim of technology regression"
availability_cutoff,2025-12-31,TRL,W018,9,,"Loss of documented support, not a claim of technology regression"
availability_cutoff,2025-12-31,CRL,C0246-B01,2,,"Loss of documented support, not a claim of technology regression"
availability_cutoff,2025-12-31,CRL,C0435-B01,2,,"Loss of documented support, not a claim of technology regression"
availability_cutoff,2025-12-31,CRL,C0191-B02,2,,"Loss of documented support, not a claim of technology regression"
availability_cutoff,2025-12-31,CRL,C0665-B01,3,,"Loss of documented support, not a claim of technology regression"
availability_cutoff,2025-12-31,CRL,C0098-B02,2,,"Loss of documented support, not a claim of technology regression"
availability_cutoff,2025-12-31,CRL,C0509-B01,2,,"Loss of documented support, not a claim of technology regression"
availability_cutoff,2025-12-31,CRL,C0540-N01,2,,"Loss of documented support, not a claim of technology regression"
availability_cutoff,2025-12-31,CRL,W001,3,,"Loss of documented support, not a claim of technology regression"
availability_cutoff,2025-12-31,CRL,W002,3,,"Loss of documented support, not a claim of technology regression"
availability_cutoff,2025-12-31,CRL,W003,3,,"Loss of documented support, not a claim of technology regression"
availability_cutoff,2025-12-31,CRL,W004,2,,"Loss of documented support, not a claim of technology regression"
availability_cutoff,2025-12-31,CRL,W005,2,,"Loss of documented support, not a claim of technology regression"
availability_cutoff,2025-12-31,CRL,W006,2,,"Loss of documented support, not a claim of technology regression"
availability_cutoff,2025-12-31,CRL,W007,2,,"Loss of documented support, not a claim of technology regression"
availability_cutoff,2025-12-31,CRL,W008,2,,"Loss of documented support, not a claim of technology regression"
availability_cutoff,2025-12-31,CRL,W009,3,,"Loss of documented support, not a claim of technology regression"
availability_cutoff,2025-12-31,CRL,W010,2,,"Loss of documented support, not a claim of technology regression"
availability_cutoff,2025-12-31,CRL,W012,2,,"Loss of documented support, not a claim of technology regression"
availability_cutoff,2025-12-31,CRL,W013,3,,"Loss of documented support, not a claim of technology regression"
availability_cutoff,2025-12-31,CRL,W014,3,,"Loss of documented support, not a claim of technology regression"
availability_cutoff,2025-12-31,CRL,W016,3,,"Loss of documented support, not a claim of technology regression"
availability_cutoff,2025-12-31,CRL,W017,2,,"Loss of documented support, not a claim of technology regression"
availability_cutoff,2025-12-31,CRL,W018,2,,"Loss of documented support, not a claim of technology regression"
availability_cutoff,2026-06-30,TRL,C0009-B01,4,,"Loss of documented support, not a claim of technology regression"
availability_cutoff,2026-06-30,TRL,C0493-B01,4,,"Loss of documented support, not a claim of technology regression"
availability_cutoff,2026-06-30,TRL,C0060-B01,4,,"Loss of documented support, not a claim of technology regression"
availability_cutoff,2026-06-30,TRL,C0067-B01,4,,"Loss of documented support, not a claim of technology regression"
availability_cutoff,2026-06-30,TRL,C0091-B01,4,,"Loss of documented support, not a claim of technology regression"
availability_cutoff,2026-06-30,TRL,C0098-B01,4,,"Loss of documented support, not a claim of technology regression"
availability_cutoff,2026-06-30,TRL,C0122-B01,4,,"Loss of documented support, not a claim of technology regression"
availability_cutoff,2026-06-30,TRL,C0124-B01,2,,"Loss of documented support, not a claim of technology regression"
availability_cutoff,2026-06-30,TRL,C0155-B01,4,,"Loss of documented support, not a claim of technology regression"
availability_cutoff,2026-06-30,TRL,C0593-B01,4,,"Loss of documented support, not a claim of technology regression"
availability_cutoff,2026-06-30,TRL,C0191-B01,6,,"Loss of documented support, not a claim of technology regression"
availability_cutoff,2026-06-30,TRL,C0210-B01,4,,"Loss of documented support, not a claim of technology regression"
availability_cutoff,2026-06-30,TRL,C0216-B01,4,,"Loss of documented support, not a claim of technology regression"
availability_cutoff,2026-06-30,TRL,C0221-B01,4,,"Loss of documented support, not a claim of technology regression"
availability_cutoff,2026-06-30,TRL,C0251-B01,4,,"Loss of documented support, not a claim of technology regression"
availability_cutoff,2026-06-30,TRL,C0254-B01,4,,"Loss of documented support, not a claim of technology regression"
availability_cutoff,2026-06-30,TRL,C0518-B01,4,,"Loss of documented support, not a claim of technology regression"
availability_cutoff,2026-06-30,TRL,C0278-B01,4,,"Loss of documented support, not a claim of technology regression"
availability_cutoff,2026-06-30,TRL,C0294-B01,4,,"Loss of documented support, not a claim of technology regression"
availability_cutoff,2026-06-30,TRL,C0684-B01,4,,"Loss of documented support, not a claim of technology regression"
availability_cutoff,2026-06-30,TRL,C0356-B01,2,,"Loss of documented support, not a claim of technology regression"
availability_cutoff,2026-06-30,TRL,C0435-B01,4,,"Loss of documented support, not a claim of technology regression"
availability_cutoff,2026-06-30,TRL,C0443-B01,4,,"Loss of documented support, not a claim of technology regression"
availability_cutoff,2026-06-30,TRL,C0665-B01,9,,"Loss of documented support, not a claim of technology regression"
availability_cutoff,2026-06-30,TRL,C0246-B02,2,,"Loss of documented support, not a claim of technology regression"
availability_cutoff,2026-06-30,TRL,C0356-B02,2,,"Loss of documented support, not a claim of technology regression"
availability_cutoff,2026-06-30,TRL,C0124-B02,2,,"Loss of documented support, not a claim of technology regression"
availability_cutoff,2026-06-30,TRL,C0487-N01,4,,"Loss of documented support, not a claim of technology regression"
availability_cutoff,2026-06-30,TRL,C0490-N01,4,,"Loss of documented support, not a claim of technology regression"
availability_cutoff,2026-06-30,TRL,C0491-N01,4,,"Loss of documented support, not a claim of technology regression"
availability_cutoff,2026-06-30,TRL,C0492-N01,4,,"Loss of documented support, not a claim of technology regression"
availability_cutoff,2026-06-30,TRL,C0494-N01,4,,"Loss of documented support, not a claim of technology regression"
availability_cutoff,2026-06-30,TRL,C0495-N01,4,,"Loss of documented support, not a claim of technology regression"
availability_cutoff,2026-06-30,TRL,C0497-N01,4,,"Loss of documented support, not a claim of technology regression"
availability_cutoff,2026-06-30,TRL,C0499-N01,4,,"Loss of documented support, not a claim of technology regression"
availability_cutoff,2026-06-30,TRL,C0500-N01,4,,"Loss of documented support, not a claim of technology regression"
availability_cutoff,2026-06-30,TRL,C0501-N01,4,,"Loss of documented support, not a claim of technology regression"
availability_cutoff,2026-06-30,TRL,C0502-N01,4,,"Loss of documented support, not a claim of technology regression"
availability_cutoff,2026-06-30,TRL,C0504-N01,4,,"Loss of documented support, not a claim of technology regression"
availability_cutoff,2026-06-30,TRL,C0507-N01,4,,"Loss of documented support, not a claim of technology regression"
availability_cutoff,2026-06-30,TRL,C0510-N01,4,,"Loss of documented support, not a claim of technology regression"
availability_cutoff,2026-06-30,TRL,C0512-N01,4,,"Loss of documented support, not a claim of technology regression"
availability_cutoff,2026-06-30,TRL,C0513-N01,4,,"Loss of documented support, not a claim of technology regression"
availability_cutoff,2026-06-30,TRL,C0514-N01,4,,"Loss of documented support, not a claim of technology regression"
availability_cutoff,2026-06-30,TRL,C0515-N01,4,,"Loss of documented support, not a claim of technology regression"
availability_cutoff,2026-06-30,TRL,C0517-N01,4,,"Loss of documented support, not a claim of technology regression"
availability_cutoff,2026-06-30,TRL,C0519-N01,4,,"Loss of documented support, not a claim of technology regression"
availability_cutoff,2026-06-30,TRL,C0520-N01,1,,"Loss of documented support, not a claim of technology regression"
availability_cutoff,2026-06-30,TRL,C0521-N01,4,,"Loss of documented support, not a claim of technology regression"
availability_cutoff,2026-06-30,TRL,C0525-N01,4,,"Loss of documented support, not a claim of technology regression"
availability_cutoff,2026-06-30,TRL,C0529-N01,4,,"Loss of documented support, not a claim of technology regression"
availability_cutoff,2026-06-30,TRL,C0531-N01,4,,"Loss of documented support, not a claim of technology regression"
availability_cutoff,2026-06-30,TRL,C0532-N01,4,,"Loss of documented support, not a claim of technology regression"
availability_cutoff,2026-06-30,TRL,C0533-N01,4,,"Loss of documented support, not a claim of technology regression"
availability_cutoff,2026-06-30,TRL,C0535-N01,4,,"Loss of documented support, not a claim of technology regression"
availability_cutoff,2026-06-30,TRL,C0540-N01,6,,"Loss of documented support, not a claim of technology regression"
availability_cutoff,2026-06-30,TRL,C0543-N01,4,,"Loss of documented support, not a claim of technology regression"
availability_cutoff,2026-06-30,TRL,C0546-N01,4,,"Loss of documented support, not a claim of technology regression"
availability_cutoff,2026-06-30,TRL,C0549-N01,4,,"Loss of documented support, not a claim of technology regression"
availability_cutoff,2026-06-30,TRL,C0552-N01,4,,"Loss of documented support, not a claim of technology regression"
availability_cutoff,2026-06-30,TRL,C0556-N01,4,,"Loss of documented support, not a claim of technology regression"
availability_cutoff,2026-06-30,TRL,C0559-N01,4,,"Loss of documented support, not a claim of technology regression"
availability_cutoff,2026-06-30,TRL,C0562-N01,4,,"Loss of documented support, not a claim of technology regression"
availability_cutoff,2026-06-30,TRL,C0565-N01,4,,"Loss of documented support, not a claim of technology regression"
availability_cutoff,2026-06-30,TRL,C0576-N01,4,,"Loss of documented support, not a claim of technology regression"
availability_cutoff,2026-06-30,TRL,C0579-N01,4,,"Loss of documented support, not a claim of technology regression"
availability_cutoff,2026-06-30,TRL,C0582-N01,4,,"Loss of documented support, not a claim of technology regression"
availability_cutoff,2026-06-30,TRL,C0585-N01,4,,"Loss of documented support, not a claim of technology regression"
availability_cutoff,2026-06-30,TRL,C0591-N01,4,,"Loss of documented support, not a claim of technology regression"
availability_cutoff,2026-06-30,TRL,C0597-N01,4,,"Loss of documented support, not a claim of technology regression"
availability_cutoff,2026-06-30,TRL,C0600-N01,4,,"Loss of documented support, not a claim of technology regression"
availability_cutoff,2026-06-30,TRL,C0603-N01,4,,"Loss of documented support, not a claim of technology regression"
availability_cutoff,2026-06-30,TRL,C0606-N01,4,,"Loss of documented support, not a claim of technology regression"
availability_cutoff,2026-06-30,TRL,C0609-N01,4,,"Loss of documented support, not a claim of technology regression"
availability_cutoff,2026-06-30,TRL,C0616-N01,4,,"Loss of documented support, not a claim of technology regression"
availability_cutoff,2026-06-30,TRL,C0627-N01,4,,"Loss of documented support, not a claim of technology regression"
availability_cutoff,2026-06-30,TRL,C0632-N01,4,,"Loss of documented support, not a claim of technology regression"
availability_cutoff,2026-06-30,TRL,C0637-N01,4,,"Loss of documented support, not a claim of technology regression"
availability_cutoff,2026-06-30,TRL,C0644-N01,4,,"Loss of documented support, not a claim of technology regression"
availability_cutoff,2026-06-30,TRL,C0650-N01,4,,"Loss of documented support, not a claim of technology regression"
availability_cutoff,2026-06-30,TRL,C0661-N01,4,,"Loss of documented support, not a claim of technology regression"
availability_cutoff,2026-06-30,TRL,C0667-N01,4,,"Loss of documented support, not a claim of technology regression"
availability_cutoff,2026-06-30,TRL,C0673-N01,4,,"Loss of documented support, not a claim of technology regression"
availability_cutoff,2026-06-30,TRL,C0679-N01,4,,"Loss of documented support, not a claim of technology regression"
availability_cutoff,2026-06-30,TRL,C0685-N01,2,,"Loss of documented support, not a claim of technology regression"
availability_cutoff,2026-06-30,TRL,C0690-N01,2,,"Loss of documented support, not a claim of technology regression"
availability_cutoff,2026-06-30,TRL,C0657-N01,4,,"Loss of documented support, not a claim of technology regression"
availability_cutoff,2026-06-30,TRL,C0660-N01,4,,"Loss of documented support, not a claim of technology regression"
availability_cutoff,2026-06-30,TRL,C0697-N01,4,,"Loss of documented support, not a claim of technology regression"
availability_cutoff,2026-06-30,TRL,C0703-N01,4,,"Loss of documented support, not a claim of technology regression"
availability_cutoff,2026-06-30,TRL,C0708-N01,2,,"Loss of documented support, not a claim of technology regression"
availability_cutoff,2026-06-30,TRL,C0713-N01,4,,"Loss of documented support, not a claim of technology regression"
availability_cutoff,2026-06-30,TRL,C0718-N01,2,,"Loss of documented support, not a claim of technology regression"
availability_cutoff,2026-06-30,TRL,C0725-N01,4,,"Loss of documented support, not a claim of technology regression"
availability_cutoff,2026-06-30,TRL,C0737-N01,4,,"Loss of documented support, not a claim of technology regression"
availability_cutoff,2026-06-30,TRL,C0742-N01,4,,"Loss of documented support, not a claim of technology regression"
availability_cutoff,2026-06-30,TRL,C0747-N01,4,,"Loss of documented support, not a claim of technology regression"
availability_cutoff,2026-06-30,TRL,W001,9,,"Loss of documented support, not a claim of technology regression"
availability_cutoff,2026-06-30,TRL,W002,9,,"Loss of documented support, not a claim of technology regression"
availability_cutoff,2026-06-30,TRL,W003,9,,"Loss of documented support, not a claim of technology regression"
availability_cutoff,2026-06-30,TRL,W004,9,,"Loss of documented support, not a claim of technology regression"
availability_cutoff,2026-06-30,TRL,W005,9,,"Loss of documented support, not a claim of technology regression"
availability_cutoff,2026-06-30,TRL,W006,9,,"Loss of documented support, not a claim of technology regression"
availability_cutoff,2026-06-30,TRL,W007,9,,"Loss of documented support, not a claim of technology regression"
availability_cutoff,2026-06-30,TRL,W008,9,,"Loss of documented support, not a claim of technology regression"
availability_cutoff,2026-06-30,TRL,W014,9,,"Loss of documented support, not a claim of technology regression"
availability_cutoff,2026-06-30,TRL,W015,9,,"Loss of documented support, not a claim of technology regression"
availability_cutoff,2026-06-30,TRL,W018,9,,"Loss of documented support, not a claim of technology regression"
availability_cutoff,2026-06-30,CRL,C0246-B01,2,,"Loss of documented support, not a claim of technology regression"
availability_cutoff,2026-06-30,CRL,C0435-B01,2,,"Loss of documented support, not a claim of technology regression"
availability_cutoff,2026-06-30,CRL,C0191-B02,2,,"Loss of documented support, not a claim of technology regression"
availability_cutoff,2026-06-30,CRL,C0665-B01,3,,"Loss of documented support, not a claim of technology regression"
availability_cutoff,2026-06-30,CRL,C0098-B02,2,,"Loss of documented support, not a claim of technology regression"
availability_cutoff,2026-06-30,CRL,C0509-B01,2,,"Loss of documented support, not a claim of technology regression"
availability_cutoff,2026-06-30,CRL,C0540-N01,2,,"Loss of documented support, not a claim of technology regression"
availability_cutoff,2026-06-30,CRL,W001,3,,"Loss of documented support, not a claim of technology regression"
availability_cutoff,2026-06-30,CRL,W002,3,,"Loss of documented support, not a claim of technology regression"
availability_cutoff,2026-06-30,CRL,W003,3,,"Loss of documented support, not a claim of technology regression"
availability_cutoff,2026-06-30,CRL,W004,2,,"Loss of documented support, not a claim of technology regression"
availability_cutoff,2026-06-30,CRL,W005,2,,"Loss of documented support, not a claim of technology regression"
availability_cutoff,2026-06-30,CRL,W006,2,,"Loss of documented support, not a claim of technology regression"
availability_cutoff,2026-06-30,CRL,W007,2,,"Loss of documented support, not a claim of technology regression"
availability_cutoff,2026-06-30,CRL,W008,2,,"Loss of documented support, not a claim of technology regression"
availability_cutoff,2026-06-30,CRL,W009,3,,"Loss of documented support, not a claim of technology regression"
availability_cutoff,2026-06-30,CRL,W010,2,,"Loss of documented support, not a claim of technology regression"
availability_cutoff,2026-06-30,CRL,W012,2,,"Loss of documented support, not a claim of technology regression"
availability_cutoff,2026-06-30,CRL,W013,3,,"Loss of documented support, not a claim of technology regression"
availability_cutoff,2026-06-30,CRL,W014,3,,"Loss of documented support, not a claim of technology regression"
availability_cutoff,2026-06-30,CRL,W016,3,,"Loss of documented support, not a claim of technology regression"
availability_cutoff,2026-06-30,CRL,W017,2,,"Loss of documented support, not a claim of technology regression"
availability_cutoff,2026-06-30,CRL,W018,2,,"Loss of documented support, not a claim of technology regression"
availability_cutoff,2026-09-24,TRL,C0009-B01,4,,"Loss of documented support, not a claim of technology regression"
availability_cutoff,2026-09-24,TRL,C0493-B01,4,,"Loss of documented support, not a claim of technology regression"
availability_cutoff,2026-09-24,TRL,C0060-B01,4,,"Loss of documented support, not a claim of technology regression"
availability_cutoff,2026-09-24,TRL,C0067-B01,4,,"Loss of documented support, not a claim of technology regression"
availability_cutoff,2026-09-24,TRL,C0091-B01,4,,"Loss of documented support, not a claim of technology regression"
availability_cutoff,2026-09-24,TRL,C0098-B01,4,,"Loss of documented support, not a claim of technology regression"
availability_cutoff,2026-09-24,TRL,C0122-B01,4,,"Loss of documented support, not a claim of technology regression"
availability_cutoff,2026-09-24,TRL,C0124-B01,2,,"Loss of documented support, not a claim of technology regression"
availability_cutoff,2026-09-24,TRL,C0155-B01,4,,"Loss of documented support, not a claim of technology regression"
availability_cutoff,2026-09-24,TRL,C0593-B01,4,,"Loss of documented support, not a claim of technology regression"
availability_cutoff,2026-09-24,TRL,C0191-B01,6,,"Loss of documented support, not a claim of technology regression"
availability_cutoff,2026-09-24,TRL,C0210-B01,4,,"Loss of documented support, not a claim of technology regression"
availability_cutoff,2026-09-24,TRL,C0216-B01,4,,"Loss of documented support, not a claim of technology regression"
availability_cutoff,2026-09-24,TRL,C0221-B01,4,,"Loss of documented support, not a claim of technology regression"
availability_cutoff,2026-09-24,TRL,C0251-B01,4,,"Loss of documented support, not a claim of technology regression"
availability_cutoff,2026-09-24,TRL,C0254-B01,4,,"Loss of documented support, not a claim of technology regression"
availability_cutoff,2026-09-24,TRL,C0518-B01,4,,"Loss of documented support, not a claim of technology regression"
availability_cutoff,2026-09-24,TRL,C0278-B01,4,,"Loss of documented support, not a claim of technology regression"
availability_cutoff,2026-09-24,TRL,C0294-B01,4,,"Loss of documented support, not a claim of technology regression"
availability_cutoff,2026-09-24,TRL,C0684-B01,4,,"Loss of documented support, not a claim of technology regression"
availability_cutoff,2026-09-24,TRL,C0356-B01,2,,"Loss of documented support, not a claim of technology regression"
availability_cutoff,2026-09-24,TRL,C0435-B01,4,,"Loss of documented support, not a claim of technology regression"
availability_cutoff,2026-09-24,TRL,C0443-B01,4,,"Loss of documented support, not a claim of technology regression"
availability_cutoff,2026-09-24,TRL,C0665-B01,9,,"Loss of documented support, not a claim of technology regression"
availability_cutoff,2026-09-24,TRL,C0246-B02,2,,"Loss of documented support, not a claim of technology regression"
availability_cutoff,2026-09-24,TRL,C0356-B02,2,,"Loss of documented support, not a claim of technology regression"
availability_cutoff,2026-09-24,TRL,C0124-B02,2,,"Loss of documented support, not a claim of technology regression"
availability_cutoff,2026-09-24,TRL,C0487-N01,4,,"Loss of documented support, not a claim of technology regression"
availability_cutoff,2026-09-24,TRL,C0490-N01,4,,"Loss of documented support, not a claim of technology regression"
availability_cutoff,2026-09-24,TRL,C0491-N01,4,,"Loss of documented support, not a claim of technology regression"
availability_cutoff,2026-09-24,TRL,C0492-N01,4,,"Loss of documented support, not a claim of technology regression"
availability_cutoff,2026-09-24,TRL,C0494-N01,4,,"Loss of documented support, not a claim of technology regression"
availability_cutoff,2026-09-24,TRL,C0495-N01,4,,"Loss of documented support, not a claim of technology regression"
availability_cutoff,2026-09-24,TRL,C0497-N01,4,,"Loss of documented support, not a claim of technology regression"
availability_cutoff,2026-09-24,TRL,C0499-N01,4,,"Loss of documented support, not a claim of technology regression"
availability_cutoff,2026-09-24,TRL,C0500-N01,4,,"Loss of documented support, not a claim of technology regression"
availability_cutoff,2026-09-24,TRL,C0501-N01,4,,"Loss of documented support, not a claim of technology regression"
availability_cutoff,2026-09-24,TRL,C0502-N01,4,,"Loss of documented support, not a claim of technology regression"
availability_cutoff,2026-09-24,TRL,C0504-N01,4,,"Loss of documented support, not a claim of technology regression"
availability_cutoff,2026-09-24,TRL,C0507-N01,4,,"Loss of documented support, not a claim of technology regression"
availability_cutoff,2026-09-24,TRL,C0510-N01,4,,"Loss of documented support, not a claim of technology regression"
availability_cutoff,2026-09-24,TRL,C0512-N01,4,,"Loss of documented support, not a claim of technology regression"
availability_cutoff,2026-09-24,TRL,C0513-N01,4,,"Loss of documented support, not a claim of technology regression"
availability_cutoff,2026-09-24,TRL,C0514-N01,4,,"Loss of documented support, not a claim of technology regression"
availability_cutoff,2026-09-24,TRL,C0515-N01,4,,"Loss of documented support, not a claim of technology regression"
availability_cutoff,2026-09-24,TRL,C0517-N01,4,,"Loss of documented support, not a claim of technology regression"
availability_cutoff,2026-09-24,TRL,C0519-N01,4,,"Loss of documented support, not a claim of technology regression"
availability_cutoff,2026-09-24,TRL,C0520-N01,1,,"Loss of documented support, not a claim of technology regression"
availability_cutoff,2026-09-24,TRL,C0521-N01,4,,"Loss of documented support, not a claim of technology regression"
availability_cutoff,2026-09-24,TRL,C0525-N01,4,,"Loss of documented support, not a claim of technology regression"
availability_cutoff,2026-09-24,TRL,C0529-N01,4,,"Loss of documented support, not a claim of technology regression"
availability_cutoff,2026-09-24,TRL,C0531-N01,4,,"Loss of documented support, not a claim of technology regression"
availability_cutoff,2026-09-24,TRL,C0532-N01,4,,"Loss of documented support, not a claim of technology regression"
availability_cutoff,2026-09-24,TRL,C0533-N01,4,,"Loss of documented support, not a claim of technology regression"
availability_cutoff,2026-09-24,TRL,C0535-N01,4,,"Loss of documented support, not a claim of technology regression"
availability_cutoff,2026-09-24,TRL,C0540-N01,6,,"Loss of documented support, not a claim of technology regression"
availability_cutoff,2026-09-24,TRL,C0543-N01,4,,"Loss of documented support, not a claim of technology regression"
availability_cutoff,2026-09-24,TRL,C0546-N01,4,,"Loss of documented support, not a claim of technology regression"
availability_cutoff,2026-09-24,TRL,C0549-N01,4,,"Loss of documented support, not a claim of technology regression"
availability_cutoff,2026-09-24,TRL,C0552-N01,4,,"Loss of documented support, not a claim of technology regression"
availability_cutoff,2026-09-24,TRL,C0556-N01,4,,"Loss of documented support, not a claim of technology regression"
availability_cutoff,2026-09-24,TRL,C0559-N01,4,,"Loss of documented support, not a claim of technology regression"
availability_cutoff,2026-09-24,TRL,C0562-N01,4,,"Loss of documented support, not a claim of technology regression"
availability_cutoff,2026-09-24,TRL,C0565-N01,4,,"Loss of documented support, not a claim of technology regression"
availability_cutoff,2026-09-24,TRL,C0576-N01,4,,"Loss of documented support, not a claim of technology regression"
availability_cutoff,2026-09-24,TRL,C0579-N01,4,,"Loss of documented support, not a claim of technology regression"
availability_cutoff,2026-09-24,TRL,C0582-N01,4,,"Loss of documented support, not a claim of technology regression"
availability_cutoff,2026-09-24,TRL,C0585-N01,4,,"Loss of documented support, not a claim of technology regression"
availability_cutoff,2026-09-24,TRL,C0591-N01,4,,"Loss of documented support, not a claim of technology regression"
availability_cutoff,2026-09-24,TRL,C0597-N01,4,,"Loss of documented support, not a claim of technology regression"
availability_cutoff,2026-09-24,TRL,C0600-N01,4,,"Loss of documented support, not a claim of technology regression"
availability_cutoff,2026-09-24,TRL,C0603-N01,4,,"Loss of documented support, not a claim of technology regression"
availability_cutoff,2026-09-24,TRL,C0606-N01,4,,"Loss of documented support, not a claim of technology regression"
availability_cutoff,2026-09-24,TRL,C0609-N01,4,,"Loss of documented support, not a claim of technology regression"
availability_cutoff,2026-09-24,TRL,C0616-N01,4,,"Loss of documented support, not a claim of technology regression"
availability_cutoff,2026-09-24,TRL,C0627-N01,4,,"Loss of documented support, not a claim of technology regression"
availability_cutoff,2026-09-24,TRL,C0632-N01,4,,"Loss of documented support, not a claim of technology regression"
availability_cutoff,2026-09-24,TRL,C0637-N01,4,,"Loss of documented support, not a claim of technology regression"
availability_cutoff,2026-09-24,TRL,C0644-N01,4,,"Loss of documented support, not a claim of technology regression"
availability_cutoff,2026-09-24,TRL,C0650-N01,4,,"Loss of documented support, not a claim of technology regression"
availability_cutoff,2026-09-24,TRL,C0661-N01,4,,"Loss of documented support, not a claim of technology regression"
availability_cutoff,2026-09-24,TRL,C0667-N01,4,,"Loss of documented support, not a claim of technology regression"
availability_cutoff,2026-09-24,TRL,C0673-N01,4,,"Loss of documented support, not a claim of technology regression"
availability_cutoff,2026-09-24,TRL,C0679-N01,4,,"Loss of documented support, not a claim of technology regression"
availability_cutoff,2026-09-24,TRL,C0685-N01,2,,"Loss of documented support, not a claim of technology regression"
availability_cutoff,2026-09-24,TRL,C0690-N01,2,,"Loss of documented support, not a claim of technology regression"
availability_cutoff,2026-09-24,TRL,C0657-N01,4,,"Loss of documented support, not a claim of technology regression"
availability_cutoff,2026-09-24,TRL,C0660-N01,4,,"Loss of documented support, not a claim of technology regression"
availability_cutoff,2026-09-24,TRL,C0697-N01,4,,"Loss of documented support, not a claim of technology regression"
availability_cutoff,2026-09-24,TRL,C0703-N01,4,,"Loss of documented support, not a claim of technology regression"
availability_cutoff,2026-09-24,TRL,C0708-N01,2,,"Loss of documented support, not a claim of technology regression"
availability_cutoff,2026-09-24,TRL,C0713-N01,4,,"Loss of documented support, not a claim of technology regression"
availability_cutoff,2026-09-24,TRL,C0718-N01,2,,"Loss of documented support, not a claim of technology regression"
availability_cutoff,2026-09-24,TRL,C0725-N01,4,,"Loss of documented support, not a claim of technology regression"
availability_cutoff,2026-09-24,TRL,C0737-N01,4,,"Loss of documented support, not a claim of technology regression"
availability_cutoff,2026-09-24,TRL,C0742-N01,4,,"Loss of documented support, not a claim of technology regression"
availability_cutoff,2026-09-24,TRL,C0747-N01,4,,"Loss of documented support, not a claim of technology regression"
availability_cutoff,2026-09-24,TRL,W001,9,,"Loss of documented support, not a claim of technology regression"
availability_cutoff,2026-09-24,TRL,W002,9,,"Loss of documented support, not a claim of technology regression"
availability_cutoff,2026-09-24,TRL,W003,9,,"Loss of documented support, not a claim of technology regression"
availability_cutoff,2026-09-24,TRL,W004,9,,"Loss of documented support, not a claim of technology regression"
availability_cutoff,2026-09-24,TRL,W005,9,,"Loss of documented support, not a claim of technology regression"
availability_cutoff,2026-09-24,TRL,W006,9,,"Loss of documented support, not a claim of technology regression"
availability_cutoff,2026-09-24,TRL,W007,9,,"Loss of documented support, not a claim of technology regression"
availability_cutoff,2026-09-24,TRL,W008,9,,"Loss of documented support, not a claim of technology regression"
availability_cutoff,2026-09-24,TRL,W014,9,,"Loss of documented support, not a claim of technology regression"
availability_cutoff,2026-09-24,TRL,W015,9,,"Loss of documented support, not a claim of technology regression"
availability_cutoff,2026-09-24,TRL,W018,9,,"Loss of documented support, not a claim of technology regression"
availability_cutoff,2026-09-24,CRL,C0246-B01,2,,"Loss of documented support, not a claim of technology regression"
availability_cutoff,2026-09-24,CRL,C0435-B01,2,,"Loss of documented support, not a claim of technology regression"
availability_cutoff,2026-09-24,CRL,C0191-B02,2,,"Loss of documented support, not a claim of technology regression"
availability_cutoff,2026-09-24,CRL,C0665-B01,3,,"Loss of documented support, not a claim of technology regression"
availability_cutoff,2026-09-24,CRL,C0098-B02,2,,"Loss of documented support, not a claim of technology regression"
availability_cutoff,2026-09-24,CRL,C0509-B01,2,,"Loss of documented support, not a claim of technology regression"
availability_cutoff,2026-09-24,CRL,C0540-N01,2,,"Loss of documented support, not a claim of technology regression"
availability_cutoff,2026-09-24,CRL,W001,3,,"Loss of documented support, not a claim of technology regression"
availability_cutoff,2026-09-24,CRL,W002,3,,"Loss of documented support, not a claim of technology regression"
availability_cutoff,2026-09-24,CRL,W003,3,,"Loss of documented support, not a claim of technology regression"
availability_cutoff,2026-09-24,CRL,W004,2,,"Loss of documented support, not a claim of technology regression"
availability_cutoff,2026-09-24,CRL,W005,2,,"Loss of documented support, not a claim of technology regression"
availability_cutoff,2026-09-24,CRL,W006,2,,"Loss of documented support, not a claim of technology regression"
availability_cutoff,2026-09-24,CRL,W007,2,,"Loss of documented support, not a claim of technology regression"
availability_cutoff,2026-09-24,CRL,W008,2,,"Loss of documented support, not a claim of technology regression"
availability_cutoff,2026-09-24,CRL,W009,3,,"Loss of documented support, not a claim of technology regression"
availability_cutoff,2026-09-24,CRL,W010,2,,"Loss of documented support, not a claim of technology regression"
availability_cutoff,2026-09-24,CRL,W012,2,,"Loss of documented support, not a claim of technology regression"
availability_cutoff,2026-09-24,CRL,W013,3,,"Loss of documented support, not a claim of technology regression"
availability_cutoff,2026-09-24,CRL,W014,3,,"Loss of documented support, not a claim of technology regression"
availability_cutoff,2026-09-24,CRL,W016,3,,"Loss of documented support, not a claim of technology regression"
availability_cutoff,2026-09-24,CRL,W017,2,,"Loss of documented support, not a claim of technology regression"
availability_cutoff,2026-09-24,CRL,W018,2,,"Loss of documented support, not a claim of technology regression"
