kind,scenario,axis,removed_evidence,removed_observations,changed_cases,unchanged_fraction,known_cases,unknown_fraction,known_to_unknown,mean_drop_among_still_known,upgrades
source_loo,SRC-92df110d7ad17d31,TRL,1,3,1,0.9918032786885246,107,0.12295081967213117,1,,0
source_loo,SRC-92df110d7ad17d31,CRL,1,3,0,1.0,23,0.8114754098360656,0,,0
source_loo,SRC-e0ceafd6137c7624,TRL,1,6,1,0.9918032786885246,107,0.12295081967213117,1,,0
source_loo,SRC-e0ceafd6137c7624,CRL,1,6,0,1.0,23,0.8114754098360656,0,,0
source_loo,SRC-6738cf31033c2ed6,TRL,1,5,1,0.9918032786885246,107,0.12295081967213117,1,,0
source_loo,SRC-6738cf31033c2ed6,CRL,1,5,0,1.0,23,0.8114754098360656,0,,0
source_loo,SRC-d78341b340b24f32,TRL,1,3,1,0.9918032786885246,107,0.12295081967213117,1,,0
source_loo,SRC-d78341b340b24f32,CRL,1,3,0,1.0,23,0.8114754098360656,0,,0
source_loo,SRC-62103092cb1ba928,TRL,1,6,1,0.9918032786885246,107,0.12295081967213117,1,,0
source_loo,SRC-62103092cb1ba928,CRL,1,6,0,1.0,23,0.8114754098360656,0,,0
source_loo,SRC-d3ed23f44c0c76ae,TRL,1,3,0,1.0,108,0.11475409836065575,0,,0
source_loo,SRC-d3ed23f44c0c76ae,CRL,1,3,0,1.0,23,0.8114754098360656,0,,0
source_loo,SRC-8c14eb2201b406b5,TRL,1,5,1,0.9918032786885246,107,0.12295081967213117,1,,0
source_loo,SRC-8c14eb2201b406b5,CRL,1,5,0,1.0,23,0.8114754098360656,0,,0
source_loo,SRC-5b148f6e35288d33,TRL,1,1,1,0.9918032786885246,107,0.12295081967213117,1,,0
source_loo,SRC-5b148f6e35288d33,CRL,1,1,0,1.0,23,0.8114754098360656,0,,0
source_loo,SRC-7db2afa2dde477d1,TRL,1,6,1,0.9918032786885246,107,0.12295081967213117,1,,0
source_loo,SRC-7db2afa2dde477d1,CRL,1,6,0,1.0,23,0.8114754098360656,0,,0
source_loo,SRC-2c8e730a5d072c7e,TRL,1,3,1,0.9918032786885246,107,0.12295081967213117,1,,0
source_loo,SRC-2c8e730a5d072c7e,CRL,1,3,0,1.0,23,0.8114754098360656,0,,0
source_loo,SRC-c3ba44dc18da221e,TRL,1,3,0,1.0,108,0.11475409836065575,0,,0
source_loo,SRC-c3ba44dc18da221e,CRL,1,3,0,1.0,23,0.8114754098360656,0,,0
source_loo,SRC-f6c7d35c5d95b53f,TRL,2,10,1,0.9918032786885246,107,0.12295081967213117,1,,0
source_loo,SRC-f6c7d35c5d95b53f,CRL,2,10,1,0.9918032786885246,22,0.819672131147541,1,,0
source_loo,SRC-45af0b9ab2f94aa0,TRL,1,5,1,0.9918032786885246,107,0.12295081967213117,1,,0
source_loo,SRC-45af0b9ab2f94aa0,CRL,1,5,0,1.0,23,0.8114754098360656,0,,0
source_loo,SRC-51fc7f9ef415b35c,TRL,1,6,1,0.9918032786885246,107,0.12295081967213117,1,,0
source_loo,SRC-51fc7f9ef415b35c,CRL,1,6,0,1.0,23,0.8114754098360656,0,,0
source_loo,SRC-84eabb3a9e391151,TRL,1,3,1,0.9918032786885246,107,0.12295081967213117,1,,0
source_loo,SRC-84eabb3a9e391151,CRL,1,3,0,1.0,23,0.8114754098360656,0,,0
source_loo,SRC-91b4bac65c88099d,TRL,1,6,0,1.0,108,0.11475409836065575,0,,0
source_loo,SRC-91b4bac65c88099d,CRL,1,6,1,0.9918032786885246,22,0.819672131147541,1,,0
source_loo,SRC-cf1fff6ce7acb8a6,TRL,1,5,1,0.9918032786885246,107,0.12295081967213117,1,,0
source_loo,SRC-cf1fff6ce7acb8a6,CRL,1,5,0,1.0,23,0.8114754098360656,0,,0
source_loo,SRC-dae3a083adf21658,TRL,1,6,1,0.9918032786885246,107,0.12295081967213117,1,,0
source_loo,SRC-dae3a083adf21658,CRL,1,6,0,1.0,23,0.8114754098360656,0,,0
source_loo,SRC-8c9ee42c4808b76a,TRL,1,6,1,0.9918032786885246,107,0.12295081967213117,1,,0
source_loo,SRC-8c9ee42c4808b76a,CRL,1,6,0,1.0,23,0.8114754098360656,0,,0
source_loo,SRC-ff547b484411eb52,TRL,1,5,1,0.9918032786885246,107,0.12295081967213117,1,,0
source_loo,SRC-ff547b484411eb52,CRL,1,5,0,1.0,23,0.8114754098360656,0,,0
source_loo,SRC-c26d62722e7c592e,TRL,1,6,1,0.9918032786885246,107,0.12295081967213117,1,,0
source_loo,SRC-c26d62722e7c592e,CRL,1,6,0,1.0,23,0.8114754098360656,0,,0
source_loo,SRC-52966e0e3d61c6dd,TRL,1,3,1,0.9918032786885246,107,0.12295081967213117,1,,0
source_loo,SRC-52966e0e3d61c6dd,CRL,1,3,0,1.0,23,0.8114754098360656,0,,0
source_loo,SRC-70975ec8fc307b68,TRL,1,1,1,0.9918032786885246,107,0.12295081967213117,1,,0
source_loo,SRC-70975ec8fc307b68,CRL,1,1,0,1.0,23,0.8114754098360656,0,,0
source_loo,SRC-afebb8df34589785,TRL,1,3,0,1.0,108,0.11475409836065575,0,,0
source_loo,SRC-afebb8df34589785,CRL,1,3,0,1.0,23,0.8114754098360656,0,,0
source_loo,SRC-61caab3e60948592,TRL,1,3,1,0.9918032786885246,107,0.12295081967213117,1,,0
source_loo,SRC-61caab3e60948592,CRL,1,3,0,1.0,23,0.8114754098360656,0,,0
source_loo,SRC-87242dd0bc37660c,TRL,2,13,1,0.9918032786885246,107,0.12295081967213117,1,,0
source_loo,SRC-87242dd0bc37660c,CRL,2,13,2,0.9836065573770492,21,0.8278688524590164,2,,0
source_loo,SRC-258d21ac384d5650,TRL,1,6,0,1.0,108,0.11475409836065575,0,,0
source_loo,SRC-258d21ac384d5650,CRL,1,6,1,0.9918032786885246,22,0.819672131147541,1,,0
source_loo,SRC-19a446f891f17d1a,TRL,1,1,1,0.9918032786885246,107,0.12295081967213117,1,,0
source_loo,SRC-19a446f891f17d1a,CRL,1,1,0,1.0,23,0.8114754098360656,0,,0
source_loo,SRC-b0ea502c51002ed7,TRL,1,1,1,0.9918032786885246,107,0.12295081967213117,1,,0
source_loo,SRC-b0ea502c51002ed7,CRL,1,1,0,1.0,23,0.8114754098360656,0,,0
source_loo,SRC-844dadd6ec2d10e8,TRL,1,1,1,0.9918032786885246,107,0.12295081967213117,1,,0
source_loo,SRC-844dadd6ec2d10e8,CRL,1,1,0,1.0,23,0.8114754098360656,0,,0
source_loo,SRC-af3e1d389c4bc6c3,TRL,1,3,1,0.9918032786885246,107,0.12295081967213117,1,,0
source_loo,SRC-af3e1d389c4bc6c3,CRL,1,3,0,1.0,23,0.8114754098360656,0,,0
source_loo,SRC-8b6c7eca37c52ffb,TRL,1,3,1,0.9918032786885246,107,0.12295081967213117,1,,0
source_loo,SRC-8b6c7eca37c52ffb,CRL,1,3,0,1.0,23,0.8114754098360656,0,,0
source_loo,SRC-0e6860953d550b92,TRL,1,3,1,0.9918032786885246,107,0.12295081967213117,1,,0
source_loo,SRC-0e6860953d550b92,CRL,1,3,0,1.0,23,0.8114754098360656,0,,0
source_loo,SRC-b46765b4971d5d62,TRL,1,3,1,0.9918032786885246,107,0.12295081967213117,1,,0
source_loo,SRC-b46765b4971d5d62,CRL,1,3,0,1.0,23,0.8114754098360656,0,,0
source_loo,SRC-46cc8e4bac29bc8e,TRL,1,3,1,0.9918032786885246,107,0.12295081967213117,1,,0
source_loo,SRC-46cc8e4bac29bc8e,CRL,1,3,0,1.0,23,0.8114754098360656,0,,0
source_loo,SRC-c7c15c3b105b53a6,TRL,1,3,1,0.9918032786885246,107,0.12295081967213117,1,,0
source_loo,SRC-c7c15c3b105b53a6,CRL,1,3,0,1.0,23,0.8114754098360656,0,,0
source_loo,SRC-9483990ef563be19,TRL,1,3,1,0.9918032786885246,107,0.12295081967213117,1,,0
source_loo,SRC-9483990ef563be19,CRL,1,3,0,1.0,23,0.8114754098360656,0,,0
source_loo,SRC-93c5f60faed8cffa,TRL,1,3,1,0.9918032786885246,107,0.12295081967213117,1,,0
source_loo,SRC-93c5f60faed8cffa,CRL,1,3,0,1.0,23,0.8114754098360656,0,,0
source_loo,SRC-33c46579f1c508c6,TRL,1,3,1,0.9918032786885246,107,0.12295081967213117,1,,0
source_loo,SRC-33c46579f1c508c6,CRL,1,3,0,1.0,23,0.8114754098360656,0,,0
source_loo,SRC-734aa9881d533d5b,TRL,1,3,1,0.9918032786885246,107,0.12295081967213117,1,,0
source_loo,SRC-734aa9881d533d5b,CRL,1,3,0,1.0,23,0.8114754098360656,0,,0
source_loo,SRC-0b7775b81af80bfc,TRL,1,3,1,0.9918032786885246,107,0.12295081967213117,1,,0
source_loo,SRC-0b7775b81af80bfc,CRL,1,3,0,1.0,23,0.8114754098360656,0,,0
source_loo,SRC-fea0c6c203614c00,TRL,1,3,1,0.9918032786885246,107,0.12295081967213117,1,,0
source_loo,SRC-fea0c6c203614c00,CRL,1,3,0,1.0,23,0.8114754098360656,0,,0
source_loo,SRC-1923c1538deaf92d,TRL,1,3,1,0.9918032786885246,107,0.12295081967213117,1,,0
source_loo,SRC-1923c1538deaf92d,CRL,1,3,0,1.0,23,0.8114754098360656,0,,0
source_loo,SRC-c96fb37849e018c9,TRL,1,3,1,0.9918032786885246,107,0.12295081967213117,1,,0
source_loo,SRC-c96fb37849e018c9,CRL,1,3,0,1.0,23,0.8114754098360656,0,,0
source_loo,SRC-18c7a4a91a4a020b,TRL,1,3,1,0.9918032786885246,107,0.12295081967213117,1,,0
source_loo,SRC-18c7a4a91a4a020b,CRL,1,3,0,1.0,23,0.8114754098360656,0,,0
source_loo,SRC-f8fbe5abc6207fa5,TRL,1,3,1,0.9918032786885246,107,0.12295081967213117,1,,0
source_loo,SRC-f8fbe5abc6207fa5,CRL,1,3,0,1.0,23,0.8114754098360656,0,,0
source_loo,SRC-498afbc9a8146703,TRL,1,3,1,0.9918032786885246,107,0.12295081967213117,1,,0
source_loo,SRC-498afbc9a8146703,CRL,1,3,0,1.0,23,0.8114754098360656,0,,0
source_loo,SRC-b5935c0b5d1c93e3,TRL,1,3,1,0.9918032786885246,107,0.12295081967213117,1,,0
source_loo,SRC-b5935c0b5d1c93e3,CRL,1,3,0,1.0,23,0.8114754098360656,0,,0
source_loo,SRC-e688ef53ce8e018d,TRL,1,3,1,0.9918032786885246,107,0.12295081967213117,1,,0
source_loo,SRC-e688ef53ce8e018d,CRL,1,3,0,1.0,23,0.8114754098360656,0,,0
source_loo,SRC-d1e68638e3619ae4,TRL,1,3,1,0.9918032786885246,107,0.12295081967213117,1,,0
source_loo,SRC-d1e68638e3619ae4,CRL,1,3,0,1.0,23,0.8114754098360656,0,,0
source_loo,SRC-b8f38d276c4eeae8,TRL,1,1,1,0.9918032786885246,107,0.12295081967213117,1,,0
source_loo,SRC-b8f38d276c4eeae8,CRL,1,1,0,1.0,23,0.8114754098360656,0,,0
source_loo,SRC-122f2fe01e49d73d,TRL,1,3,1,0.9918032786885246,107,0.12295081967213117,1,,0
source_loo,SRC-122f2fe01e49d73d,CRL,1,3,0,1.0,23,0.8114754098360656,0,,0
source_loo,SRC-a1018513786f8ab1,TRL,1,3,0,1.0,108,0.11475409836065575,0,,0
source_loo,SRC-a1018513786f8ab1,CRL,1,3,0,1.0,23,0.8114754098360656,0,,0
source_loo,SRC-52375656a7886ffc,TRL,1,3,1,0.9918032786885246,107,0.12295081967213117,1,,0
source_loo,SRC-52375656a7886ffc,CRL,1,3,0,1.0,23,0.8114754098360656,0,,0
source_loo,SRC-04d2f920210e9e4e,TRL,1,3,1,0.9918032786885246,107,0.12295081967213117,1,,0
source_loo,SRC-04d2f920210e9e4e,CRL,1,3,0,1.0,23,0.8114754098360656,0,,0
source_loo,SRC-0f559f0332b428dd,TRL,1,3,1,0.9918032786885246,107,0.12295081967213117,1,,0
source_loo,SRC-0f559f0332b428dd,CRL,1,3,0,1.0,23,0.8114754098360656,0,,0
source_loo,SRC-aff65a2cfb4c3237,TRL,1,3,1,0.9918032786885246,107,0.12295081967213117,1,,0
source_loo,SRC-aff65a2cfb4c3237,CRL,1,3,0,1.0,23,0.8114754098360656,0,,0
source_loo,SRC-d1e1040197b0ad12,TRL,1,3,1,0.9918032786885246,107,0.12295081967213117,1,,0
source_loo,SRC-d1e1040197b0ad12,CRL,1,3,0,1.0,23,0.8114754098360656,0,,0
source_loo,SRC-367988bc2c2be7e6,TRL,1,3,1,0.9918032786885246,107,0.12295081967213117,1,,0
source_loo,SRC-367988bc2c2be7e6,CRL,1,3,0,1.0,23,0.8114754098360656,0,,0
source_loo,SRC-f3913ddb60d94da1,TRL,1,7,1,0.9918032786885246,107,0.12295081967213117,1,,0
source_loo,SRC-f3913ddb60d94da1,CRL,1,7,1,0.9918032786885246,22,0.819672131147541,1,,0
source_loo,SRC-b8e1a67018d8c765,TRL,1,3,1,0.9918032786885246,107,0.12295081967213117,1,,0
source_loo,SRC-b8e1a67018d8c765,CRL,1,3,0,1.0,23,0.8114754098360656,0,,0
source_loo,SRC-07c44887c84729cf,TRL,1,3,1,0.9918032786885246,107,0.12295081967213117,1,,0
source_loo,SRC-07c44887c84729cf,CRL,1,3,0,1.0,23,0.8114754098360656,0,,0
source_loo,SRC-1f698ab2cd842521,TRL,1,3,1,0.9918032786885246,107,0.12295081967213117,1,,0
source_loo,SRC-1f698ab2cd842521,CRL,1,3,0,1.0,23,0.8114754098360656,0,,0
source_loo,SRC-945efd96b8b47aa7,TRL,1,3,1,0.9918032786885246,107,0.12295081967213117,1,,0
source_loo,SRC-945efd96b8b47aa7,CRL,1,3,0,1.0,23,0.8114754098360656,0,,0
source_loo,SRC-add2903540622caa,TRL,1,3,1,0.9918032786885246,107,0.12295081967213117,1,,0
source_loo,SRC-add2903540622caa,CRL,1,3,0,1.0,23,0.8114754098360656,0,,0
source_loo,SRC-c69d6cc8d6f6f7a0,TRL,1,3,1,0.9918032786885246,107,0.12295081967213117,1,,0
source_loo,SRC-c69d6cc8d6f6f7a0,CRL,1,3,0,1.0,23,0.8114754098360656,0,,0
source_loo,SRC-8e82f92f17840b0a,TRL,1,3,1,0.9918032786885246,107,0.12295081967213117,1,,0
source_loo,SRC-8e82f92f17840b0a,CRL,1,3,0,1.0,23,0.8114754098360656,0,,0
source_loo,SRC-680bb00f2b361eae,TRL,1,3,1,0.9918032786885246,107,0.12295081967213117,1,,0
source_loo,SRC-680bb00f2b361eae,CRL,1,3,0,1.0,23,0.8114754098360656,0,,0
source_loo,SRC-8e40e85c3ace2f65,TRL,1,3,1,0.9918032786885246,107,0.12295081967213117,1,,0
source_loo,SRC-8e40e85c3ace2f65,CRL,1,3,0,1.0,23,0.8114754098360656,0,,0
source_loo,SRC-a7b862e80ded4969,TRL,1,3,1,0.9918032786885246,107,0.12295081967213117,1,,0
source_loo,SRC-a7b862e80ded4969,CRL,1,3,0,1.0,23,0.8114754098360656,0,,0
source_loo,SRC-a17e726d2a1d90ae,TRL,1,3,1,0.9918032786885246,107,0.12295081967213117,1,,0
source_loo,SRC-a17e726d2a1d90ae,CRL,1,3,0,1.0,23,0.8114754098360656,0,,0
source_loo,SRC-87ddecba5403a25e,TRL,1,3,1,0.9918032786885246,107,0.12295081967213117,1,,0
source_loo,SRC-87ddecba5403a25e,CRL,1,3,0,1.0,23,0.8114754098360656,0,,0
source_loo,SRC-c0537b0788982da7,TRL,1,3,0,1.0,108,0.11475409836065575,0,,0
source_loo,SRC-c0537b0788982da7,CRL,1,3,0,1.0,23,0.8114754098360656,0,,0
source_loo,SRC-429dd6c42220af0b,TRL,1,3,1,0.9918032786885246,107,0.12295081967213117,1,,0
source_loo,SRC-429dd6c42220af0b,CRL,1,3,0,1.0,23,0.8114754098360656,0,,0
source_loo,SRC-e77ccc77816ae123,TRL,1,3,1,0.9918032786885246,107,0.12295081967213117,1,,0
source_loo,SRC-e77ccc77816ae123,CRL,1,3,0,1.0,23,0.8114754098360656,0,,0
source_loo,SRC-08847087cdf33e37,TRL,1,3,1,0.9918032786885246,107,0.12295081967213117,1,,0
source_loo,SRC-08847087cdf33e37,CRL,1,3,0,1.0,23,0.8114754098360656,0,,0
source_loo,SRC-a1d6d3fb5936b600,TRL,1,3,1,0.9918032786885246,107,0.12295081967213117,1,,0
source_loo,SRC-a1d6d3fb5936b600,CRL,1,3,0,1.0,23,0.8114754098360656,0,,0
source_loo,SRC-66e00686540dbb52,TRL,1,3,1,0.9918032786885246,107,0.12295081967213117,1,,0
source_loo,SRC-66e00686540dbb52,CRL,1,3,0,1.0,23,0.8114754098360656,0,,0
source_loo,SRC-b2a6b9067150424e,TRL,1,3,1,0.9918032786885246,107,0.12295081967213117,1,,0
source_loo,SRC-b2a6b9067150424e,CRL,1,3,0,1.0,23,0.8114754098360656,0,,0
source_loo,SRC-9a18446751e308be,TRL,1,3,1,0.9918032786885246,107,0.12295081967213117,1,,0
source_loo,SRC-9a18446751e308be,CRL,1,3,0,1.0,23,0.8114754098360656,0,,0
source_loo,SRC-9645cbc66c36f064,TRL,1,3,1,0.9918032786885246,107,0.12295081967213117,1,,0
source_loo,SRC-9645cbc66c36f064,CRL,1,3,0,1.0,23,0.8114754098360656,0,,0
source_loo,SRC-66ef2c8a56e47641,TRL,1,3,1,0.9918032786885246,107,0.12295081967213117,1,,0
source_loo,SRC-66ef2c8a56e47641,CRL,1,3,0,1.0,23,0.8114754098360656,0,,0
source_loo,SRC-093cf4e3f35543ad,TRL,1,3,1,0.9918032786885246,107,0.12295081967213117,1,,0
source_loo,SRC-093cf4e3f35543ad,CRL,1,3,0,1.0,23,0.8114754098360656,0,,0
source_loo,SRC-aacf0176a64fb555,TRL,1,3,1,0.9918032786885246,107,0.12295081967213117,1,,0
source_loo,SRC-aacf0176a64fb555,CRL,1,3,0,1.0,23,0.8114754098360656,0,,0
source_loo,SRC-c8964b6085bd79a3,TRL,1,3,1,0.9918032786885246,107,0.12295081967213117,1,,0
source_loo,SRC-c8964b6085bd79a3,CRL,1,3,0,1.0,23,0.8114754098360656,0,,0
source_loo,SRC-2dbc8d2ffdf7322b,TRL,1,3,1,0.9918032786885246,107,0.12295081967213117,1,,0
source_loo,SRC-2dbc8d2ffdf7322b,CRL,1,3,0,1.0,23,0.8114754098360656,0,,0
source_loo,SRC-cd6c52952ad7a3a2,TRL,1,3,1,0.9918032786885246,107,0.12295081967213117,1,,0
source_loo,SRC-cd6c52952ad7a3a2,CRL,1,3,0,1.0,23,0.8114754098360656,0,,0
source_loo,SRC-4d12af6faeb8a694,TRL,1,3,1,0.9918032786885246,107,0.12295081967213117,1,,0
source_loo,SRC-4d12af6faeb8a694,CRL,1,3,0,1.0,23,0.8114754098360656,0,,0
source_loo,SRC-0911de5602cb5a6b,TRL,1,3,1,0.9918032786885246,107,0.12295081967213117,1,,0
source_loo,SRC-0911de5602cb5a6b,CRL,1,3,0,1.0,23,0.8114754098360656,0,,0
source_loo,SRC-637342cabb1d4edc,TRL,1,1,1,0.9918032786885246,107,0.12295081967213117,1,,0
source_loo,SRC-637342cabb1d4edc,CRL,1,1,0,1.0,23,0.8114754098360656,0,,0
source_loo,SRC-2be89e9397f34152,TRL,1,2,1,0.9918032786885246,107,0.12295081967213117,1,,0
source_loo,SRC-2be89e9397f34152,CRL,1,2,0,1.0,23,0.8114754098360656,0,,0
source_loo,SRC-982e6e700d10ce5a,TRL,1,3,1,0.9918032786885246,107,0.12295081967213117,1,,0
source_loo,SRC-982e6e700d10ce5a,CRL,1,3,0,1.0,23,0.8114754098360656,0,,0
source_loo,SRC-ec79a3d407205d72,TRL,1,3,1,0.9918032786885246,107,0.12295081967213117,1,,0
source_loo,SRC-ec79a3d407205d72,CRL,1,3,0,1.0,23,0.8114754098360656,0,,0
source_loo,SRC-112fd5e5cf19dd55,TRL,1,3,1,0.9918032786885246,107,0.12295081967213117,1,,0
source_loo,SRC-112fd5e5cf19dd55,CRL,1,3,0,1.0,23,0.8114754098360656,0,,0
source_loo,SRC-392e22bd280aa16b,TRL,1,3,1,0.9918032786885246,107,0.12295081967213117,1,,0
source_loo,SRC-392e22bd280aa16b,CRL,1,3,0,1.0,23,0.8114754098360656,0,,0
source_loo,SRC-e779bc8475aa7922,TRL,1,1,1,0.9918032786885246,107,0.12295081967213117,1,,0
source_loo,SRC-e779bc8475aa7922,CRL,1,1,0,1.0,23,0.8114754098360656,0,,0
source_loo,SRC-2f4121fd7693bfd1,TRL,1,3,1,0.9918032786885246,107,0.12295081967213117,1,,0
source_loo,SRC-2f4121fd7693bfd1,CRL,1,3,0,1.0,23,0.8114754098360656,0,,0
source_loo,SRC-54b1805cfb63aa99,TRL,1,1,1,0.9918032786885246,107,0.12295081967213117,1,,0
source_loo,SRC-54b1805cfb63aa99,CRL,1,1,0,1.0,23,0.8114754098360656,0,,0
source_loo,SRC-c745077128477833,TRL,1,3,1,0.9918032786885246,107,0.12295081967213117,1,,0
source_loo,SRC-c745077128477833,CRL,1,3,0,1.0,23,0.8114754098360656,0,,0
source_loo,SRC-d008a1ec4c8accd9,TRL,1,3,1,0.9918032786885246,107,0.12295081967213117,1,,0
source_loo,SRC-d008a1ec4c8accd9,CRL,1,3,0,1.0,23,0.8114754098360656,0,,0
source_loo,SRC-b1102d783b3e7dcc,TRL,1,3,1,0.9918032786885246,107,0.12295081967213117,1,,0
source_loo,SRC-b1102d783b3e7dcc,CRL,1,3,0,1.0,23,0.8114754098360656,0,,0
source_loo,SRC-7ce4d9efe5988dd4,TRL,1,3,1,0.9918032786885246,107,0.12295081967213117,1,,0
source_loo,SRC-7ce4d9efe5988dd4,CRL,1,3,0,1.0,23,0.8114754098360656,0,,0
source_loo,SRC-78bdfa6337776556,TRL,1,7,1,0.9918032786885246,107,0.12295081967213117,1,,0
source_loo,SRC-78bdfa6337776556,CRL,1,7,1,0.9918032786885246,22,0.819672131147541,1,,0
source_loo,SRC-a905e6684ace13a8,TRL,10,62,8,0.9344262295081968,100,0.180327868852459,8,,0
source_loo,SRC-a905e6684ace13a8,CRL,10,62,10,0.9180327868852459,13,0.8934426229508197,10,,0
source_loo,SRC-4e54f4c392f385fa,TRL,1,7,0,1.0,108,0.11475409836065575,0,,0
source_loo,SRC-4e54f4c392f385fa,CRL,1,7,0,1.0,23,0.8114754098360656,0,,0
source_loo,SRC-42f9a001b584b867,TRL,1,3,0,1.0,108,0.11475409836065575,0,,0
source_loo,SRC-42f9a001b584b867,CRL,1,3,1,0.9918032786885246,22,0.819672131147541,1,,0
source_loo,SRC-99d28faf8afa1b0e,TRL,1,3,0,1.0,108,0.11475409836065575,0,,0
source_loo,SRC-99d28faf8afa1b0e,CRL,1,3,1,0.9918032786885246,22,0.819672131147541,1,,0
source_loo,SRC-1975d31a2c99eee0,TRL,1,7,1,0.9918032786885246,107,0.12295081967213117,1,,0
source_loo,SRC-1975d31a2c99eee0,CRL,1,7,1,0.9918032786885246,22,0.819672131147541,1,,0
source_loo,SRC-dea26ea30c6043c8,TRL,1,4,1,0.9918032786885246,107,0.12295081967213117,1,,0
source_loo,SRC-dea26ea30c6043c8,CRL,1,4,0,1.0,23,0.8114754098360656,0,,0
source_loo,SRC-1769cb5c4bf5225c,TRL,1,3,0,1.0,108,0.11475409836065575,0,,0
source_loo,SRC-1769cb5c4bf5225c,CRL,1,3,1,0.9918032786885246,22,0.819672131147541,1,,0
source_loo,SRC-c5e87ffedfd3ff6f,TRL,1,3,0,1.0,108,0.11475409836065575,0,,0
source_loo,SRC-c5e87ffedfd3ff6f,CRL,1,3,1,0.9918032786885246,22,0.819672131147541,1,,0
source_loo,SRC-882a48ef7dab18e5,TRL,2,6,1,0.9918032786885246,107,0.12295081967213117,1,,0
source_loo,SRC-882a48ef7dab18e5,CRL,2,6,1,0.9918032786885246,22,0.819672131147541,1,,0
source_loo,SRC-54058557f5062cc1,TRL,2,3,1,0.9918032786885246,107,0.12295081967213117,1,,0
source_loo,SRC-54058557f5062cc1,CRL,2,3,0,1.0,23,0.8114754098360656,0,,0
source_loo,SRC-0cd22b881bf82fe4,TRL,0,0,0,1.0,108,0.11475409836065575,0,,0
source_loo,SRC-0cd22b881bf82fe4,CRL,0,0,0,1.0,23,0.8114754098360656,0,,0
passage_loo,E-C0009-B01,TRL,1,3,1,0.9918032786885246,107,0.12295081967213117,1,,0
passage_loo,E-C0009-B01,CRL,1,3,0,1.0,23,0.8114754098360656,0,,0
passage_loo,E-C0493-B01,TRL,1,6,1,0.9918032786885246,107,0.12295081967213117,1,,0
passage_loo,E-C0493-B01,CRL,1,6,0,1.0,23,0.8114754098360656,0,,0
passage_loo,E-C0060-B01,TRL,1,5,1,0.9918032786885246,107,0.12295081967213117,1,,0
passage_loo,E-C0060-B01,CRL,1,5,0,1.0,23,0.8114754098360656,0,,0
passage_loo,E-C0067-B01,TRL,1,3,1,0.9918032786885246,107,0.12295081967213117,1,,0
passage_loo,E-C0067-B01,CRL,1,3,0,1.0,23,0.8114754098360656,0,,0
passage_loo,E-C0091-B01,TRL,1,6,1,0.9918032786885246,107,0.12295081967213117,1,,0
passage_loo,E-C0091-B01,CRL,1,6,0,1.0,23,0.8114754098360656,0,,0
passage_loo,E-C0098-B01,TRL,1,3,0,1.0,108,0.11475409836065575,0,,0
passage_loo,E-C0098-B01,CRL,1,3,0,1.0,23,0.8114754098360656,0,,0
passage_loo,E-C0122-B01,TRL,1,5,1,0.9918032786885246,107,0.12295081967213117,1,,0
passage_loo,E-C0122-B01,CRL,1,5,0,1.0,23,0.8114754098360656,0,,0
passage_loo,E-C0124-B01,TRL,1,1,1,0.9918032786885246,107,0.12295081967213117,1,,0
passage_loo,E-C0124-B01,CRL,1,1,0,1.0,23,0.8114754098360656,0,,0
passage_loo,E-C0155-B01,TRL,1,6,1,0.9918032786885246,107,0.12295081967213117,1,,0
passage_loo,E-C0155-B01,CRL,1,6,0,1.0,23,0.8114754098360656,0,,0
passage_loo,E-C0593-B01,TRL,1,3,1,0.9918032786885246,107,0.12295081967213117,1,,0
passage_loo,E-C0593-B01,CRL,1,3,0,1.0,23,0.8114754098360656,0,,0
passage_loo,E-C0186-B01,TRL,1,3,0,1.0,108,0.11475409836065575,0,,0
passage_loo,E-C0186-B01,CRL,1,3,0,1.0,23,0.8114754098360656,0,,0
passage_loo,E-C0191-B01,TRL,1,4,1,0.9918032786885246,107,0.12295081967213117,1,,0
passage_loo,E-C0191-B01,CRL,1,4,0,1.0,23,0.8114754098360656,0,,0
passage_loo,E-C0210-B01,TRL,1,5,1,0.9918032786885246,107,0.12295081967213117,1,,0
passage_loo,E-C0210-B01,CRL,1,5,0,1.0,23,0.8114754098360656,0,,0
passage_loo,E-C0216-B01,TRL,1,6,1,0.9918032786885246,107,0.12295081967213117,1,,0
passage_loo,E-C0216-B01,CRL,1,6,0,1.0,23,0.8114754098360656,0,,0
passage_loo,E-C0221-B01,TRL,1,3,1,0.9918032786885246,107,0.12295081967213117,1,,0
passage_loo,E-C0221-B01,CRL,1,3,0,1.0,23,0.8114754098360656,0,,0
passage_loo,E-C0246-B01,TRL,1,6,0,1.0,108,0.11475409836065575,0,,0
passage_loo,E-C0246-B01,CRL,1,6,1,0.9918032786885246,22,0.819672131147541,1,,0
passage_loo,E-C0251-B01,TRL,1,5,1,0.9918032786885246,107,0.12295081967213117,1,,0
passage_loo,E-C0251-B01,CRL,1,5,0,1.0,23,0.8114754098360656,0,,0
passage_loo,E-C0254-B01,TRL,1,6,1,0.9918032786885246,107,0.12295081967213117,1,,0
passage_loo,E-C0254-B01,CRL,1,6,0,1.0,23,0.8114754098360656,0,,0
passage_loo,E-C0518-B01,TRL,1,6,1,0.9918032786885246,107,0.12295081967213117,1,,0
passage_loo,E-C0518-B01,CRL,1,6,0,1.0,23,0.8114754098360656,0,,0
passage_loo,E-C0278-B01,TRL,1,5,1,0.9918032786885246,107,0.12295081967213117,1,,0
passage_loo,E-C0278-B01,CRL,1,5,0,1.0,23,0.8114754098360656,0,,0
passage_loo,E-C0294-B01,TRL,1,6,1,0.9918032786885246,107,0.12295081967213117,1,,0
passage_loo,E-C0294-B01,CRL,1,6,0,1.0,23,0.8114754098360656,0,,0
passage_loo,E-C0684-B01,TRL,1,3,1,0.9918032786885246,107,0.12295081967213117,1,,0
passage_loo,E-C0684-B01,CRL,1,3,0,1.0,23,0.8114754098360656,0,,0
passage_loo,E-C0356-B01,TRL,1,1,1,0.9918032786885246,107,0.12295081967213117,1,,0
passage_loo,E-C0356-B01,CRL,1,1,0,1.0,23,0.8114754098360656,0,,0
passage_loo,E-C0435-B01,TRL,1,3,0,1.0,108,0.11475409836065575,0,,0
passage_loo,E-C0435-B01,CRL,1,3,0,1.0,23,0.8114754098360656,0,,0
passage_loo,E-C0443-B01,TRL,1,3,1,0.9918032786885246,107,0.12295081967213117,1,,0
passage_loo,E-C0443-B01,CRL,1,3,0,1.0,23,0.8114754098360656,0,,0
passage_loo,E-C0191-B02,TRL,1,6,0,1.0,108,0.11475409836065575,0,,0
passage_loo,E-C0191-B02,CRL,1,6,1,0.9918032786885246,22,0.819672131147541,1,,0
passage_loo,E-C0665-B01,TRL,1,7,1,0.9918032786885246,107,0.12295081967213117,1,,0
passage_loo,E-C0665-B01,CRL,1,7,1,0.9918032786885246,22,0.819672131147541,1,,0
passage_loo,E-C0098-B02,TRL,1,6,0,1.0,108,0.11475409836065575,0,,0
passage_loo,E-C0098-B02,CRL,1,6,1,0.9918032786885246,22,0.819672131147541,1,,0
passage_loo,E-C0509-B01,TRL,1,6,0,1.0,108,0.11475409836065575,0,,0
passage_loo,E-C0509-B01,CRL,1,6,1,0.9918032786885246,22,0.819672131147541,1,,0
passage_loo,E-C0246-B02,TRL,1,1,1,0.9918032786885246,107,0.12295081967213117,1,,0
passage_loo,E-C0246-B02,CRL,1,1,0,1.0,23,0.8114754098360656,0,,0
passage_loo,E-C0356-B02,TRL,1,1,1,0.9918032786885246,107,0.12295081967213117,1,,0
passage_loo,E-C0356-B02,CRL,1,1,0,1.0,23,0.8114754098360656,0,,0
passage_loo,E-C0124-B02,TRL,1,1,1,0.9918032786885246,107,0.12295081967213117,1,,0
passage_loo,E-C0124-B02,CRL,1,1,0,1.0,23,0.8114754098360656,0,,0
passage_loo,E-C0487-N01,TRL,1,3,1,0.9918032786885246,107,0.12295081967213117,1,,0
passage_loo,E-C0487-N01,CRL,1,3,0,1.0,23,0.8114754098360656,0,,0
passage_loo,E-C0490-N01,TRL,1,3,1,0.9918032786885246,107,0.12295081967213117,1,,0
passage_loo,E-C0490-N01,CRL,1,3,0,1.0,23,0.8114754098360656,0,,0
passage_loo,E-C0491-N01,TRL,1,3,1,0.9918032786885246,107,0.12295081967213117,1,,0
passage_loo,E-C0491-N01,CRL,1,3,0,1.0,23,0.8114754098360656,0,,0
passage_loo,E-C0492-N01,TRL,1,3,1,0.9918032786885246,107,0.12295081967213117,1,,0
passage_loo,E-C0492-N01,CRL,1,3,0,1.0,23,0.8114754098360656,0,,0
passage_loo,E-C0494-N01,TRL,1,3,1,0.9918032786885246,107,0.12295081967213117,1,,0
passage_loo,E-C0494-N01,CRL,1,3,0,1.0,23,0.8114754098360656,0,,0
passage_loo,E-C0495-N01,TRL,1,3,1,0.9918032786885246,107,0.12295081967213117,1,,0
passage_loo,E-C0495-N01,CRL,1,3,0,1.0,23,0.8114754098360656,0,,0
passage_loo,E-C0497-N01,TRL,1,3,1,0.9918032786885246,107,0.12295081967213117,1,,0
passage_loo,E-C0497-N01,CRL,1,3,0,1.0,23,0.8114754098360656,0,,0
passage_loo,E-C0499-N01,TRL,1,3,1,0.9918032786885246,107,0.12295081967213117,1,,0
passage_loo,E-C0499-N01,CRL,1,3,0,1.0,23,0.8114754098360656,0,,0
passage_loo,E-C0500-N01,TRL,1,3,1,0.9918032786885246,107,0.12295081967213117,1,,0
passage_loo,E-C0500-N01,CRL,1,3,0,1.0,23,0.8114754098360656,0,,0
passage_loo,E-C0501-N01,TRL,1,3,1,0.9918032786885246,107,0.12295081967213117,1,,0
passage_loo,E-C0501-N01,CRL,1,3,0,1.0,23,0.8114754098360656,0,,0
passage_loo,E-C0502-N01,TRL,1,3,1,0.9918032786885246,107,0.12295081967213117,1,,0
passage_loo,E-C0502-N01,CRL,1,3,0,1.0,23,0.8114754098360656,0,,0
passage_loo,E-C0504-N01,TRL,1,3,1,0.9918032786885246,107,0.12295081967213117,1,,0
passage_loo,E-C0504-N01,CRL,1,3,0,1.0,23,0.8114754098360656,0,,0
passage_loo,E-C0507-N01,TRL,1,3,1,0.9918032786885246,107,0.12295081967213117,1,,0
passage_loo,E-C0507-N01,CRL,1,3,0,1.0,23,0.8114754098360656,0,,0
passage_loo,E-C0510-N01,TRL,1,3,1,0.9918032786885246,107,0.12295081967213117,1,,0
passage_loo,E-C0510-N01,CRL,1,3,0,1.0,23,0.8114754098360656,0,,0
passage_loo,E-C0512-N01,TRL,1,3,1,0.9918032786885246,107,0.12295081967213117,1,,0
passage_loo,E-C0512-N01,CRL,1,3,0,1.0,23,0.8114754098360656,0,,0
passage_loo,E-C0513-N01,TRL,1,3,1,0.9918032786885246,107,0.12295081967213117,1,,0
passage_loo,E-C0513-N01,CRL,1,3,0,1.0,23,0.8114754098360656,0,,0
passage_loo,E-C0514-N01,TRL,1,3,1,0.9918032786885246,107,0.12295081967213117,1,,0
passage_loo,E-C0514-N01,CRL,1,3,0,1.0,23,0.8114754098360656,0,,0
passage_loo,E-C0515-N01,TRL,1,3,1,0.9918032786885246,107,0.12295081967213117,1,,0
passage_loo,E-C0515-N01,CRL,1,3,0,1.0,23,0.8114754098360656,0,,0
passage_loo,E-C0517-N01,TRL,1,3,1,0.9918032786885246,107,0.12295081967213117,1,,0
passage_loo,E-C0517-N01,CRL,1,3,0,1.0,23,0.8114754098360656,0,,0
passage_loo,E-C0519-N01,TRL,1,3,1,0.9918032786885246,107,0.12295081967213117,1,,0
passage_loo,E-C0519-N01,CRL,1,3,0,1.0,23,0.8114754098360656,0,,0
passage_loo,E-C0520-N01,TRL,1,1,1,0.9918032786885246,107,0.12295081967213117,1,,0
passage_loo,E-C0520-N01,CRL,1,1,0,1.0,23,0.8114754098360656,0,,0
passage_loo,E-C0521-N01,TRL,1,3,1,0.9918032786885246,107,0.12295081967213117,1,,0
passage_loo,E-C0521-N01,CRL,1,3,0,1.0,23,0.8114754098360656,0,,0
passage_loo,E-C0524-N01,TRL,1,3,0,1.0,108,0.11475409836065575,0,,0
passage_loo,E-C0524-N01,CRL,1,3,0,1.0,23,0.8114754098360656,0,,0
passage_loo,E-C0525-N01,TRL,1,3,1,0.9918032786885246,107,0.12295081967213117,1,,0
passage_loo,E-C0525-N01,CRL,1,3,0,1.0,23,0.8114754098360656,0,,0
passage_loo,E-C0529-N01,TRL,1,3,1,0.9918032786885246,107,0.12295081967213117,1,,0
passage_loo,E-C0529-N01,CRL,1,3,0,1.0,23,0.8114754098360656,0,,0
passage_loo,E-C0531-N01,TRL,1,3,1,0.9918032786885246,107,0.12295081967213117,1,,0
passage_loo,E-C0531-N01,CRL,1,3,0,1.0,23,0.8114754098360656,0,,0
passage_loo,E-C0532-N01,TRL,1,3,1,0.9918032786885246,107,0.12295081967213117,1,,0
passage_loo,E-C0532-N01,CRL,1,3,0,1.0,23,0.8114754098360656,0,,0
passage_loo,E-C0533-N01,TRL,1,3,1,0.9918032786885246,107,0.12295081967213117,1,,0
passage_loo,E-C0533-N01,CRL,1,3,0,1.0,23,0.8114754098360656,0,,0
passage_loo,E-C0535-N01,TRL,1,3,1,0.9918032786885246,107,0.12295081967213117,1,,0
passage_loo,E-C0535-N01,CRL,1,3,0,1.0,23,0.8114754098360656,0,,0
passage_loo,E-C0540-N01,TRL,1,7,1,0.9918032786885246,107,0.12295081967213117,1,,0
passage_loo,E-C0540-N01,CRL,1,7,1,0.9918032786885246,22,0.819672131147541,1,,0
passage_loo,E-C0543-N01,TRL,1,3,1,0.9918032786885246,107,0.12295081967213117,1,,0
passage_loo,E-C0543-N01,CRL,1,3,0,1.0,23,0.8114754098360656,0,,0
passage_loo,E-C0546-N01,TRL,1,3,1,0.9918032786885246,107,0.12295081967213117,1,,0
passage_loo,E-C0546-N01,CRL,1,3,0,1.0,23,0.8114754098360656,0,,0
passage_loo,E-C0549-N01,TRL,1,3,1,0.9918032786885246,107,0.12295081967213117,1,,0
passage_loo,E-C0549-N01,CRL,1,3,0,1.0,23,0.8114754098360656,0,,0
passage_loo,E-C0552-N01,TRL,1,3,1,0.9918032786885246,107,0.12295081967213117,1,,0
passage_loo,E-C0552-N01,CRL,1,3,0,1.0,23,0.8114754098360656,0,,0
passage_loo,E-C0556-N01,TRL,1,3,1,0.9918032786885246,107,0.12295081967213117,1,,0
passage_loo,E-C0556-N01,CRL,1,3,0,1.0,23,0.8114754098360656,0,,0
passage_loo,E-C0559-N01,TRL,1,3,1,0.9918032786885246,107,0.12295081967213117,1,,0
passage_loo,E-C0559-N01,CRL,1,3,0,1.0,23,0.8114754098360656,0,,0
passage_loo,E-C0562-N01,TRL,1,3,1,0.9918032786885246,107,0.12295081967213117,1,,0
passage_loo,E-C0562-N01,CRL,1,3,0,1.0,23,0.8114754098360656,0,,0
passage_loo,E-C0565-N01,TRL,1,3,1,0.9918032786885246,107,0.12295081967213117,1,,0
passage_loo,E-C0565-N01,CRL,1,3,0,1.0,23,0.8114754098360656,0,,0
passage_loo,E-C0576-N01,TRL,1,3,1,0.9918032786885246,107,0.12295081967213117,1,,0
passage_loo,E-C0576-N01,CRL,1,3,0,1.0,23,0.8114754098360656,0,,0
passage_loo,E-C0579-N01,TRL,1,3,1,0.9918032786885246,107,0.12295081967213117,1,,0
passage_loo,E-C0579-N01,CRL,1,3,0,1.0,23,0.8114754098360656,0,,0
passage_loo,E-C0582-N01,TRL,1,3,1,0.9918032786885246,107,0.12295081967213117,1,,0
passage_loo,E-C0582-N01,CRL,1,3,0,1.0,23,0.8114754098360656,0,,0
passage_loo,E-C0585-N01,TRL,1,3,1,0.9918032786885246,107,0.12295081967213117,1,,0
passage_loo,E-C0585-N01,CRL,1,3,0,1.0,23,0.8114754098360656,0,,0
passage_loo,E-C0588-N01,TRL,1,3,0,1.0,108,0.11475409836065575,0,,0
passage_loo,E-C0588-N01,CRL,1,3,0,1.0,23,0.8114754098360656,0,,0
passage_loo,E-C0591-N01,TRL,1,3,1,0.9918032786885246,107,0.12295081967213117,1,,0
passage_loo,E-C0591-N01,CRL,1,3,0,1.0,23,0.8114754098360656,0,,0
passage_loo,E-C0597-N01,TRL,1,3,1,0.9918032786885246,107,0.12295081967213117,1,,0
passage_loo,E-C0597-N01,CRL,1,3,0,1.0,23,0.8114754098360656,0,,0
passage_loo,E-C0600-N01,TRL,1,3,1,0.9918032786885246,107,0.12295081967213117,1,,0
passage_loo,E-C0600-N01,CRL,1,3,0,1.0,23,0.8114754098360656,0,,0
passage_loo,E-C0603-N01,TRL,1,3,1,0.9918032786885246,107,0.12295081967213117,1,,0
passage_loo,E-C0603-N01,CRL,1,3,0,1.0,23,0.8114754098360656,0,,0
passage_loo,E-C0606-N01,TRL,1,3,1,0.9918032786885246,107,0.12295081967213117,1,,0
passage_loo,E-C0606-N01,CRL,1,3,0,1.0,23,0.8114754098360656,0,,0
passage_loo,E-C0609-N01,TRL,1,3,1,0.9918032786885246,107,0.12295081967213117,1,,0
passage_loo,E-C0609-N01,CRL,1,3,0,1.0,23,0.8114754098360656,0,,0
passage_loo,E-C0616-N01,TRL,1,3,1,0.9918032786885246,107,0.12295081967213117,1,,0
passage_loo,E-C0616-N01,CRL,1,3,0,1.0,23,0.8114754098360656,0,,0
passage_loo,E-C0627-N01,TRL,1,3,1,0.9918032786885246,107,0.12295081967213117,1,,0
passage_loo,E-C0627-N01,CRL,1,3,0,1.0,23,0.8114754098360656,0,,0
passage_loo,E-C0632-N01,TRL,1,3,1,0.9918032786885246,107,0.12295081967213117,1,,0
passage_loo,E-C0632-N01,CRL,1,3,0,1.0,23,0.8114754098360656,0,,0
passage_loo,E-C0637-N01,TRL,1,3,1,0.9918032786885246,107,0.12295081967213117,1,,0
passage_loo,E-C0637-N01,CRL,1,3,0,1.0,23,0.8114754098360656,0,,0
passage_loo,E-C0644-N01,TRL,1,3,1,0.9918032786885246,107,0.12295081967213117,1,,0
passage_loo,E-C0644-N01,CRL,1,3,0,1.0,23,0.8114754098360656,0,,0
passage_loo,E-C0650-N01,TRL,1,3,1,0.9918032786885246,107,0.12295081967213117,1,,0
passage_loo,E-C0650-N01,CRL,1,3,0,1.0,23,0.8114754098360656,0,,0
passage_loo,E-C0661-N01,TRL,1,3,1,0.9918032786885246,107,0.12295081967213117,1,,0
passage_loo,E-C0661-N01,CRL,1,3,0,1.0,23,0.8114754098360656,0,,0
passage_loo,E-C0667-N01,TRL,1,3,1,0.9918032786885246,107,0.12295081967213117,1,,0
passage_loo,E-C0667-N01,CRL,1,3,0,1.0,23,0.8114754098360656,0,,0
passage_loo,E-C0673-N01,TRL,1,3,1,0.9918032786885246,107,0.12295081967213117,1,,0
passage_loo,E-C0673-N01,CRL,1,3,0,1.0,23,0.8114754098360656,0,,0
passage_loo,E-C0679-N01,TRL,1,3,1,0.9918032786885246,107,0.12295081967213117,1,,0
passage_loo,E-C0679-N01,CRL,1,3,0,1.0,23,0.8114754098360656,0,,0
passage_loo,E-C0685-N01,TRL,1,1,1,0.9918032786885246,107,0.12295081967213117,1,,0
passage_loo,E-C0685-N01,CRL,1,1,0,1.0,23,0.8114754098360656,0,,0
passage_loo,E-C0690-N01,TRL,1,2,1,0.9918032786885246,107,0.12295081967213117,1,,0
passage_loo,E-C0690-N01,CRL,1,2,0,1.0,23,0.8114754098360656,0,,0
passage_loo,E-C0657-N01,TRL,1,3,1,0.9918032786885246,107,0.12295081967213117,1,,0
passage_loo,E-C0657-N01,CRL,1,3,0,1.0,23,0.8114754098360656,0,,0
passage_loo,E-C0660-N01,TRL,1,3,1,0.9918032786885246,107,0.12295081967213117,1,,0
passage_loo,E-C0660-N01,CRL,1,3,0,1.0,23,0.8114754098360656,0,,0
passage_loo,E-C0697-N01,TRL,1,3,1,0.9918032786885246,107,0.12295081967213117,1,,0
passage_loo,E-C0697-N01,CRL,1,3,0,1.0,23,0.8114754098360656,0,,0
passage_loo,E-C0703-N01,TRL,1,3,1,0.9918032786885246,107,0.12295081967213117,1,,0
passage_loo,E-C0703-N01,CRL,1,3,0,1.0,23,0.8114754098360656,0,,0
passage_loo,E-C0708-N01,TRL,1,1,1,0.9918032786885246,107,0.12295081967213117,1,,0
passage_loo,E-C0708-N01,CRL,1,1,0,1.0,23,0.8114754098360656,0,,0
passage_loo,E-C0713-N01,TRL,1,3,1,0.9918032786885246,107,0.12295081967213117,1,,0
passage_loo,E-C0713-N01,CRL,1,3,0,1.0,23,0.8114754098360656,0,,0
passage_loo,E-C0718-N01,TRL,1,1,1,0.9918032786885246,107,0.12295081967213117,1,,0
passage_loo,E-C0718-N01,CRL,1,1,0,1.0,23,0.8114754098360656,0,,0
passage_loo,E-C0725-N01,TRL,1,3,1,0.9918032786885246,107,0.12295081967213117,1,,0
passage_loo,E-C0725-N01,CRL,1,3,0,1.0,23,0.8114754098360656,0,,0
passage_loo,E-C0737-N01,TRL,1,3,1,0.9918032786885246,107,0.12295081967213117,1,,0
passage_loo,E-C0737-N01,CRL,1,3,0,1.0,23,0.8114754098360656,0,,0
passage_loo,E-C0742-N01,TRL,1,3,1,0.9918032786885246,107,0.12295081967213117,1,,0
passage_loo,E-C0742-N01,CRL,1,3,0,1.0,23,0.8114754098360656,0,,0
passage_loo,E-C0747-N01,TRL,1,3,1,0.9918032786885246,107,0.12295081967213117,1,,0
passage_loo,E-C0747-N01,CRL,1,3,0,1.0,23,0.8114754098360656,0,,0
passage_loo,WE-463124318ea7b90f,TRL,1,7,1,0.9918032786885246,107,0.12295081967213117,1,,0
passage_loo,WE-463124318ea7b90f,CRL,1,7,1,0.9918032786885246,22,0.819672131147541,1,,0
passage_loo,WE-cce8afb0d1e8931d,TRL,1,7,1,0.9918032786885246,107,0.12295081967213117,1,,0
passage_loo,WE-cce8afb0d1e8931d,CRL,1,7,1,0.9918032786885246,22,0.819672131147541,1,,0
passage_loo,WE-deb9619d665c64f6,TRL,1,7,1,0.9918032786885246,107,0.12295081967213117,1,,0
passage_loo,WE-deb9619d665c64f6,CRL,1,7,1,0.9918032786885246,22,0.819672131147541,1,,0
passage_loo,WE-2a67fef8a4442267,TRL,1,7,1,0.9918032786885246,107,0.12295081967213117,1,,0
passage_loo,WE-2a67fef8a4442267,CRL,1,7,1,0.9918032786885246,22,0.819672131147541,1,,0
passage_loo,WE-7c87e3f7b02fc6ca,TRL,1,7,1,0.9918032786885246,107,0.12295081967213117,1,,0
passage_loo,WE-7c87e3f7b02fc6ca,CRL,1,7,1,0.9918032786885246,22,0.819672131147541,1,,0
passage_loo,WE-c57cefbcfc689253,TRL,1,7,1,0.9918032786885246,107,0.12295081967213117,1,,0
passage_loo,WE-c57cefbcfc689253,CRL,1,7,1,0.9918032786885246,22,0.819672131147541,1,,0
passage_loo,WE-3dbc384a678fbe04,TRL,1,7,1,0.9918032786885246,107,0.12295081967213117,1,,0
passage_loo,WE-3dbc384a678fbe04,CRL,1,7,1,0.9918032786885246,22,0.819672131147541,1,,0
passage_loo,WE-10d8ff7ef2fa2466,TRL,1,7,1,0.9918032786885246,107,0.12295081967213117,1,,0
passage_loo,WE-10d8ff7ef2fa2466,CRL,1,7,1,0.9918032786885246,22,0.819672131147541,1,,0
passage_loo,WE-c01f3feda2753bdf,TRL,1,3,0,1.0,108,0.11475409836065575,0,,0
passage_loo,WE-c01f3feda2753bdf,CRL,1,3,1,0.9918032786885246,22,0.819672131147541,1,,0
passage_loo,WE-7caee41fb976c667,TRL,1,3,0,1.0,108,0.11475409836065575,0,,0
passage_loo,WE-7caee41fb976c667,CRL,1,3,1,0.9918032786885246,22,0.819672131147541,1,,0
passage_loo,WE-443f2c5b3365383b,TRL,1,7,0,1.0,108,0.11475409836065575,0,,0
passage_loo,WE-443f2c5b3365383b,CRL,1,7,0,1.0,23,0.8114754098360656,0,,0
passage_loo,WE-fff330a1feddfd1d,TRL,1,3,0,1.0,108,0.11475409836065575,0,,0
passage_loo,WE-fff330a1feddfd1d,CRL,1,3,1,0.9918032786885246,22,0.819672131147541,1,,0
passage_loo,WE-7242d72bed847f60,TRL,1,3,0,1.0,108,0.11475409836065575,0,,0
passage_loo,WE-7242d72bed847f60,CRL,1,3,1,0.9918032786885246,22,0.819672131147541,1,,0
passage_loo,WE-04ecbc35417e5318,TRL,1,7,1,0.9918032786885246,107,0.12295081967213117,1,,0
passage_loo,WE-04ecbc35417e5318,CRL,1,7,1,0.9918032786885246,22,0.819672131147541,1,,0
passage_loo,WE-180b2f5ec3aa1e39,TRL,1,4,1,0.9918032786885246,107,0.12295081967213117,1,,0
passage_loo,WE-180b2f5ec3aa1e39,CRL,1,4,0,1.0,23,0.8114754098360656,0,,0
passage_loo,WE-851b678d97f85007,TRL,1,3,0,1.0,108,0.11475409836065575,0,,0
passage_loo,WE-851b678d97f85007,CRL,1,3,1,0.9918032786885246,22,0.819672131147541,1,,0
passage_loo,WE-47378740c49a50c7,TRL,1,3,0,1.0,108,0.11475409836065575,0,,0
passage_loo,WE-47378740c49a50c7,CRL,1,3,1,0.9918032786885246,22,0.819672131147541,1,,0
passage_loo,WE-d1ee7df695cefc48,TRL,1,7,1,0.9918032786885246,107,0.12295081967213117,1,,0
passage_loo,WE-d1ee7df695cefc48,CRL,1,7,1,0.9918032786885246,22,0.819672131147541,1,,0
passage_loo,WE-2621764981a04a83,TRL,1,4,1,0.9918032786885246,107,0.12295081967213117,1,,0
passage_loo,WE-2621764981a04a83,CRL,1,4,1,0.9918032786885246,22,0.819672131147541,1,,0
passage_loo,WE-1892f220165a5945,TRL,1,2,1,0.9918032786885246,107,0.12295081967213117,1,,0
passage_loo,WE-1892f220165a5945,CRL,1,2,0,1.0,23,0.8114754098360656,0,,0
passage_loo,WE-56f00a9097a0a21c,TRL,1,2,1,0.9918032786885246,107,0.12295081967213117,1,,0
passage_loo,WE-56f00a9097a0a21c,CRL,1,2,0,1.0,23,0.8114754098360656,0,,0
passage_loo,WE-ccb238342a17cfad,TRL,1,1,1,0.9918032786885246,107,0.12295081967213117,1,,0
passage_loo,WE-ccb238342a17cfad,CRL,1,1,0,1.0,23,0.8114754098360656,0,,0
observation_loo,O-C0009-B01-TRL4-critical,TRL,0,1,1,0.9918032786885246,107,0.12295081967213117,1,,0
observation_loo,O-C0009-B01-TRL4-critical,CRL,0,1,0,1.0,23,0.8114754098360656,0,,0
observation_loo,O-C0009-B01-TRL4-laboratory,TRL,0,1,1,0.9918032786885246,107,0.12295081967213117,1,,0
observation_loo,O-C0009-B01-TRL4-laboratory,CRL,0,1,0,1.0,23,0.8114754098360656,0,,0
observation_loo,O-C0009-B01-TRL4-validation,TRL,0,1,1,0.9918032786885246,107,0.12295081967213117,1,,0
observation_loo,O-C0009-B01-TRL4-validation,CRL,0,1,0,1.0,23,0.8114754098360656,0,,0
observation_loo,O-C0493-B01-TRL6-prototype,TRL,0,1,0,1.0,108,0.11475409836065575,0,,0
observation_loo,O-C0493-B01-TRL6-prototype,CRL,0,1,0,1.0,23,0.8114754098360656,0,,0
observation_loo,O-C0493-B01-TRL6-integration,TRL,0,1,0,1.0,108,0.11475409836065575,0,,0
observation_loo,O-C0493-B01-TRL6-integration,CRL,0,1,0,1.0,23,0.8114754098360656,0,,0
observation_loo,O-C0493-B01-TRL6-environment,TRL,0,1,0,1.0,108,0.11475409836065575,0,,0
observation_loo,O-C0493-B01-TRL6-environment,CRL,0,1,0,1.0,23,0.8114754098360656,0,,0
observation_loo,O-C0060-B01-TRL5-component,TRL,0,1,0,1.0,108,0.11475409836065575,0,,0
observation_loo,O-C0060-B01-TRL5-component,CRL,0,1,0,1.0,23,0.8114754098360656,0,,0
observation_loo,O-C0060-B01-TRL5-integration,TRL,0,1,0,1.0,108,0.11475409836065575,0,,0
observation_loo,O-C0060-B01-TRL5-integration,CRL,0,1,0,1.0,23,0.8114754098360656,0,,0
observation_loo,O-C0067-B01-TRL4-critical,TRL,0,1,1,0.9918032786885246,107,0.12295081967213117,1,,0
observation_loo,O-C0067-B01-TRL4-critical,CRL,0,1,0,1.0,23,0.8114754098360656,0,,0
observation_loo,O-C0067-B01-TRL4-laboratory,TRL,0,1,1,0.9918032786885246,107,0.12295081967213117,1,,0
observation_loo,O-C0067-B01-TRL4-laboratory,CRL,0,1,0,1.0,23,0.8114754098360656,0,,0
observation_loo,O-C0067-B01-TRL4-validation,TRL,0,1,1,0.9918032786885246,107,0.12295081967213117,1,,0
observation_loo,O-C0067-B01-TRL4-validation,CRL,0,1,0,1.0,23,0.8114754098360656,0,,0
observation_loo,O-C0091-B01-TRL5-component,TRL,0,1,0,1.0,108,0.11475409836065575,0,,0
observation_loo,O-C0091-B01-TRL5-component,CRL,0,1,0,1.0,23,0.8114754098360656,0,,0
observation_loo,O-C0091-B01-TRL5-integration,TRL,0,1,0,1.0,108,0.11475409836065575,0,,0
observation_loo,O-C0091-B01-TRL5-integration,CRL,0,1,0,1.0,23,0.8114754098360656,0,,0
observation_loo,O-C0091-B01-TRL5-environment,TRL,0,1,0,1.0,108,0.11475409836065575,0,,0
observation_loo,O-C0091-B01-TRL5-environment,CRL,0,1,0,1.0,23,0.8114754098360656,0,,0
observation_loo,O-C0098-B01-TRL6-prototype,TRL,0,1,0,1.0,108,0.11475409836065575,0,,0
observation_loo,O-C0098-B01-TRL6-prototype,CRL,0,1,0,1.0,23,0.8114754098360656,0,,0
observation_loo,O-C0098-B01-TRL6-integration,TRL,0,1,0,1.0,108,0.11475409836065575,0,,0
observation_loo,O-C0098-B01-TRL6-integration,CRL,0,1,0,1.0,23,0.8114754098360656,0,,0
observation_loo,O-C0098-B01-TRL6-environment,TRL,0,1,0,1.0,108,0.11475409836065575,0,,0
observation_loo,O-C0098-B01-TRL6-environment,CRL,0,1,0,1.0,23,0.8114754098360656,0,,0
observation_loo,O-C0122-B01-TRL5-component,TRL,0,1,0,1.0,108,0.11475409836065575,0,,0
observation_loo,O-C0122-B01-TRL5-component,CRL,0,1,0,1.0,23,0.8114754098360656,0,,0
observation_loo,O-C0122-B01-TRL5-integration,TRL,0,1,0,1.0,108,0.11475409836065575,0,,0
observation_loo,O-C0122-B01-TRL5-integration,CRL,0,1,0,1.0,23,0.8114754098360656,0,,0
observation_loo,O-C0124-B01-TRL2-application,TRL,0,1,1,0.9918032786885246,107,0.12295081967213117,1,,0
observation_loo,O-C0124-B01-TRL2-application,CRL,0,1,0,1.0,23,0.8114754098360656,0,,0
observation_loo,O-C0155-B01-TRL5-component,TRL,0,1,0,1.0,108,0.11475409836065575,0,,0
observation_loo,O-C0155-B01-TRL5-component,CRL,0,1,0,1.0,23,0.8114754098360656,0,,0
observation_loo,O-C0155-B01-TRL5-integration,TRL,0,1,0,1.0,108,0.11475409836065575,0,,0
observation_loo,O-C0155-B01-TRL5-integration,CRL,0,1,0,1.0,23,0.8114754098360656,0,,0
observation_loo,O-C0155-B01-TRL5-environment,TRL,0,1,0,1.0,108,0.11475409836065575,0,,0
observation_loo,O-C0155-B01-TRL5-environment,CRL,0,1,0,1.0,23,0.8114754098360656,0,,0
observation_loo,O-C0593-B01-TRL4-critical,TRL,0,1,1,0.9918032786885246,107,0.12295081967213117,1,,0
observation_loo,O-C0593-B01-TRL4-critical,CRL,0,1,0,1.0,23,0.8114754098360656,0,,0
observation_loo,O-C0593-B01-TRL4-laboratory,TRL,0,1,1,0.9918032786885246,107,0.12295081967213117,1,,0
observation_loo,O-C0593-B01-TRL4-laboratory,CRL,0,1,0,1.0,23,0.8114754098360656,0,,0
observation_loo,O-C0593-B01-TRL4-validation,TRL,0,1,1,0.9918032786885246,107,0.12295081967213117,1,,0
observation_loo,O-C0593-B01-TRL4-validation,CRL,0,1,0,1.0,23,0.8114754098360656,0,,0
observation_loo,O-C0186-B01-TRL6-prototype,TRL,0,1,0,1.0,108,0.11475409836065575,0,,0
observation_loo,O-C0186-B01-TRL6-prototype,CRL,0,1,0,1.0,23,0.8114754098360656,0,,0
observation_loo,O-C0186-B01-TRL6-integration,TRL,0,1,0,1.0,108,0.11475409836065575,0,,0
observation_loo,O-C0186-B01-TRL6-integration,CRL,0,1,0,1.0,23,0.8114754098360656,0,,0
observation_loo,O-C0186-B01-TRL6-environment,TRL,0,1,0,1.0,108,0.11475409836065575,0,,0
observation_loo,O-C0186-B01-TRL6-environment,CRL,0,1,0,1.0,23,0.8114754098360656,0,,0
observation_loo,O-C0191-B01-TRL6-prototype,TRL,0,1,1,0.9918032786885246,107,0.12295081967213117,1,,0
observation_loo,O-C0191-B01-TRL6-prototype,CRL,0,1,0,1.0,23,0.8114754098360656,0,,0
observation_loo,O-C0191-B01-TRL6-integration,TRL,0,1,1,0.9918032786885246,107,0.12295081967213117,1,,0
observation_loo,O-C0191-B01-TRL6-integration,CRL,0,1,0,1.0,23,0.8114754098360656,0,,0
observation_loo,O-C0191-B01-TRL6-environment,TRL,0,1,1,0.9918032786885246,107,0.12295081967213117,1,,0
observation_loo,O-C0191-B01-TRL6-environment,CRL,0,1,0,1.0,23,0.8114754098360656,0,,0
observation_loo,O-C0191-B01-TRL6-qualification,TRL,0,1,1,0.9918032786885246,107,0.12295081967213117,1,,0
observation_loo,O-C0191-B01-TRL6-qualification,CRL,0,1,0,1.0,23,0.8114754098360656,0,,0
observation_loo,O-C0210-B01-TRL5-component,TRL,0,1,0,1.0,108,0.11475409836065575,0,,0
observation_loo,O-C0210-B01-TRL5-component,CRL,0,1,0,1.0,23,0.8114754098360656,0,,0
observation_loo,O-C0210-B01-TRL5-integration,TRL,0,1,0,1.0,108,0.11475409836065575,0,,0
observation_loo,O-C0210-B01-TRL5-integration,CRL,0,1,0,1.0,23,0.8114754098360656,0,,0
observation_loo,O-C0216-B01-TRL6-prototype,TRL,0,1,0,1.0,108,0.11475409836065575,0,,0
observation_loo,O-C0216-B01-TRL6-prototype,CRL,0,1,0,1.0,23,0.8114754098360656,0,,0
observation_loo,O-C0216-B01-TRL6-integration,TRL,0,1,0,1.0,108,0.11475409836065575,0,,0
observation_loo,O-C0216-B01-TRL6-integration,CRL,0,1,0,1.0,23,0.8114754098360656,0,,0
observation_loo,O-C0216-B01-TRL6-environment,TRL,0,1,0,1.0,108,0.11475409836065575,0,,0
observation_loo,O-C0216-B01-TRL6-environment,CRL,0,1,0,1.0,23,0.8114754098360656,0,,0
observation_loo,O-C0221-B01-TRL4-critical,TRL,0,1,1,0.9918032786885246,107,0.12295081967213117,1,,0
observation_loo,O-C0221-B01-TRL4-critical,CRL,0,1,0,1.0,23,0.8114754098360656,0,,0
observation_loo,O-C0221-B01-TRL4-laboratory,TRL,0,1,1,0.9918032786885246,107,0.12295081967213117,1,,0
observation_loo,O-C0221-B01-TRL4-laboratory,CRL,0,1,0,1.0,23,0.8114754098360656,0,,0
observation_loo,O-C0221-B01-TRL4-validation,TRL,0,1,1,0.9918032786885246,107,0.12295081967213117,1,,0
observation_loo,O-C0221-B01-TRL4-validation,CRL,0,1,0,1.0,23,0.8114754098360656,0,,0
observation_loo,O-C0246-B01-TRL6-prototype,TRL,0,1,0,1.0,108,0.11475409836065575,0,,0
observation_loo,O-C0246-B01-TRL6-prototype,CRL,0,1,0,1.0,23,0.8114754098360656,0,,0
observation_loo,O-C0246-B01-TRL6-integration,TRL,0,1,0,1.0,108,0.11475409836065575,0,,0
observation_loo,O-C0246-B01-TRL6-integration,CRL,0,1,0,1.0,23,0.8114754098360656,0,,0
observation_loo,O-C0246-B01-TRL6-environment,TRL,0,1,0,1.0,108,0.11475409836065575,0,,0
observation_loo,O-C0246-B01-TRL6-environment,CRL,0,1,0,1.0,23,0.8114754098360656,0,,0
observation_loo,O-C0246-B01-CRL2-users,TRL,0,1,0,1.0,108,0.11475409836065575,0,,0
observation_loo,O-C0246-B01-CRL2-users,CRL,0,1,1,0.9918032786885246,22,0.819672131147541,1,,0
observation_loo,O-C0246-B01-CRL2-trial,TRL,0,1,0,1.0,108,0.11475409836065575,0,,0
observation_loo,O-C0246-B01-CRL2-trial,CRL,0,1,1,0.9918032786885246,22,0.819672131147541,1,,0
observation_loo,O-C0246-B01-CRL2-value,TRL,0,1,0,1.0,108,0.11475409836065575,0,,0
observation_loo,O-C0246-B01-CRL2-value,CRL,0,1,1,0.9918032786885246,22,0.819672131147541,1,,0
observation_loo,O-C0251-B01-TRL5-component,TRL,0,1,0,1.0,108,0.11475409836065575,0,,0
observation_loo,O-C0251-B01-TRL5-component,CRL,0,1,0,1.0,23,0.8114754098360656,0,,0
observation_loo,O-C0251-B01-TRL5-integration,TRL,0,1,0,1.0,108,0.11475409836065575,0,,0
observation_loo,O-C0251-B01-TRL5-integration,CRL,0,1,0,1.0,23,0.8114754098360656,0,,0
observation_loo,O-C0254-B01-TRL5-component,TRL,0,1,0,1.0,108,0.11475409836065575,0,,0
observation_loo,O-C0254-B01-TRL5-component,CRL,0,1,0,1.0,23,0.8114754098360656,0,,0
observation_loo,O-C0254-B01-TRL5-integration,TRL,0,1,0,1.0,108,0.11475409836065575,0,,0
observation_loo,O-C0254-B01-TRL5-integration,CRL,0,1,0,1.0,23,0.8114754098360656,0,,0
observation_loo,O-C0254-B01-TRL5-environment,TRL,0,1,0,1.0,108,0.11475409836065575,0,,0
observation_loo,O-C0254-B01-TRL5-environment,CRL,0,1,0,1.0,23,0.8114754098360656,0,,0
observation_loo,O-C0518-B01-TRL5-component,TRL,0,1,0,1.0,108,0.11475409836065575,0,,0
observation_loo,O-C0518-B01-TRL5-component,CRL,0,1,0,1.0,23,0.8114754098360656,0,,0
observation_loo,O-C0518-B01-TRL5-integration,TRL,0,1,0,1.0,108,0.11475409836065575,0,,0
observation_loo,O-C0518-B01-TRL5-integration,CRL,0,1,0,1.0,23,0.8114754098360656,0,,0
observation_loo,O-C0518-B01-TRL5-environment,TRL,0,1,0,1.0,108,0.11475409836065575,0,,0
observation_loo,O-C0518-B01-TRL5-environment,CRL,0,1,0,1.0,23,0.8114754098360656,0,,0
observation_loo,O-C0278-B01-TRL5-component,TRL,0,1,0,1.0,108,0.11475409836065575,0,,0
observation_loo,O-C0278-B01-TRL5-component,CRL,0,1,0,1.0,23,0.8114754098360656,0,,0
observation_loo,O-C0278-B01-TRL5-integration,TRL,0,1,0,1.0,108,0.11475409836065575,0,,0
observation_loo,O-C0278-B01-TRL5-integration,CRL,0,1,0,1.0,23,0.8114754098360656,0,,0
observation_loo,O-C0294-B01-TRL6-prototype,TRL,0,1,0,1.0,108,0.11475409836065575,0,,0
observation_loo,O-C0294-B01-TRL6-prototype,CRL,0,1,0,1.0,23,0.8114754098360656,0,,0
observation_loo,O-C0294-B01-TRL6-integration,TRL,0,1,0,1.0,108,0.11475409836065575,0,,0
observation_loo,O-C0294-B01-TRL6-integration,CRL,0,1,0,1.0,23,0.8114754098360656,0,,0
observation_loo,O-C0294-B01-TRL6-environment,TRL,0,1,0,1.0,108,0.11475409836065575,0,,0
observation_loo,O-C0294-B01-TRL6-environment,CRL,0,1,0,1.0,23,0.8114754098360656,0,,0
observation_loo,O-C0684-B01-TRL4-critical,TRL,0,1,1,0.9918032786885246,107,0.12295081967213117,1,,0
observation_loo,O-C0684-B01-TRL4-critical,CRL,0,1,0,1.0,23,0.8114754098360656,0,,0
observation_loo,O-C0684-B01-TRL4-laboratory,TRL,0,1,1,0.9918032786885246,107,0.12295081967213117,1,,0
observation_loo,O-C0684-B01-TRL4-laboratory,CRL,0,1,0,1.0,23,0.8114754098360656,0,,0
observation_loo,O-C0684-B01-TRL4-validation,TRL,0,1,1,0.9918032786885246,107,0.12295081967213117,1,,0
observation_loo,O-C0684-B01-TRL4-validation,CRL,0,1,0,1.0,23,0.8114754098360656,0,,0
observation_loo,O-C0356-B01-TRL2-application,TRL,0,1,1,0.9918032786885246,107,0.12295081967213117,1,,0
observation_loo,O-C0356-B01-TRL2-application,CRL,0,1,0,1.0,23,0.8114754098360656,0,,0
observation_loo,O-C0435-B01-TRL6-prototype,TRL,0,1,0,1.0,108,0.11475409836065575,0,,0
observation_loo,O-C0435-B01-TRL6-prototype,CRL,0,1,0,1.0,23,0.8114754098360656,0,,0
observation_loo,O-C0435-B01-TRL6-integration,TRL,0,1,0,1.0,108,0.11475409836065575,0,,0
observation_loo,O-C0435-B01-TRL6-integration,CRL,0,1,0,1.0,23,0.8114754098360656,0,,0
observation_loo,O-C0435-B01-TRL6-environment,TRL,0,1,0,1.0,108,0.11475409836065575,0,,0
observation_loo,O-C0435-B01-TRL6-environment,CRL,0,1,0,1.0,23,0.8114754098360656,0,,0
observation_loo,O-C0443-B01-TRL4-critical,TRL,0,1,1,0.9918032786885246,107,0.12295081967213117,1,,0
observation_loo,O-C0443-B01-TRL4-critical,CRL,0,1,0,1.0,23,0.8114754098360656,0,,0
observation_loo,O-C0443-B01-TRL4-laboratory,TRL,0,1,1,0.9918032786885246,107,0.12295081967213117,1,,0
observation_loo,O-C0443-B01-TRL4-laboratory,CRL,0,1,0,1.0,23,0.8114754098360656,0,,0
observation_loo,O-C0443-B01-TRL4-validation,TRL,0,1,1,0.9918032786885246,107,0.12295081967213117,1,,0
observation_loo,O-C0443-B01-TRL4-validation,CRL,0,1,0,1.0,23,0.8114754098360656,0,,0
observation_loo,O-C0191-B02-TRL6-prototype,TRL,0,1,0,1.0,108,0.11475409836065575,0,,0
observation_loo,O-C0191-B02-TRL6-prototype,CRL,0,1,0,1.0,23,0.8114754098360656,0,,0
observation_loo,O-C0191-B02-TRL6-integration,TRL,0,1,0,1.0,108,0.11475409836065575,0,,0
observation_loo,O-C0191-B02-TRL6-integration,CRL,0,1,0,1.0,23,0.8114754098360656,0,,0
observation_loo,O-C0191-B02-TRL6-environment,TRL,0,1,0,1.0,108,0.11475409836065575,0,,0
observation_loo,O-C0191-B02-TRL6-environment,CRL,0,1,0,1.0,23,0.8114754098360656,0,,0
observation_loo,O-C0191-B02-CRL2-users,TRL,0,1,0,1.0,108,0.11475409836065575,0,,0
observation_loo,O-C0191-B02-CRL2-users,CRL,0,1,1,0.9918032786885246,22,0.819672131147541,1,,0
observation_loo,O-C0191-B02-CRL2-trial,TRL,0,1,0,1.0,108,0.11475409836065575,0,,0
observation_loo,O-C0191-B02-CRL2-trial,CRL,0,1,1,0.9918032786885246,22,0.819672131147541,1,,0
observation_loo,O-C0191-B02-CRL2-value,TRL,0,1,0,1.0,108,0.11475409836065575,0,,0
observation_loo,O-C0191-B02-CRL2-value,CRL,0,1,1,0.9918032786885246,22,0.819672131147541,1,,0
observation_loo,O-C0665-B01-TRL9-product,TRL,0,1,1,0.9918032786885246,107,0.12295081967213117,1,,0
observation_loo,O-C0665-B01-TRL9-product,CRL,0,1,0,1.0,23,0.8114754098360656,0,,0
observation_loo,O-C0665-B01-TRL9-application,TRL,0,1,1,0.9918032786885246,107,0.12295081967213117,1,,0
observation_loo,O-C0665-B01-TRL9-application,CRL,0,1,0,1.0,23,0.8114754098360656,0,,0
observation_loo,O-C0665-B01-TRL9-scale,TRL,0,1,1,0.9918032786885246,107,0.12295081967213117,1,,0
observation_loo,O-C0665-B01-TRL9-scale,CRL,0,1,0,1.0,23,0.8114754098360656,0,,0
observation_loo,O-C0665-B01-TRL9-typical,TRL,0,1,1,0.9918032786885246,107,0.12295081967213117,1,,0
observation_loo,O-C0665-B01-TRL9-typical,CRL,0,1,0,1.0,23,0.8114754098360656,0,,0
observation_loo,O-C0665-B01-CRL3-parties,TRL,0,1,0,1.0,108,0.11475409836065575,0,,0
observation_loo,O-C0665-B01-CRL3-parties,CRL,0,1,1,0.9918032786885246,22,0.819672131147541,1,,0
observation_loo,O-C0665-B01-CRL3-fulfilment,TRL,0,1,0,1.0,108,0.11475409836065575,0,,0
observation_loo,O-C0665-B01-CRL3-fulfilment,CRL,0,1,1,0.9918032786885246,22,0.819672131147541,1,,0
observation_loo,O-C0665-B01-CRL3-period,TRL,0,1,0,1.0,108,0.11475409836065575,0,,0
observation_loo,O-C0665-B01-CRL3-period,CRL,0,1,1,0.9918032786885246,22,0.819672131147541,1,,0
observation_loo,O-C0098-B02-TRL6-prototype,TRL,0,1,0,1.0,108,0.11475409836065575,0,,0
observation_loo,O-C0098-B02-TRL6-prototype,CRL,0,1,0,1.0,23,0.8114754098360656,0,,0
observation_loo,O-C0098-B02-TRL6-integration,TRL,0,1,0,1.0,108,0.11475409836065575,0,,0
observation_loo,O-C0098-B02-TRL6-integration,CRL,0,1,0,1.0,23,0.8114754098360656,0,,0
observation_loo,O-C0098-B02-TRL6-environment,TRL,0,1,0,1.0,108,0.11475409836065575,0,,0
observation_loo,O-C0098-B02-TRL6-environment,CRL,0,1,0,1.0,23,0.8114754098360656,0,,0
observation_loo,O-C0098-B02-CRL2-users,TRL,0,1,0,1.0,108,0.11475409836065575,0,,0
observation_loo,O-C0098-B02-CRL2-users,CRL,0,1,1,0.9918032786885246,22,0.819672131147541,1,,0
observation_loo,O-C0098-B02-CRL2-trial,TRL,0,1,0,1.0,108,0.11475409836065575,0,,0
observation_loo,O-C0098-B02-CRL2-trial,CRL,0,1,1,0.9918032786885246,22,0.819672131147541,1,,0
observation_loo,O-C0098-B02-CRL2-value,TRL,0,1,0,1.0,108,0.11475409836065575,0,,0
observation_loo,O-C0098-B02-CRL2-value,CRL,0,1,1,0.9918032786885246,22,0.819672131147541,1,,0
observation_loo,O-C0509-B01-TRL6-prototype,TRL,0,1,0,1.0,108,0.11475409836065575,0,,0
observation_loo,O-C0509-B01-TRL6-prototype,CRL,0,1,0,1.0,23,0.8114754098360656,0,,0
observation_loo,O-C0509-B01-TRL6-integration,TRL,0,1,0,1.0,108,0.11475409836065575,0,,0
observation_loo,O-C0509-B01-TRL6-integration,CRL,0,1,0,1.0,23,0.8114754098360656,0,,0
observation_loo,O-C0509-B01-TRL6-environment,TRL,0,1,0,1.0,108,0.11475409836065575,0,,0
observation_loo,O-C0509-B01-TRL6-environment,CRL,0,1,0,1.0,23,0.8114754098360656,0,,0
observation_loo,O-C0509-B01-CRL2-users,TRL,0,1,0,1.0,108,0.11475409836065575,0,,0
observation_loo,O-C0509-B01-CRL2-users,CRL,0,1,1,0.9918032786885246,22,0.819672131147541,1,,0
observation_loo,O-C0509-B01-CRL2-trial,TRL,0,1,0,1.0,108,0.11475409836065575,0,,0
observation_loo,O-C0509-B01-CRL2-trial,CRL,0,1,1,0.9918032786885246,22,0.819672131147541,1,,0
observation_loo,O-C0509-B01-CRL2-value,TRL,0,1,0,1.0,108,0.11475409836065575,0,,0
observation_loo,O-C0509-B01-CRL2-value,CRL,0,1,1,0.9918032786885246,22,0.819672131147541,1,,0
observation_loo,O-C0246-B02-TRL2-application,TRL,0,1,1,0.9918032786885246,107,0.12295081967213117,1,,0
observation_loo,O-C0246-B02-TRL2-application,CRL,0,1,0,1.0,23,0.8114754098360656,0,,0
observation_loo,O-C0356-B02-TRL2-application,TRL,0,1,1,0.9918032786885246,107,0.12295081967213117,1,,0
observation_loo,O-C0356-B02-TRL2-application,CRL,0,1,0,1.0,23,0.8114754098360656,0,,0
observation_loo,O-C0124-B02-TRL2-application,TRL,0,1,1,0.9918032786885246,107,0.12295081967213117,1,,0
observation_loo,O-C0124-B02-TRL2-application,CRL,0,1,0,1.0,23,0.8114754098360656,0,,0
observation_loo,O-C0060-B01-LAB4-critical,TRL,0,1,1,0.9918032786885246,107,0.12295081967213117,1,,0
observation_loo,O-C0060-B01-LAB4-critical,CRL,0,1,0,1.0,23,0.8114754098360656,0,,0
observation_loo,O-C0060-B01-LAB4-laboratory,TRL,0,1,1,0.9918032786885246,107,0.12295081967213117,1,,0
observation_loo,O-C0060-B01-LAB4-laboratory,CRL,0,1,0,1.0,23,0.8114754098360656,0,,0
observation_loo,O-C0060-B01-LAB4-validation,TRL,0,1,1,0.9918032786885246,107,0.12295081967213117,1,,0
observation_loo,O-C0060-B01-LAB4-validation,CRL,0,1,0,1.0,23,0.8114754098360656,0,,0
observation_loo,O-C0091-B01-LAB4-critical,TRL,0,1,1,0.9918032786885246,107,0.12295081967213117,1,,0
observation_loo,O-C0091-B01-LAB4-critical,CRL,0,1,0,1.0,23,0.8114754098360656,0,,0
observation_loo,O-C0091-B01-LAB4-laboratory,TRL,0,1,1,0.9918032786885246,107,0.12295081967213117,1,,0
observation_loo,O-C0091-B01-LAB4-laboratory,CRL,0,1,0,1.0,23,0.8114754098360656,0,,0
observation_loo,O-C0091-B01-LAB4-validation,TRL,0,1,1,0.9918032786885246,107,0.12295081967213117,1,,0
observation_loo,O-C0091-B01-LAB4-validation,CRL,0,1,0,1.0,23,0.8114754098360656,0,,0
observation_loo,O-C0122-B01-LAB4-critical,TRL,0,1,1,0.9918032786885246,107,0.12295081967213117,1,,0
observation_loo,O-C0122-B01-LAB4-critical,CRL,0,1,0,1.0,23,0.8114754098360656,0,,0
observation_loo,O-C0122-B01-LAB4-laboratory,TRL,0,1,1,0.9918032786885246,107,0.12295081967213117,1,,0
observation_loo,O-C0122-B01-LAB4-laboratory,CRL,0,1,0,1.0,23,0.8114754098360656,0,,0
observation_loo,O-C0122-B01-LAB4-validation,TRL,0,1,1,0.9918032786885246,107,0.12295081967213117,1,,0
observation_loo,O-C0122-B01-LAB4-validation,CRL,0,1,0,1.0,23,0.8114754098360656,0,,0
observation_loo,O-C0155-B01-LAB4-critical,TRL,0,1,1,0.9918032786885246,107,0.12295081967213117,1,,0
observation_loo,O-C0155-B01-LAB4-critical,CRL,0,1,0,1.0,23,0.8114754098360656,0,,0
observation_loo,O-C0155-B01-LAB4-laboratory,TRL,0,1,1,0.9918032786885246,107,0.12295081967213117,1,,0
observation_loo,O-C0155-B01-LAB4-laboratory,CRL,0,1,0,1.0,23,0.8114754098360656,0,,0
observation_loo,O-C0155-B01-LAB4-validation,TRL,0,1,1,0.9918032786885246,107,0.12295081967213117,1,,0
observation_loo,O-C0155-B01-LAB4-validation,CRL,0,1,0,1.0,23,0.8114754098360656,0,,0
observation_loo,O-C0251-B01-LAB4-critical,TRL,0,1,1,0.9918032786885246,107,0.12295081967213117,1,,0
observation_loo,O-C0251-B01-LAB4-critical,CRL,0,1,0,1.0,23,0.8114754098360656,0,,0
observation_loo,O-C0251-B01-LAB4-laboratory,TRL,0,1,1,0.9918032786885246,107,0.12295081967213117,1,,0
observation_loo,O-C0251-B01-LAB4-laboratory,CRL,0,1,0,1.0,23,0.8114754098360656,0,,0
observation_loo,O-C0251-B01-LAB4-validation,TRL,0,1,1,0.9918032786885246,107,0.12295081967213117,1,,0
observation_loo,O-C0251-B01-LAB4-validation,CRL,0,1,0,1.0,23,0.8114754098360656,0,,0
observation_loo,O-C0254-B01-LAB4-critical,TRL,0,1,1,0.9918032786885246,107,0.12295081967213117,1,,0
observation_loo,O-C0254-B01-LAB4-critical,CRL,0,1,0,1.0,23,0.8114754098360656,0,,0
observation_loo,O-C0254-B01-LAB4-laboratory,TRL,0,1,1,0.9918032786885246,107,0.12295081967213117,1,,0
observation_loo,O-C0254-B01-LAB4-laboratory,CRL,0,1,0,1.0,23,0.8114754098360656,0,,0
observation_loo,O-C0254-B01-LAB4-validation,TRL,0,1,1,0.9918032786885246,107,0.12295081967213117,1,,0
observation_loo,O-C0254-B01-LAB4-validation,CRL,0,1,0,1.0,23,0.8114754098360656,0,,0
observation_loo,O-C0518-B01-LAB4-critical,TRL,0,1,1,0.9918032786885246,107,0.12295081967213117,1,,0
observation_loo,O-C0518-B01-LAB4-critical,CRL,0,1,0,1.0,23,0.8114754098360656,0,,0
observation_loo,O-C0518-B01-LAB4-laboratory,TRL,0,1,1,0.9918032786885246,107,0.12295081967213117,1,,0
observation_loo,O-C0518-B01-LAB4-laboratory,CRL,0,1,0,1.0,23,0.8114754098360656,0,,0
observation_loo,O-C0518-B01-LAB4-validation,TRL,0,1,1,0.9918032786885246,107,0.12295081967213117,1,,0
observation_loo,O-C0518-B01-LAB4-validation,CRL,0,1,0,1.0,23,0.8114754098360656,0,,0
observation_loo,O-C0278-B01-LAB4-critical,TRL,0,1,1,0.9918032786885246,107,0.12295081967213117,1,,0
observation_loo,O-C0278-B01-LAB4-critical,CRL,0,1,0,1.0,23,0.8114754098360656,0,,0
observation_loo,O-C0278-B01-LAB4-laboratory,TRL,0,1,1,0.9918032786885246,107,0.12295081967213117,1,,0
observation_loo,O-C0278-B01-LAB4-laboratory,CRL,0,1,0,1.0,23,0.8114754098360656,0,,0
observation_loo,O-C0278-B01-LAB4-validation,TRL,0,1,1,0.9918032786885246,107,0.12295081967213117,1,,0
observation_loo,O-C0278-B01-LAB4-validation,CRL,0,1,0,1.0,23,0.8114754098360656,0,,0
observation_loo,O-C0493-B01-750-TRL4-critical,TRL,0,1,1,0.9918032786885246,107,0.12295081967213117,1,,0
observation_loo,O-C0493-B01-750-TRL4-critical,CRL,0,1,0,1.0,23,0.8114754098360656,0,,0
observation_loo,O-C0493-B01-750-TRL4-laboratory,TRL,0,1,1,0.9918032786885246,107,0.12295081967213117,1,,0
observation_loo,O-C0493-B01-750-TRL4-laboratory,CRL,0,1,0,1.0,23,0.8114754098360656,0,,0
observation_loo,O-C0493-B01-750-TRL4-validation,TRL,0,1,1,0.9918032786885246,107,0.12295081967213117,1,,0
observation_loo,O-C0493-B01-750-TRL4-validation,CRL,0,1,0,1.0,23,0.8114754098360656,0,,0
observation_loo,O-C0210-B01-750-TRL4-critical,TRL,0,1,1,0.9918032786885246,107,0.12295081967213117,1,,0
observation_loo,O-C0210-B01-750-TRL4-critical,CRL,0,1,0,1.0,23,0.8114754098360656,0,,0
observation_loo,O-C0210-B01-750-TRL4-laboratory,TRL,0,1,1,0.9918032786885246,107,0.12295081967213117,1,,0
observation_loo,O-C0210-B01-750-TRL4-laboratory,CRL,0,1,0,1.0,23,0.8114754098360656,0,,0
observation_loo,O-C0210-B01-750-TRL4-validation,TRL,0,1,1,0.9918032786885246,107,0.12295081967213117,1,,0
observation_loo,O-C0210-B01-750-TRL4-validation,CRL,0,1,0,1.0,23,0.8114754098360656,0,,0
observation_loo,O-C0216-B01-750-TRL4-critical,TRL,0,1,1,0.9918032786885246,107,0.12295081967213117,1,,0
observation_loo,O-C0216-B01-750-TRL4-critical,CRL,0,1,0,1.0,23,0.8114754098360656,0,,0
observation_loo,O-C0216-B01-750-TRL4-laboratory,TRL,0,1,1,0.9918032786885246,107,0.12295081967213117,1,,0
observation_loo,O-C0216-B01-750-TRL4-laboratory,CRL,0,1,0,1.0,23,0.8114754098360656,0,,0
observation_loo,O-C0216-B01-750-TRL4-validation,TRL,0,1,1,0.9918032786885246,107,0.12295081967213117,1,,0
observation_loo,O-C0216-B01-750-TRL4-validation,CRL,0,1,0,1.0,23,0.8114754098360656,0,,0
observation_loo,O-C0294-B01-750-TRL4-critical,TRL,0,1,1,0.9918032786885246,107,0.12295081967213117,1,,0
observation_loo,O-C0294-B01-750-TRL4-critical,CRL,0,1,0,1.0,23,0.8114754098360656,0,,0
observation_loo,O-C0294-B01-750-TRL4-laboratory,TRL,0,1,1,0.9918032786885246,107,0.12295081967213117,1,,0
observation_loo,O-C0294-B01-750-TRL4-laboratory,CRL,0,1,0,1.0,23,0.8114754098360656,0,,0
observation_loo,O-C0294-B01-750-TRL4-validation,TRL,0,1,1,0.9918032786885246,107,0.12295081967213117,1,,0
observation_loo,O-C0294-B01-750-TRL4-validation,CRL,0,1,0,1.0,23,0.8114754098360656,0,,0
observation_loo,O-C0487-N01-TRL4-critical,TRL,0,1,1,0.9918032786885246,107,0.12295081967213117,1,,0
observation_loo,O-C0487-N01-TRL4-critical,CRL,0,1,0,1.0,23,0.8114754098360656,0,,0
observation_loo,O-C0487-N01-TRL4-laboratory,TRL,0,1,1,0.9918032786885246,107,0.12295081967213117,1,,0
observation_loo,O-C0487-N01-TRL4-laboratory,CRL,0,1,0,1.0,23,0.8114754098360656,0,,0
observation_loo,O-C0487-N01-TRL4-validation,TRL,0,1,1,0.9918032786885246,107,0.12295081967213117,1,,0
observation_loo,O-C0487-N01-TRL4-validation,CRL,0,1,0,1.0,23,0.8114754098360656,0,,0
observation_loo,O-C0490-N01-TRL4-critical,TRL,0,1,1,0.9918032786885246,107,0.12295081967213117,1,,0
observation_loo,O-C0490-N01-TRL4-critical,CRL,0,1,0,1.0,23,0.8114754098360656,0,,0
observation_loo,O-C0490-N01-TRL4-laboratory,TRL,0,1,1,0.9918032786885246,107,0.12295081967213117,1,,0
observation_loo,O-C0490-N01-TRL4-laboratory,CRL,0,1,0,1.0,23,0.8114754098360656,0,,0
observation_loo,O-C0490-N01-TRL4-validation,TRL,0,1,1,0.9918032786885246,107,0.12295081967213117,1,,0
observation_loo,O-C0490-N01-TRL4-validation,CRL,0,1,0,1.0,23,0.8114754098360656,0,,0
observation_loo,O-C0491-N01-TRL4-critical,TRL,0,1,1,0.9918032786885246,107,0.12295081967213117,1,,0
observation_loo,O-C0491-N01-TRL4-critical,CRL,0,1,0,1.0,23,0.8114754098360656,0,,0
observation_loo,O-C0491-N01-TRL4-laboratory,TRL,0,1,1,0.9918032786885246,107,0.12295081967213117,1,,0
observation_loo,O-C0491-N01-TRL4-laboratory,CRL,0,1,0,1.0,23,0.8114754098360656,0,,0
observation_loo,O-C0491-N01-TRL4-validation,TRL,0,1,1,0.9918032786885246,107,0.12295081967213117,1,,0
observation_loo,O-C0491-N01-TRL4-validation,CRL,0,1,0,1.0,23,0.8114754098360656,0,,0
observation_loo,O-C0492-N01-TRL4-critical,TRL,0,1,1,0.9918032786885246,107,0.12295081967213117,1,,0
observation_loo,O-C0492-N01-TRL4-critical,CRL,0,1,0,1.0,23,0.8114754098360656,0,,0
observation_loo,O-C0492-N01-TRL4-laboratory,TRL,0,1,1,0.9918032786885246,107,0.12295081967213117,1,,0
observation_loo,O-C0492-N01-TRL4-laboratory,CRL,0,1,0,1.0,23,0.8114754098360656,0,,0
observation_loo,O-C0492-N01-TRL4-validation,TRL,0,1,1,0.9918032786885246,107,0.12295081967213117,1,,0
observation_loo,O-C0492-N01-TRL4-validation,CRL,0,1,0,1.0,23,0.8114754098360656,0,,0
observation_loo,O-C0494-N01-TRL4-critical,TRL,0,1,1,0.9918032786885246,107,0.12295081967213117,1,,0
observation_loo,O-C0494-N01-TRL4-critical,CRL,0,1,0,1.0,23,0.8114754098360656,0,,0
observation_loo,O-C0494-N01-TRL4-laboratory,TRL,0,1,1,0.9918032786885246,107,0.12295081967213117,1,,0
observation_loo,O-C0494-N01-TRL4-laboratory,CRL,0,1,0,1.0,23,0.8114754098360656,0,,0
observation_loo,O-C0494-N01-TRL4-validation,TRL,0,1,1,0.9918032786885246,107,0.12295081967213117,1,,0
observation_loo,O-C0494-N01-TRL4-validation,CRL,0,1,0,1.0,23,0.8114754098360656,0,,0
observation_loo,O-C0495-N01-TRL4-critical,TRL,0,1,1,0.9918032786885246,107,0.12295081967213117,1,,0
observation_loo,O-C0495-N01-TRL4-critical,CRL,0,1,0,1.0,23,0.8114754098360656,0,,0
observation_loo,O-C0495-N01-TRL4-laboratory,TRL,0,1,1,0.9918032786885246,107,0.12295081967213117,1,,0
observation_loo,O-C0495-N01-TRL4-laboratory,CRL,0,1,0,1.0,23,0.8114754098360656,0,,0
observation_loo,O-C0495-N01-TRL4-validation,TRL,0,1,1,0.9918032786885246,107,0.12295081967213117,1,,0
observation_loo,O-C0495-N01-TRL4-validation,CRL,0,1,0,1.0,23,0.8114754098360656,0,,0
observation_loo,O-C0497-N01-TRL4-critical,TRL,0,1,1,0.9918032786885246,107,0.12295081967213117,1,,0
observation_loo,O-C0497-N01-TRL4-critical,CRL,0,1,0,1.0,23,0.8114754098360656,0,,0
observation_loo,O-C0497-N01-TRL4-laboratory,TRL,0,1,1,0.9918032786885246,107,0.12295081967213117,1,,0
observation_loo,O-C0497-N01-TRL4-laboratory,CRL,0,1,0,1.0,23,0.8114754098360656,0,,0
observation_loo,O-C0497-N01-TRL4-validation,TRL,0,1,1,0.9918032786885246,107,0.12295081967213117,1,,0
observation_loo,O-C0497-N01-TRL4-validation,CRL,0,1,0,1.0,23,0.8114754098360656,0,,0
observation_loo,O-C0499-N01-TRL4-critical,TRL,0,1,1,0.9918032786885246,107,0.12295081967213117,1,,0
observation_loo,O-C0499-N01-TRL4-critical,CRL,0,1,0,1.0,23,0.8114754098360656,0,,0
observation_loo,O-C0499-N01-TRL4-laboratory,TRL,0,1,1,0.9918032786885246,107,0.12295081967213117,1,,0
observation_loo,O-C0499-N01-TRL4-laboratory,CRL,0,1,0,1.0,23,0.8114754098360656,0,,0
observation_loo,O-C0499-N01-TRL4-validation,TRL,0,1,1,0.9918032786885246,107,0.12295081967213117,1,,0
observation_loo,O-C0499-N01-TRL4-validation,CRL,0,1,0,1.0,23,0.8114754098360656,0,,0
observation_loo,O-C0500-N01-TRL4-critical,TRL,0,1,1,0.9918032786885246,107,0.12295081967213117,1,,0
observation_loo,O-C0500-N01-TRL4-critical,CRL,0,1,0,1.0,23,0.8114754098360656,0,,0
observation_loo,O-C0500-N01-TRL4-laboratory,TRL,0,1,1,0.9918032786885246,107,0.12295081967213117,1,,0
observation_loo,O-C0500-N01-TRL4-laboratory,CRL,0,1,0,1.0,23,0.8114754098360656,0,,0
observation_loo,O-C0500-N01-TRL4-validation,TRL,0,1,1,0.9918032786885246,107,0.12295081967213117,1,,0
observation_loo,O-C0500-N01-TRL4-validation,CRL,0,1,0,1.0,23,0.8114754098360656,0,,0
observation_loo,O-C0501-N01-TRL4-critical,TRL,0,1,1,0.9918032786885246,107,0.12295081967213117,1,,0
observation_loo,O-C0501-N01-TRL4-critical,CRL,0,1,0,1.0,23,0.8114754098360656,0,,0
observation_loo,O-C0501-N01-TRL4-laboratory,TRL,0,1,1,0.9918032786885246,107,0.12295081967213117,1,,0
observation_loo,O-C0501-N01-TRL4-laboratory,CRL,0,1,0,1.0,23,0.8114754098360656,0,,0
observation_loo,O-C0501-N01-TRL4-validation,TRL,0,1,1,0.9918032786885246,107,0.12295081967213117,1,,0
observation_loo,O-C0501-N01-TRL4-validation,CRL,0,1,0,1.0,23,0.8114754098360656,0,,0
observation_loo,O-C0502-N01-TRL4-critical,TRL,0,1,1,0.9918032786885246,107,0.12295081967213117,1,,0
observation_loo,O-C0502-N01-TRL4-critical,CRL,0,1,0,1.0,23,0.8114754098360656,0,,0
observation_loo,O-C0502-N01-TRL4-laboratory,TRL,0,1,1,0.9918032786885246,107,0.12295081967213117,1,,0
observation_loo,O-C0502-N01-TRL4-laboratory,CRL,0,1,0,1.0,23,0.8114754098360656,0,,0
observation_loo,O-C0502-N01-TRL4-validation,TRL,0,1,1,0.9918032786885246,107,0.12295081967213117,1,,0
observation_loo,O-C0502-N01-TRL4-validation,CRL,0,1,0,1.0,23,0.8114754098360656,0,,0
observation_loo,O-C0504-N01-TRL4-critical,TRL,0,1,1,0.9918032786885246,107,0.12295081967213117,1,,0
observation_loo,O-C0504-N01-TRL4-critical,CRL,0,1,0,1.0,23,0.8114754098360656,0,,0
observation_loo,O-C0504-N01-TRL4-laboratory,TRL,0,1,1,0.9918032786885246,107,0.12295081967213117,1,,0
observation_loo,O-C0504-N01-TRL4-laboratory,CRL,0,1,0,1.0,23,0.8114754098360656,0,,0
observation_loo,O-C0504-N01-TRL4-validation,TRL,0,1,1,0.9918032786885246,107,0.12295081967213117,1,,0
observation_loo,O-C0504-N01-TRL4-validation,CRL,0,1,0,1.0,23,0.8114754098360656,0,,0
observation_loo,O-C0507-N01-TRL4-critical,TRL,0,1,1,0.9918032786885246,107,0.12295081967213117,1,,0
observation_loo,O-C0507-N01-TRL4-critical,CRL,0,1,0,1.0,23,0.8114754098360656,0,,0
observation_loo,O-C0507-N01-TRL4-laboratory,TRL,0,1,1,0.9918032786885246,107,0.12295081967213117,1,,0
observation_loo,O-C0507-N01-TRL4-laboratory,CRL,0,1,0,1.0,23,0.8114754098360656,0,,0
observation_loo,O-C0507-N01-TRL4-validation,TRL,0,1,1,0.9918032786885246,107,0.12295081967213117,1,,0
observation_loo,O-C0507-N01-TRL4-validation,CRL,0,1,0,1.0,23,0.8114754098360656,0,,0
observation_loo,O-C0510-N01-TRL4-critical,TRL,0,1,1,0.9918032786885246,107,0.12295081967213117,1,,0
observation_loo,O-C0510-N01-TRL4-critical,CRL,0,1,0,1.0,23,0.8114754098360656,0,,0
observation_loo,O-C0510-N01-TRL4-laboratory,TRL,0,1,1,0.9918032786885246,107,0.12295081967213117,1,,0
observation_loo,O-C0510-N01-TRL4-laboratory,CRL,0,1,0,1.0,23,0.8114754098360656,0,,0
observation_loo,O-C0510-N01-TRL4-validation,TRL,0,1,1,0.9918032786885246,107,0.12295081967213117,1,,0
observation_loo,O-C0510-N01-TRL4-validation,CRL,0,1,0,1.0,23,0.8114754098360656,0,,0
observation_loo,O-C0512-N01-TRL4-critical,TRL,0,1,1,0.9918032786885246,107,0.12295081967213117,1,,0
observation_loo,O-C0512-N01-TRL4-critical,CRL,0,1,0,1.0,23,0.8114754098360656,0,,0
observation_loo,O-C0512-N01-TRL4-laboratory,TRL,0,1,1,0.9918032786885246,107,0.12295081967213117,1,,0
observation_loo,O-C0512-N01-TRL4-laboratory,CRL,0,1,0,1.0,23,0.8114754098360656,0,,0
observation_loo,O-C0512-N01-TRL4-validation,TRL,0,1,1,0.9918032786885246,107,0.12295081967213117,1,,0
observation_loo,O-C0512-N01-TRL4-validation,CRL,0,1,0,1.0,23,0.8114754098360656,0,,0
observation_loo,O-C0513-N01-TRL4-critical,TRL,0,1,1,0.9918032786885246,107,0.12295081967213117,1,,0
observation_loo,O-C0513-N01-TRL4-critical,CRL,0,1,0,1.0,23,0.8114754098360656,0,,0
observation_loo,O-C0513-N01-TRL4-laboratory,TRL,0,1,1,0.9918032786885246,107,0.12295081967213117,1,,0
observation_loo,O-C0513-N01-TRL4-laboratory,CRL,0,1,0,1.0,23,0.8114754098360656,0,,0
observation_loo,O-C0513-N01-TRL4-validation,TRL,0,1,1,0.9918032786885246,107,0.12295081967213117,1,,0
observation_loo,O-C0513-N01-TRL4-validation,CRL,0,1,0,1.0,23,0.8114754098360656,0,,0
observation_loo,O-C0514-N01-TRL4-critical,TRL,0,1,1,0.9918032786885246,107,0.12295081967213117,1,,0
observation_loo,O-C0514-N01-TRL4-critical,CRL,0,1,0,1.0,23,0.8114754098360656,0,,0
observation_loo,O-C0514-N01-TRL4-laboratory,TRL,0,1,1,0.9918032786885246,107,0.12295081967213117,1,,0
observation_loo,O-C0514-N01-TRL4-laboratory,CRL,0,1,0,1.0,23,0.8114754098360656,0,,0
observation_loo,O-C0514-N01-TRL4-validation,TRL,0,1,1,0.9918032786885246,107,0.12295081967213117,1,,0
observation_loo,O-C0514-N01-TRL4-validation,CRL,0,1,0,1.0,23,0.8114754098360656,0,,0
observation_loo,O-C0515-N01-TRL4-critical,TRL,0,1,1,0.9918032786885246,107,0.12295081967213117,1,,0
observation_loo,O-C0515-N01-TRL4-critical,CRL,0,1,0,1.0,23,0.8114754098360656,0,,0
observation_loo,O-C0515-N01-TRL4-laboratory,TRL,0,1,1,0.9918032786885246,107,0.12295081967213117,1,,0
observation_loo,O-C0515-N01-TRL4-laboratory,CRL,0,1,0,1.0,23,0.8114754098360656,0,,0
observation_loo,O-C0515-N01-TRL4-validation,TRL,0,1,1,0.9918032786885246,107,0.12295081967213117,1,,0
observation_loo,O-C0515-N01-TRL4-validation,CRL,0,1,0,1.0,23,0.8114754098360656,0,,0
observation_loo,O-C0517-N01-TRL4-critical,TRL,0,1,1,0.9918032786885246,107,0.12295081967213117,1,,0
observation_loo,O-C0517-N01-TRL4-critical,CRL,0,1,0,1.0,23,0.8114754098360656,0,,0
observation_loo,O-C0517-N01-TRL4-laboratory,TRL,0,1,1,0.9918032786885246,107,0.12295081967213117,1,,0
observation_loo,O-C0517-N01-TRL4-laboratory,CRL,0,1,0,1.0,23,0.8114754098360656,0,,0
observation_loo,O-C0517-N01-TRL4-validation,TRL,0,1,1,0.9918032786885246,107,0.12295081967213117,1,,0
observation_loo,O-C0517-N01-TRL4-validation,CRL,0,1,0,1.0,23,0.8114754098360656,0,,0
observation_loo,O-C0519-N01-TRL4-critical,TRL,0,1,1,0.9918032786885246,107,0.12295081967213117,1,,0
observation_loo,O-C0519-N01-TRL4-critical,CRL,0,1,0,1.0,23,0.8114754098360656,0,,0
observation_loo,O-C0519-N01-TRL4-laboratory,TRL,0,1,1,0.9918032786885246,107,0.12295081967213117,1,,0
observation_loo,O-C0519-N01-TRL4-laboratory,CRL,0,1,0,1.0,23,0.8114754098360656,0,,0
observation_loo,O-C0519-N01-TRL4-validation,TRL,0,1,1,0.9918032786885246,107,0.12295081967213117,1,,0
observation_loo,O-C0519-N01-TRL4-validation,CRL,0,1,0,1.0,23,0.8114754098360656,0,,0
observation_loo,O-C0520-N01-TRL1-principle,TRL,0,1,1,0.9918032786885246,107,0.12295081967213117,1,,0
observation_loo,O-C0520-N01-TRL1-principle,CRL,0,1,0,1.0,23,0.8114754098360656,0,,0
observation_loo,O-C0521-N01-TRL4-critical,TRL,0,1,1,0.9918032786885246,107,0.12295081967213117,1,,0
observation_loo,O-C0521-N01-TRL4-critical,CRL,0,1,0,1.0,23,0.8114754098360656,0,,0
observation_loo,O-C0521-N01-TRL4-laboratory,TRL,0,1,1,0.9918032786885246,107,0.12295081967213117,1,,0
observation_loo,O-C0521-N01-TRL4-laboratory,CRL,0,1,0,1.0,23,0.8114754098360656,0,,0
observation_loo,O-C0521-N01-TRL4-validation,TRL,0,1,1,0.9918032786885246,107,0.12295081967213117,1,,0
observation_loo,O-C0521-N01-TRL4-validation,CRL,0,1,0,1.0,23,0.8114754098360656,0,,0
observation_loo,O-C0524-N01-TRL6-prototype,TRL,0,1,0,1.0,108,0.11475409836065575,0,,0
observation_loo,O-C0524-N01-TRL6-prototype,CRL,0,1,0,1.0,23,0.8114754098360656,0,,0
observation_loo,O-C0524-N01-TRL6-integration,TRL,0,1,0,1.0,108,0.11475409836065575,0,,0
observation_loo,O-C0524-N01-TRL6-integration,CRL,0,1,0,1.0,23,0.8114754098360656,0,,0
observation_loo,O-C0524-N01-TRL6-environment,TRL,0,1,0,1.0,108,0.11475409836065575,0,,0
observation_loo,O-C0524-N01-TRL6-environment,CRL,0,1,0,1.0,23,0.8114754098360656,0,,0
observation_loo,O-C0525-N01-TRL4-critical,TRL,0,1,1,0.9918032786885246,107,0.12295081967213117,1,,0
observation_loo,O-C0525-N01-TRL4-critical,CRL,0,1,0,1.0,23,0.8114754098360656,0,,0
observation_loo,O-C0525-N01-TRL4-laboratory,TRL,0,1,1,0.9918032786885246,107,0.12295081967213117,1,,0
observation_loo,O-C0525-N01-TRL4-laboratory,CRL,0,1,0,1.0,23,0.8114754098360656,0,,0
observation_loo,O-C0525-N01-TRL4-validation,TRL,0,1,1,0.9918032786885246,107,0.12295081967213117,1,,0
observation_loo,O-C0525-N01-TRL4-validation,CRL,0,1,0,1.0,23,0.8114754098360656,0,,0
observation_loo,O-C0529-N01-TRL4-critical,TRL,0,1,1,0.9918032786885246,107,0.12295081967213117,1,,0
observation_loo,O-C0529-N01-TRL4-critical,CRL,0,1,0,1.0,23,0.8114754098360656,0,,0
observation_loo,O-C0529-N01-TRL4-laboratory,TRL,0,1,1,0.9918032786885246,107,0.12295081967213117,1,,0
observation_loo,O-C0529-N01-TRL4-laboratory,CRL,0,1,0,1.0,23,0.8114754098360656,0,,0
observation_loo,O-C0529-N01-TRL4-validation,TRL,0,1,1,0.9918032786885246,107,0.12295081967213117,1,,0
observation_loo,O-C0529-N01-TRL4-validation,CRL,0,1,0,1.0,23,0.8114754098360656,0,,0
observation_loo,O-C0531-N01-TRL4-critical,TRL,0,1,1,0.9918032786885246,107,0.12295081967213117,1,,0
observation_loo,O-C0531-N01-TRL4-critical,CRL,0,1,0,1.0,23,0.8114754098360656,0,,0
observation_loo,O-C0531-N01-TRL4-laboratory,TRL,0,1,1,0.9918032786885246,107,0.12295081967213117,1,,0
observation_loo,O-C0531-N01-TRL4-laboratory,CRL,0,1,0,1.0,23,0.8114754098360656,0,,0
observation_loo,O-C0531-N01-TRL4-validation,TRL,0,1,1,0.9918032786885246,107,0.12295081967213117,1,,0
observation_loo,O-C0531-N01-TRL4-validation,CRL,0,1,0,1.0,23,0.8114754098360656,0,,0
observation_loo,O-C0532-N01-TRL4-critical,TRL,0,1,1,0.9918032786885246,107,0.12295081967213117,1,,0
observation_loo,O-C0532-N01-TRL4-critical,CRL,0,1,0,1.0,23,0.8114754098360656,0,,0
observation_loo,O-C0532-N01-TRL4-laboratory,TRL,0,1,1,0.9918032786885246,107,0.12295081967213117,1,,0
observation_loo,O-C0532-N01-TRL4-laboratory,CRL,0,1,0,1.0,23,0.8114754098360656,0,,0
observation_loo,O-C0532-N01-TRL4-validation,TRL,0,1,1,0.9918032786885246,107,0.12295081967213117,1,,0
observation_loo,O-C0532-N01-TRL4-validation,CRL,0,1,0,1.0,23,0.8114754098360656,0,,0
observation_loo,O-C0533-N01-TRL4-critical,TRL,0,1,1,0.9918032786885246,107,0.12295081967213117,1,,0
observation_loo,O-C0533-N01-TRL4-critical,CRL,0,1,0,1.0,23,0.8114754098360656,0,,0
observation_loo,O-C0533-N01-TRL4-laboratory,TRL,0,1,1,0.9918032786885246,107,0.12295081967213117,1,,0
observation_loo,O-C0533-N01-TRL4-laboratory,CRL,0,1,0,1.0,23,0.8114754098360656,0,,0
observation_loo,O-C0533-N01-TRL4-validation,TRL,0,1,1,0.9918032786885246,107,0.12295081967213117,1,,0
observation_loo,O-C0533-N01-TRL4-validation,CRL,0,1,0,1.0,23,0.8114754098360656,0,,0
observation_loo,O-C0535-N01-TRL4-critical,TRL,0,1,1,0.9918032786885246,107,0.12295081967213117,1,,0
observation_loo,O-C0535-N01-TRL4-critical,CRL,0,1,0,1.0,23,0.8114754098360656,0,,0
observation_loo,O-C0535-N01-TRL4-laboratory,TRL,0,1,1,0.9918032786885246,107,0.12295081967213117,1,,0
observation_loo,O-C0535-N01-TRL4-laboratory,CRL,0,1,0,1.0,23,0.8114754098360656,0,,0
observation_loo,O-C0535-N01-TRL4-validation,TRL,0,1,1,0.9918032786885246,107,0.12295081967213117,1,,0
observation_loo,O-C0535-N01-TRL4-validation,CRL,0,1,0,1.0,23,0.8114754098360656,0,,0
observation_loo,O-C0540-N01-TRL6-prototype,TRL,0,1,1,0.9918032786885246,107,0.12295081967213117,1,,0
observation_loo,O-C0540-N01-TRL6-prototype,CRL,0,1,0,1.0,23,0.8114754098360656,0,,0
observation_loo,O-C0540-N01-TRL6-integration,TRL,0,1,1,0.9918032786885246,107,0.12295081967213117,1,,0
observation_loo,O-C0540-N01-TRL6-integration,CRL,0,1,0,1.0,23,0.8114754098360656,0,,0
observation_loo,O-C0540-N01-TRL6-environment,TRL,0,1,1,0.9918032786885246,107,0.12295081967213117,1,,0
observation_loo,O-C0540-N01-TRL6-environment,CRL,0,1,0,1.0,23,0.8114754098360656,0,,0
observation_loo,O-C0540-N01-TRL6-qualification,TRL,0,1,1,0.9918032786885246,107,0.12295081967213117,1,,0
observation_loo,O-C0540-N01-TRL6-qualification,CRL,0,1,0,1.0,23,0.8114754098360656,0,,0
observation_loo,O-C0540-N01-CRL2-users,TRL,0,1,0,1.0,108,0.11475409836065575,0,,0
observation_loo,O-C0540-N01-CRL2-users,CRL,0,1,1,0.9918032786885246,22,0.819672131147541,1,,0
observation_loo,O-C0540-N01-CRL2-trial,TRL,0,1,0,1.0,108,0.11475409836065575,0,,0
observation_loo,O-C0540-N01-CRL2-trial,CRL,0,1,1,0.9918032786885246,22,0.819672131147541,1,,0
observation_loo,O-C0540-N01-CRL2-value,TRL,0,1,0,1.0,108,0.11475409836065575,0,,0
observation_loo,O-C0540-N01-CRL2-value,CRL,0,1,1,0.9918032786885246,22,0.819672131147541,1,,0
observation_loo,O-C0543-N01-TRL4-critical,TRL,0,1,1,0.9918032786885246,107,0.12295081967213117,1,,0
observation_loo,O-C0543-N01-TRL4-critical,CRL,0,1,0,1.0,23,0.8114754098360656,0,,0
observation_loo,O-C0543-N01-TRL4-laboratory,TRL,0,1,1,0.9918032786885246,107,0.12295081967213117,1,,0
observation_loo,O-C0543-N01-TRL4-laboratory,CRL,0,1,0,1.0,23,0.8114754098360656,0,,0
observation_loo,O-C0543-N01-TRL4-validation,TRL,0,1,1,0.9918032786885246,107,0.12295081967213117,1,,0
observation_loo,O-C0543-N01-TRL4-validation,CRL,0,1,0,1.0,23,0.8114754098360656,0,,0
observation_loo,O-C0546-N01-TRL4-critical,TRL,0,1,1,0.9918032786885246,107,0.12295081967213117,1,,0
observation_loo,O-C0546-N01-TRL4-critical,CRL,0,1,0,1.0,23,0.8114754098360656,0,,0
observation_loo,O-C0546-N01-TRL4-laboratory,TRL,0,1,1,0.9918032786885246,107,0.12295081967213117,1,,0
observation_loo,O-C0546-N01-TRL4-laboratory,CRL,0,1,0,1.0,23,0.8114754098360656,0,,0
observation_loo,O-C0546-N01-TRL4-validation,TRL,0,1,1,0.9918032786885246,107,0.12295081967213117,1,,0
observation_loo,O-C0546-N01-TRL4-validation,CRL,0,1,0,1.0,23,0.8114754098360656,0,,0
observation_loo,O-C0549-N01-TRL4-critical,TRL,0,1,1,0.9918032786885246,107,0.12295081967213117,1,,0
observation_loo,O-C0549-N01-TRL4-critical,CRL,0,1,0,1.0,23,0.8114754098360656,0,,0
observation_loo,O-C0549-N01-TRL4-laboratory,TRL,0,1,1,0.9918032786885246,107,0.12295081967213117,1,,0
observation_loo,O-C0549-N01-TRL4-laboratory,CRL,0,1,0,1.0,23,0.8114754098360656,0,,0
observation_loo,O-C0549-N01-TRL4-validation,TRL,0,1,1,0.9918032786885246,107,0.12295081967213117,1,,0
observation_loo,O-C0549-N01-TRL4-validation,CRL,0,1,0,1.0,23,0.8114754098360656,0,,0
observation_loo,O-C0552-N01-TRL4-critical,TRL,0,1,1,0.9918032786885246,107,0.12295081967213117,1,,0
observation_loo,O-C0552-N01-TRL4-critical,CRL,0,1,0,1.0,23,0.8114754098360656,0,,0
observation_loo,O-C0552-N01-TRL4-laboratory,TRL,0,1,1,0.9918032786885246,107,0.12295081967213117,1,,0
observation_loo,O-C0552-N01-TRL4-laboratory,CRL,0,1,0,1.0,23,0.8114754098360656,0,,0
observation_loo,O-C0552-N01-TRL4-validation,TRL,0,1,1,0.9918032786885246,107,0.12295081967213117,1,,0
observation_loo,O-C0552-N01-TRL4-validation,CRL,0,1,0,1.0,23,0.8114754098360656,0,,0
observation_loo,O-C0556-N01-TRL4-critical,TRL,0,1,1,0.9918032786885246,107,0.12295081967213117,1,,0
observation_loo,O-C0556-N01-TRL4-critical,CRL,0,1,0,1.0,23,0.8114754098360656,0,,0
observation_loo,O-C0556-N01-TRL4-laboratory,TRL,0,1,1,0.9918032786885246,107,0.12295081967213117,1,,0
observation_loo,O-C0556-N01-TRL4-laboratory,CRL,0,1,0,1.0,23,0.8114754098360656,0,,0
observation_loo,O-C0556-N01-TRL4-validation,TRL,0,1,1,0.9918032786885246,107,0.12295081967213117,1,,0
observation_loo,O-C0556-N01-TRL4-validation,CRL,0,1,0,1.0,23,0.8114754098360656,0,,0
observation_loo,O-C0559-N01-TRL4-critical,TRL,0,1,1,0.9918032786885246,107,0.12295081967213117,1,,0
observation_loo,O-C0559-N01-TRL4-critical,CRL,0,1,0,1.0,23,0.8114754098360656,0,,0
observation_loo,O-C0559-N01-TRL4-laboratory,TRL,0,1,1,0.9918032786885246,107,0.12295081967213117,1,,0
observation_loo,O-C0559-N01-TRL4-laboratory,CRL,0,1,0,1.0,23,0.8114754098360656,0,,0
observation_loo,O-C0559-N01-TRL4-validation,TRL,0,1,1,0.9918032786885246,107,0.12295081967213117,1,,0
observation_loo,O-C0559-N01-TRL4-validation,CRL,0,1,0,1.0,23,0.8114754098360656,0,,0
observation_loo,O-C0562-N01-TRL4-critical,TRL,0,1,1,0.9918032786885246,107,0.12295081967213117,1,,0
observation_loo,O-C0562-N01-TRL4-critical,CRL,0,1,0,1.0,23,0.8114754098360656,0,,0
observation_loo,O-C0562-N01-TRL4-laboratory,TRL,0,1,1,0.9918032786885246,107,0.12295081967213117,1,,0
observation_loo,O-C0562-N01-TRL4-laboratory,CRL,0,1,0,1.0,23,0.8114754098360656,0,,0
observation_loo,O-C0562-N01-TRL4-validation,TRL,0,1,1,0.9918032786885246,107,0.12295081967213117,1,,0
observation_loo,O-C0562-N01-TRL4-validation,CRL,0,1,0,1.0,23,0.8114754098360656,0,,0
observation_loo,O-C0565-N01-TRL4-critical,TRL,0,1,1,0.9918032786885246,107,0.12295081967213117,1,,0
observation_loo,O-C0565-N01-TRL4-critical,CRL,0,1,0,1.0,23,0.8114754098360656,0,,0
observation_loo,O-C0565-N01-TRL4-laboratory,TRL,0,1,1,0.9918032786885246,107,0.12295081967213117,1,,0
observation_loo,O-C0565-N01-TRL4-laboratory,CRL,0,1,0,1.0,23,0.8114754098360656,0,,0
observation_loo,O-C0565-N01-TRL4-validation,TRL,0,1,1,0.9918032786885246,107,0.12295081967213117,1,,0
observation_loo,O-C0565-N01-TRL4-validation,CRL,0,1,0,1.0,23,0.8114754098360656,0,,0
observation_loo,O-C0576-N01-TRL4-critical,TRL,0,1,1,0.9918032786885246,107,0.12295081967213117,1,,0
observation_loo,O-C0576-N01-TRL4-critical,CRL,0,1,0,1.0,23,0.8114754098360656,0,,0
observation_loo,O-C0576-N01-TRL4-laboratory,TRL,0,1,1,0.9918032786885246,107,0.12295081967213117,1,,0
observation_loo,O-C0576-N01-TRL4-laboratory,CRL,0,1,0,1.0,23,0.8114754098360656,0,,0
observation_loo,O-C0576-N01-TRL4-validation,TRL,0,1,1,0.9918032786885246,107,0.12295081967213117,1,,0
observation_loo,O-C0576-N01-TRL4-validation,CRL,0,1,0,1.0,23,0.8114754098360656,0,,0
observation_loo,O-C0579-N01-TRL4-critical,TRL,0,1,1,0.9918032786885246,107,0.12295081967213117,1,,0
observation_loo,O-C0579-N01-TRL4-critical,CRL,0,1,0,1.0,23,0.8114754098360656,0,,0
observation_loo,O-C0579-N01-TRL4-laboratory,TRL,0,1,1,0.9918032786885246,107,0.12295081967213117,1,,0
observation_loo,O-C0579-N01-TRL4-laboratory,CRL,0,1,0,1.0,23,0.8114754098360656,0,,0
observation_loo,O-C0579-N01-TRL4-validation,TRL,0,1,1,0.9918032786885246,107,0.12295081967213117,1,,0
observation_loo,O-C0579-N01-TRL4-validation,CRL,0,1,0,1.0,23,0.8114754098360656,0,,0
observation_loo,O-C0582-N01-TRL4-critical,TRL,0,1,1,0.9918032786885246,107,0.12295081967213117,1,,0
observation_loo,O-C0582-N01-TRL4-critical,CRL,0,1,0,1.0,23,0.8114754098360656,0,,0
observation_loo,O-C0582-N01-TRL4-laboratory,TRL,0,1,1,0.9918032786885246,107,0.12295081967213117,1,,0
observation_loo,O-C0582-N01-TRL4-laboratory,CRL,0,1,0,1.0,23,0.8114754098360656,0,,0
observation_loo,O-C0582-N01-TRL4-validation,TRL,0,1,1,0.9918032786885246,107,0.12295081967213117,1,,0
observation_loo,O-C0582-N01-TRL4-validation,CRL,0,1,0,1.0,23,0.8114754098360656,0,,0
observation_loo,O-C0585-N01-TRL4-critical,TRL,0,1,1,0.9918032786885246,107,0.12295081967213117,1,,0
observation_loo,O-C0585-N01-TRL4-critical,CRL,0,1,0,1.0,23,0.8114754098360656,0,,0
observation_loo,O-C0585-N01-TRL4-laboratory,TRL,0,1,1,0.9918032786885246,107,0.12295081967213117,1,,0
observation_loo,O-C0585-N01-TRL4-laboratory,CRL,0,1,0,1.0,23,0.8114754098360656,0,,0
observation_loo,O-C0585-N01-TRL4-validation,TRL,0,1,1,0.9918032786885246,107,0.12295081967213117,1,,0
observation_loo,O-C0585-N01-TRL4-validation,CRL,0,1,0,1.0,23,0.8114754098360656,0,,0
observation_loo,O-C0588-N01-TRL6-prototype,TRL,0,1,0,1.0,108,0.11475409836065575,0,,0
observation_loo,O-C0588-N01-TRL6-prototype,CRL,0,1,0,1.0,23,0.8114754098360656,0,,0
observation_loo,O-C0588-N01-TRL6-integration,TRL,0,1,0,1.0,108,0.11475409836065575,0,,0
observation_loo,O-C0588-N01-TRL6-integration,CRL,0,1,0,1.0,23,0.8114754098360656,0,,0
observation_loo,O-C0588-N01-TRL6-environment,TRL,0,1,0,1.0,108,0.11475409836065575,0,,0
observation_loo,O-C0588-N01-TRL6-environment,CRL,0,1,0,1.0,23,0.8114754098360656,0,,0
observation_loo,O-C0591-N01-TRL4-critical,TRL,0,1,1,0.9918032786885246,107,0.12295081967213117,1,,0
observation_loo,O-C0591-N01-TRL4-critical,CRL,0,1,0,1.0,23,0.8114754098360656,0,,0
observation_loo,O-C0591-N01-TRL4-laboratory,TRL,0,1,1,0.9918032786885246,107,0.12295081967213117,1,,0
observation_loo,O-C0591-N01-TRL4-laboratory,CRL,0,1,0,1.0,23,0.8114754098360656,0,,0
observation_loo,O-C0591-N01-TRL4-validation,TRL,0,1,1,0.9918032786885246,107,0.12295081967213117,1,,0
observation_loo,O-C0591-N01-TRL4-validation,CRL,0,1,0,1.0,23,0.8114754098360656,0,,0
observation_loo,O-C0597-N01-TRL4-critical,TRL,0,1,1,0.9918032786885246,107,0.12295081967213117,1,,0
observation_loo,O-C0597-N01-TRL4-critical,CRL,0,1,0,1.0,23,0.8114754098360656,0,,0
observation_loo,O-C0597-N01-TRL4-laboratory,TRL,0,1,1,0.9918032786885246,107,0.12295081967213117,1,,0
observation_loo,O-C0597-N01-TRL4-laboratory,CRL,0,1,0,1.0,23,0.8114754098360656,0,,0
observation_loo,O-C0597-N01-TRL4-validation,TRL,0,1,1,0.9918032786885246,107,0.12295081967213117,1,,0
observation_loo,O-C0597-N01-TRL4-validation,CRL,0,1,0,1.0,23,0.8114754098360656,0,,0
observation_loo,O-C0600-N01-TRL4-critical,TRL,0,1,1,0.9918032786885246,107,0.12295081967213117,1,,0
observation_loo,O-C0600-N01-TRL4-critical,CRL,0,1,0,1.0,23,0.8114754098360656,0,,0
observation_loo,O-C0600-N01-TRL4-laboratory,TRL,0,1,1,0.9918032786885246,107,0.12295081967213117,1,,0
observation_loo,O-C0600-N01-TRL4-laboratory,CRL,0,1,0,1.0,23,0.8114754098360656,0,,0
observation_loo,O-C0600-N01-TRL4-validation,TRL,0,1,1,0.9918032786885246,107,0.12295081967213117,1,,0
observation_loo,O-C0600-N01-TRL4-validation,CRL,0,1,0,1.0,23,0.8114754098360656,0,,0
observation_loo,O-C0603-N01-TRL4-critical,TRL,0,1,1,0.9918032786885246,107,0.12295081967213117,1,,0
observation_loo,O-C0603-N01-TRL4-critical,CRL,0,1,0,1.0,23,0.8114754098360656,0,,0
observation_loo,O-C0603-N01-TRL4-laboratory,TRL,0,1,1,0.9918032786885246,107,0.12295081967213117,1,,0
observation_loo,O-C0603-N01-TRL4-laboratory,CRL,0,1,0,1.0,23,0.8114754098360656,0,,0
observation_loo,O-C0603-N01-TRL4-validation,TRL,0,1,1,0.9918032786885246,107,0.12295081967213117,1,,0
observation_loo,O-C0603-N01-TRL4-validation,CRL,0,1,0,1.0,23,0.8114754098360656,0,,0
observation_loo,O-C0606-N01-TRL4-critical,TRL,0,1,1,0.9918032786885246,107,0.12295081967213117,1,,0
observation_loo,O-C0606-N01-TRL4-critical,CRL,0,1,0,1.0,23,0.8114754098360656,0,,0
observation_loo,O-C0606-N01-TRL4-laboratory,TRL,0,1,1,0.9918032786885246,107,0.12295081967213117,1,,0
observation_loo,O-C0606-N01-TRL4-laboratory,CRL,0,1,0,1.0,23,0.8114754098360656,0,,0
observation_loo,O-C0606-N01-TRL4-validation,TRL,0,1,1,0.9918032786885246,107,0.12295081967213117,1,,0
observation_loo,O-C0606-N01-TRL4-validation,CRL,0,1,0,1.0,23,0.8114754098360656,0,,0
observation_loo,O-C0609-N01-TRL4-critical,TRL,0,1,1,0.9918032786885246,107,0.12295081967213117,1,,0
observation_loo,O-C0609-N01-TRL4-critical,CRL,0,1,0,1.0,23,0.8114754098360656,0,,0
observation_loo,O-C0609-N01-TRL4-laboratory,TRL,0,1,1,0.9918032786885246,107,0.12295081967213117,1,,0
observation_loo,O-C0609-N01-TRL4-laboratory,CRL,0,1,0,1.0,23,0.8114754098360656,0,,0
observation_loo,O-C0609-N01-TRL4-validation,TRL,0,1,1,0.9918032786885246,107,0.12295081967213117,1,,0
observation_loo,O-C0609-N01-TRL4-validation,CRL,0,1,0,1.0,23,0.8114754098360656,0,,0
observation_loo,O-C0616-N01-TRL4-critical,TRL,0,1,1,0.9918032786885246,107,0.12295081967213117,1,,0
observation_loo,O-C0616-N01-TRL4-critical,CRL,0,1,0,1.0,23,0.8114754098360656,0,,0
observation_loo,O-C0616-N01-TRL4-laboratory,TRL,0,1,1,0.9918032786885246,107,0.12295081967213117,1,,0
observation_loo,O-C0616-N01-TRL4-laboratory,CRL,0,1,0,1.0,23,0.8114754098360656,0,,0
observation_loo,O-C0616-N01-TRL4-validation,TRL,0,1,1,0.9918032786885246,107,0.12295081967213117,1,,0
observation_loo,O-C0616-N01-TRL4-validation,CRL,0,1,0,1.0,23,0.8114754098360656,0,,0
observation_loo,O-C0627-N01-TRL4-critical,TRL,0,1,1,0.9918032786885246,107,0.12295081967213117,1,,0
observation_loo,O-C0627-N01-TRL4-critical,CRL,0,1,0,1.0,23,0.8114754098360656,0,,0
observation_loo,O-C0627-N01-TRL4-laboratory,TRL,0,1,1,0.9918032786885246,107,0.12295081967213117,1,,0
observation_loo,O-C0627-N01-TRL4-laboratory,CRL,0,1,0,1.0,23,0.8114754098360656,0,,0
observation_loo,O-C0627-N01-TRL4-validation,TRL,0,1,1,0.9918032786885246,107,0.12295081967213117,1,,0
observation_loo,O-C0627-N01-TRL4-validation,CRL,0,1,0,1.0,23,0.8114754098360656,0,,0
observation_loo,O-C0632-N01-TRL4-critical,TRL,0,1,1,0.9918032786885246,107,0.12295081967213117,1,,0
observation_loo,O-C0632-N01-TRL4-critical,CRL,0,1,0,1.0,23,0.8114754098360656,0,,0
observation_loo,O-C0632-N01-TRL4-laboratory,TRL,0,1,1,0.9918032786885246,107,0.12295081967213117,1,,0
observation_loo,O-C0632-N01-TRL4-laboratory,CRL,0,1,0,1.0,23,0.8114754098360656,0,,0
observation_loo,O-C0632-N01-TRL4-validation,TRL,0,1,1,0.9918032786885246,107,0.12295081967213117,1,,0
observation_loo,O-C0632-N01-TRL4-validation,CRL,0,1,0,1.0,23,0.8114754098360656,0,,0
observation_loo,O-C0637-N01-TRL4-critical,TRL,0,1,1,0.9918032786885246,107,0.12295081967213117,1,,0
observation_loo,O-C0637-N01-TRL4-critical,CRL,0,1,0,1.0,23,0.8114754098360656,0,,0
observation_loo,O-C0637-N01-TRL4-laboratory,TRL,0,1,1,0.9918032786885246,107,0.12295081967213117,1,,0
observation_loo,O-C0637-N01-TRL4-laboratory,CRL,0,1,0,1.0,23,0.8114754098360656,0,,0
observation_loo,O-C0637-N01-TRL4-validation,TRL,0,1,1,0.9918032786885246,107,0.12295081967213117,1,,0
observation_loo,O-C0637-N01-TRL4-validation,CRL,0,1,0,1.0,23,0.8114754098360656,0,,0
observation_loo,O-C0644-N01-TRL4-critical,TRL,0,1,1,0.9918032786885246,107,0.12295081967213117,1,,0
observation_loo,O-C0644-N01-TRL4-critical,CRL,0,1,0,1.0,23,0.8114754098360656,0,,0
observation_loo,O-C0644-N01-TRL4-laboratory,TRL,0,1,1,0.9918032786885246,107,0.12295081967213117,1,,0
observation_loo,O-C0644-N01-TRL4-laboratory,CRL,0,1,0,1.0,23,0.8114754098360656,0,,0
observation_loo,O-C0644-N01-TRL4-validation,TRL,0,1,1,0.9918032786885246,107,0.12295081967213117,1,,0
observation_loo,O-C0644-N01-TRL4-validation,CRL,0,1,0,1.0,23,0.8114754098360656,0,,0
observation_loo,O-C0650-N01-TRL4-critical,TRL,0,1,1,0.9918032786885246,107,0.12295081967213117,1,,0
observation_loo,O-C0650-N01-TRL4-critical,CRL,0,1,0,1.0,23,0.8114754098360656,0,,0
observation_loo,O-C0650-N01-TRL4-laboratory,TRL,0,1,1,0.9918032786885246,107,0.12295081967213117,1,,0
observation_loo,O-C0650-N01-TRL4-laboratory,CRL,0,1,0,1.0,23,0.8114754098360656,0,,0
observation_loo,O-C0650-N01-TRL4-validation,TRL,0,1,1,0.9918032786885246,107,0.12295081967213117,1,,0
observation_loo,O-C0650-N01-TRL4-validation,CRL,0,1,0,1.0,23,0.8114754098360656,0,,0
observation_loo,O-C0661-N01-TRL4-critical,TRL,0,1,1,0.9918032786885246,107,0.12295081967213117,1,,0
observation_loo,O-C0661-N01-TRL4-critical,CRL,0,1,0,1.0,23,0.8114754098360656,0,,0
observation_loo,O-C0661-N01-TRL4-laboratory,TRL,0,1,1,0.9918032786885246,107,0.12295081967213117,1,,0
observation_loo,O-C0661-N01-TRL4-laboratory,CRL,0,1,0,1.0,23,0.8114754098360656,0,,0
observation_loo,O-C0661-N01-TRL4-validation,TRL,0,1,1,0.9918032786885246,107,0.12295081967213117,1,,0
observation_loo,O-C0661-N01-TRL4-validation,CRL,0,1,0,1.0,23,0.8114754098360656,0,,0
observation_loo,O-C0667-N01-TRL4-critical,TRL,0,1,1,0.9918032786885246,107,0.12295081967213117,1,,0
observation_loo,O-C0667-N01-TRL4-critical,CRL,0,1,0,1.0,23,0.8114754098360656,0,,0
observation_loo,O-C0667-N01-TRL4-laboratory,TRL,0,1,1,0.9918032786885246,107,0.12295081967213117,1,,0
observation_loo,O-C0667-N01-TRL4-laboratory,CRL,0,1,0,1.0,23,0.8114754098360656,0,,0
observation_loo,O-C0667-N01-TRL4-validation,TRL,0,1,1,0.9918032786885246,107,0.12295081967213117,1,,0
observation_loo,O-C0667-N01-TRL4-validation,CRL,0,1,0,1.0,23,0.8114754098360656,0,,0
observation_loo,O-C0673-N01-TRL4-critical,TRL,0,1,1,0.9918032786885246,107,0.12295081967213117,1,,0
observation_loo,O-C0673-N01-TRL4-critical,CRL,0,1,0,1.0,23,0.8114754098360656,0,,0
observation_loo,O-C0673-N01-TRL4-laboratory,TRL,0,1,1,0.9918032786885246,107,0.12295081967213117,1,,0
observation_loo,O-C0673-N01-TRL4-laboratory,CRL,0,1,0,1.0,23,0.8114754098360656,0,,0
observation_loo,O-C0673-N01-TRL4-validation,TRL,0,1,1,0.9918032786885246,107,0.12295081967213117,1,,0
observation_loo,O-C0673-N01-TRL4-validation,CRL,0,1,0,1.0,23,0.8114754098360656,0,,0
observation_loo,O-C0679-N01-TRL4-critical,TRL,0,1,1,0.9918032786885246,107,0.12295081967213117,1,,0
observation_loo,O-C0679-N01-TRL4-critical,CRL,0,1,0,1.0,23,0.8114754098360656,0,,0
observation_loo,O-C0679-N01-TRL4-laboratory,TRL,0,1,1,0.9918032786885246,107,0.12295081967213117,1,,0
observation_loo,O-C0679-N01-TRL4-laboratory,CRL,0,1,0,1.0,23,0.8114754098360656,0,,0
observation_loo,O-C0679-N01-TRL4-validation,TRL,0,1,1,0.9918032786885246,107,0.12295081967213117,1,,0
observation_loo,O-C0679-N01-TRL4-validation,CRL,0,1,0,1.0,23,0.8114754098360656,0,,0
observation_loo,O-C0685-N01-TRL2-application,TRL,0,1,1,0.9918032786885246,107,0.12295081967213117,1,,0
observation_loo,O-C0685-N01-TRL2-application,CRL,0,1,0,1.0,23,0.8114754098360656,0,,0
observation_loo,O-C0690-N01-TRL2-application,TRL,0,1,1,0.9918032786885246,107,0.12295081967213117,1,,0
observation_loo,O-C0690-N01-TRL2-application,CRL,0,1,0,1.0,23,0.8114754098360656,0,,0
observation_loo,O-C0690-N01-TRL4-critical,TRL,0,1,0,1.0,108,0.11475409836065575,0,,0
observation_loo,O-C0690-N01-TRL4-critical,CRL,0,1,0,1.0,23,0.8114754098360656,0,,0
observation_loo,O-C0657-N01-TRL4-critical,TRL,0,1,1,0.9918032786885246,107,0.12295081967213117,1,,0
observation_loo,O-C0657-N01-TRL4-critical,CRL,0,1,0,1.0,23,0.8114754098360656,0,,0
observation_loo,O-C0657-N01-TRL4-laboratory,TRL,0,1,1,0.9918032786885246,107,0.12295081967213117,1,,0
observation_loo,O-C0657-N01-TRL4-laboratory,CRL,0,1,0,1.0,23,0.8114754098360656,0,,0
observation_loo,O-C0657-N01-TRL4-validation,TRL,0,1,1,0.9918032786885246,107,0.12295081967213117,1,,0
observation_loo,O-C0657-N01-TRL4-validation,CRL,0,1,0,1.0,23,0.8114754098360656,0,,0
observation_loo,O-C0660-N01-TRL4-critical,TRL,0,1,1,0.9918032786885246,107,0.12295081967213117,1,,0
observation_loo,O-C0660-N01-TRL4-critical,CRL,0,1,0,1.0,23,0.8114754098360656,0,,0
observation_loo,O-C0660-N01-TRL4-laboratory,TRL,0,1,1,0.9918032786885246,107,0.12295081967213117,1,,0
observation_loo,O-C0660-N01-TRL4-laboratory,CRL,0,1,0,1.0,23,0.8114754098360656,0,,0
observation_loo,O-C0660-N01-TRL4-validation,TRL,0,1,1,0.9918032786885246,107,0.12295081967213117,1,,0
observation_loo,O-C0660-N01-TRL4-validation,CRL,0,1,0,1.0,23,0.8114754098360656,0,,0
observation_loo,O-C0697-N01-TRL4-critical,TRL,0,1,1,0.9918032786885246,107,0.12295081967213117,1,,0
observation_loo,O-C0697-N01-TRL4-critical,CRL,0,1,0,1.0,23,0.8114754098360656,0,,0
observation_loo,O-C0697-N01-TRL4-laboratory,TRL,0,1,1,0.9918032786885246,107,0.12295081967213117,1,,0
observation_loo,O-C0697-N01-TRL4-laboratory,CRL,0,1,0,1.0,23,0.8114754098360656,0,,0
observation_loo,O-C0697-N01-TRL4-validation,TRL,0,1,1,0.9918032786885246,107,0.12295081967213117,1,,0
observation_loo,O-C0697-N01-TRL4-validation,CRL,0,1,0,1.0,23,0.8114754098360656,0,,0
observation_loo,O-C0703-N01-TRL4-critical,TRL,0,1,1,0.9918032786885246,107,0.12295081967213117,1,,0
observation_loo,O-C0703-N01-TRL4-critical,CRL,0,1,0,1.0,23,0.8114754098360656,0,,0
observation_loo,O-C0703-N01-TRL4-laboratory,TRL,0,1,1,0.9918032786885246,107,0.12295081967213117,1,,0
observation_loo,O-C0703-N01-TRL4-laboratory,CRL,0,1,0,1.0,23,0.8114754098360656,0,,0
observation_loo,O-C0703-N01-TRL4-validation,TRL,0,1,1,0.9918032786885246,107,0.12295081967213117,1,,0
observation_loo,O-C0703-N01-TRL4-validation,CRL,0,1,0,1.0,23,0.8114754098360656,0,,0
observation_loo,O-C0708-N01-TRL2-application,TRL,0,1,1,0.9918032786885246,107,0.12295081967213117,1,,0
observation_loo,O-C0708-N01-TRL2-application,CRL,0,1,0,1.0,23,0.8114754098360656,0,,0
observation_loo,O-C0713-N01-TRL4-critical,TRL,0,1,1,0.9918032786885246,107,0.12295081967213117,1,,0
observation_loo,O-C0713-N01-TRL4-critical,CRL,0,1,0,1.0,23,0.8114754098360656,0,,0
observation_loo,O-C0713-N01-TRL4-laboratory,TRL,0,1,1,0.9918032786885246,107,0.12295081967213117,1,,0
observation_loo,O-C0713-N01-TRL4-laboratory,CRL,0,1,0,1.0,23,0.8114754098360656,0,,0
observation_loo,O-C0713-N01-TRL4-validation,TRL,0,1,1,0.9918032786885246,107,0.12295081967213117,1,,0
observation_loo,O-C0713-N01-TRL4-validation,CRL,0,1,0,1.0,23,0.8114754098360656,0,,0
observation_loo,O-C0718-N01-TRL2-application,TRL,0,1,1,0.9918032786885246,107,0.12295081967213117,1,,0
observation_loo,O-C0718-N01-TRL2-application,CRL,0,1,0,1.0,23,0.8114754098360656,0,,0
observation_loo,O-C0725-N01-TRL4-critical,TRL,0,1,1,0.9918032786885246,107,0.12295081967213117,1,,0
observation_loo,O-C0725-N01-TRL4-critical,CRL,0,1,0,1.0,23,0.8114754098360656,0,,0
observation_loo,O-C0725-N01-TRL4-laboratory,TRL,0,1,1,0.9918032786885246,107,0.12295081967213117,1,,0
observation_loo,O-C0725-N01-TRL4-laboratory,CRL,0,1,0,1.0,23,0.8114754098360656,0,,0
observation_loo,O-C0725-N01-TRL4-validation,TRL,0,1,1,0.9918032786885246,107,0.12295081967213117,1,,0
observation_loo,O-C0725-N01-TRL4-validation,CRL,0,1,0,1.0,23,0.8114754098360656,0,,0
observation_loo,O-C0737-N01-TRL4-critical,TRL,0,1,1,0.9918032786885246,107,0.12295081967213117,1,,0
observation_loo,O-C0737-N01-TRL4-critical,CRL,0,1,0,1.0,23,0.8114754098360656,0,,0
observation_loo,O-C0737-N01-TRL4-laboratory,TRL,0,1,1,0.9918032786885246,107,0.12295081967213117,1,,0
observation_loo,O-C0737-N01-TRL4-laboratory,CRL,0,1,0,1.0,23,0.8114754098360656,0,,0
observation_loo,O-C0737-N01-TRL4-validation,TRL,0,1,1,0.9918032786885246,107,0.12295081967213117,1,,0
observation_loo,O-C0737-N01-TRL4-validation,CRL,0,1,0,1.0,23,0.8114754098360656,0,,0
observation_loo,O-C0742-N01-TRL4-critical,TRL,0,1,1,0.9918032786885246,107,0.12295081967213117,1,,0
observation_loo,O-C0742-N01-TRL4-critical,CRL,0,1,0,1.0,23,0.8114754098360656,0,,0
observation_loo,O-C0742-N01-TRL4-laboratory,TRL,0,1,1,0.9918032786885246,107,0.12295081967213117,1,,0
observation_loo,O-C0742-N01-TRL4-laboratory,CRL,0,1,0,1.0,23,0.8114754098360656,0,,0
observation_loo,O-C0742-N01-TRL4-validation,TRL,0,1,1,0.9918032786885246,107,0.12295081967213117,1,,0
observation_loo,O-C0742-N01-TRL4-validation,CRL,0,1,0,1.0,23,0.8114754098360656,0,,0
observation_loo,O-C0747-N01-TRL4-critical,TRL,0,1,1,0.9918032786885246,107,0.12295081967213117,1,,0
observation_loo,O-C0747-N01-TRL4-critical,CRL,0,1,0,1.0,23,0.8114754098360656,0,,0
observation_loo,O-C0747-N01-TRL4-laboratory,TRL,0,1,1,0.9918032786885246,107,0.12295081967213117,1,,0
observation_loo,O-C0747-N01-TRL4-laboratory,CRL,0,1,0,1.0,23,0.8114754098360656,0,,0
observation_loo,O-C0747-N01-TRL4-validation,TRL,0,1,1,0.9918032786885246,107,0.12295081967213117,1,,0
observation_loo,O-C0747-N01-TRL4-validation,CRL,0,1,0,1.0,23,0.8114754098360656,0,,0
observation_loo,WO-804cb212a61b7cfe,TRL,0,1,1,0.9918032786885246,107,0.12295081967213117,1,,0
observation_loo,WO-804cb212a61b7cfe,CRL,0,1,0,1.0,23,0.8114754098360656,0,,0
observation_loo,WO-ad841b1eb858bc84,TRL,0,1,1,0.9918032786885246,107,0.12295081967213117,1,,0
observation_loo,WO-ad841b1eb858bc84,CRL,0,1,0,1.0,23,0.8114754098360656,0,,0
observation_loo,WO-e4f7a0a8cf890274,TRL,0,1,1,0.9918032786885246,107,0.12295081967213117,1,,0
observation_loo,WO-e4f7a0a8cf890274,CRL,0,1,0,1.0,23,0.8114754098360656,0,,0
observation_loo,WO-9b0a2d036c07ce18,TRL,0,1,1,0.9918032786885246,107,0.12295081967213117,1,,0
observation_loo,WO-9b0a2d036c07ce18,CRL,0,1,0,1.0,23,0.8114754098360656,0,,0
observation_loo,WO-d77abf1b07f286f7,TRL,0,1,0,1.0,108,0.11475409836065575,0,,0
observation_loo,WO-d77abf1b07f286f7,CRL,0,1,1,0.9918032786885246,22,0.819672131147541,1,,0
observation_loo,WO-c7f0a0f8766a4e8e,TRL,0,1,0,1.0,108,0.11475409836065575,0,,0
observation_loo,WO-c7f0a0f8766a4e8e,CRL,0,1,1,0.9918032786885246,22,0.819672131147541,1,,0
observation_loo,WO-754ec8dd95b01a5a,TRL,0,1,0,1.0,108,0.11475409836065575,0,,0
observation_loo,WO-754ec8dd95b01a5a,CRL,0,1,1,0.9918032786885246,22,0.819672131147541,1,,0
observation_loo,WO-b6d1d0e1925315da,TRL,0,1,1,0.9918032786885246,107,0.12295081967213117,1,,0
observation_loo,WO-b6d1d0e1925315da,CRL,0,1,0,1.0,23,0.8114754098360656,0,,0
observation_loo,WO-e1933ff772d4a85a,TRL,0,1,1,0.9918032786885246,107,0.12295081967213117,1,,0
observation_loo,WO-e1933ff772d4a85a,CRL,0,1,0,1.0,23,0.8114754098360656,0,,0
observation_loo,WO-c26b64e6c4fe3733,TRL,0,1,1,0.9918032786885246,107,0.12295081967213117,1,,0
observation_loo,WO-c26b64e6c4fe3733,CRL,0,1,0,1.0,23,0.8114754098360656,0,,0
observation_loo,WO-6cb9f39417e3d338,TRL,0,1,1,0.9918032786885246,107,0.12295081967213117,1,,0
observation_loo,WO-6cb9f39417e3d338,CRL,0,1,0,1.0,23,0.8114754098360656,0,,0
observation_loo,WO-1e0d31eac0f91604,TRL,0,1,0,1.0,108,0.11475409836065575,0,,0
observation_loo,WO-1e0d31eac0f91604,CRL,0,1,1,0.9918032786885246,22,0.819672131147541,1,,0
observation_loo,WO-ae3b6d81f75f800f,TRL,0,1,0,1.0,108,0.11475409836065575,0,,0
observation_loo,WO-ae3b6d81f75f800f,CRL,0,1,1,0.9918032786885246,22,0.819672131147541,1,,0
observation_loo,WO-49f9d353f02db047,TRL,0,1,0,1.0,108,0.11475409836065575,0,,0
observation_loo,WO-49f9d353f02db047,CRL,0,1,1,0.9918032786885246,22,0.819672131147541,1,,0
observation_loo,WO-204d0ba13d1ca344,TRL,0,1,1,0.9918032786885246,107,0.12295081967213117,1,,0
observation_loo,WO-204d0ba13d1ca344,CRL,0,1,0,1.0,23,0.8114754098360656,0,,0
observation_loo,WO-484a63f3d0c62a68,TRL,0,1,1,0.9918032786885246,107,0.12295081967213117,1,,0
observation_loo,WO-484a63f3d0c62a68,CRL,0,1,0,1.0,23,0.8114754098360656,0,,0
observation_loo,WO-bbc598d36c82304d,TRL,0,1,1,0.9918032786885246,107,0.12295081967213117,1,,0
observation_loo,WO-bbc598d36c82304d,CRL,0,1,0,1.0,23,0.8114754098360656,0,,0
observation_loo,WO-d25560e4f06cc879,TRL,0,1,1,0.9918032786885246,107,0.12295081967213117,1,,0
observation_loo,WO-d25560e4f06cc879,CRL,0,1,0,1.0,23,0.8114754098360656,0,,0
observation_loo,WO-be03714ebe698a87,TRL,0,1,0,1.0,108,0.11475409836065575,0,,0
observation_loo,WO-be03714ebe698a87,CRL,0,1,1,0.9918032786885246,22,0.819672131147541,1,,0
observation_loo,WO-fc621acf8b679a29,TRL,0,1,0,1.0,108,0.11475409836065575,0,,0
observation_loo,WO-fc621acf8b679a29,CRL,0,1,1,0.9918032786885246,22,0.819672131147541,1,,0
observation_loo,WO-421e620b60582572,TRL,0,1,0,1.0,108,0.11475409836065575,0,,0
observation_loo,WO-421e620b60582572,CRL,0,1,1,0.9918032786885246,22,0.819672131147541,1,,0
observation_loo,WO-906f8722a51c9ad5,TRL,0,1,1,0.9918032786885246,107,0.12295081967213117,1,,0
observation_loo,WO-906f8722a51c9ad5,CRL,0,1,0,1.0,23,0.8114754098360656,0,,0
observation_loo,WO-87139d171142f98d,TRL,0,1,1,0.9918032786885246,107,0.12295081967213117,1,,0
observation_loo,WO-87139d171142f98d,CRL,0,1,0,1.0,23,0.8114754098360656,0,,0
observation_loo,WO-88b4907a34411564,TRL,0,1,1,0.9918032786885246,107,0.12295081967213117,1,,0
observation_loo,WO-88b4907a34411564,CRL,0,1,0,1.0,23,0.8114754098360656,0,,0
observation_loo,WO-355668d4afb78f99,TRL,0,1,1,0.9918032786885246,107,0.12295081967213117,1,,0
observation_loo,WO-355668d4afb78f99,CRL,0,1,0,1.0,23,0.8114754098360656,0,,0
observation_loo,WO-d3769fa6664448fc,TRL,0,1,0,1.0,108,0.11475409836065575,0,,0
observation_loo,WO-d3769fa6664448fc,CRL,0,1,1,0.9918032786885246,22,0.819672131147541,1,,0
observation_loo,WO-c51d52ea8866d338,TRL,0,1,0,1.0,108,0.11475409836065575,0,,0
observation_loo,WO-c51d52ea8866d338,CRL,0,1,1,0.9918032786885246,22,0.819672131147541,1,,0
observation_loo,WO-5594cd994092e65a,TRL,0,1,0,1.0,108,0.11475409836065575,0,,0
observation_loo,WO-5594cd994092e65a,CRL,0,1,1,0.9918032786885246,22,0.819672131147541,1,,0
observation_loo,WO-a1c2002c1b242469,TRL,0,1,1,0.9918032786885246,107,0.12295081967213117,1,,0
observation_loo,WO-a1c2002c1b242469,CRL,0,1,0,1.0,23,0.8114754098360656,0,,0
observation_loo,WO-0ff9c505f193b980,TRL,0,1,1,0.9918032786885246,107,0.12295081967213117,1,,0
observation_loo,WO-0ff9c505f193b980,CRL,0,1,0,1.0,23,0.8114754098360656,0,,0
observation_loo,WO-5b34a7c8bdcd2698,TRL,0,1,1,0.9918032786885246,107,0.12295081967213117,1,,0
observation_loo,WO-5b34a7c8bdcd2698,CRL,0,1,0,1.0,23,0.8114754098360656,0,,0
observation_loo,WO-b76f46f19a2bae45,TRL,0,1,1,0.9918032786885246,107,0.12295081967213117,1,,0
observation_loo,WO-b76f46f19a2bae45,CRL,0,1,0,1.0,23,0.8114754098360656,0,,0
observation_loo,WO-915b57c988597cb5,TRL,0,1,0,1.0,108,0.11475409836065575,0,,0
observation_loo,WO-915b57c988597cb5,CRL,0,1,1,0.9918032786885246,22,0.819672131147541,1,,0
observation_loo,WO-2ca035837dfcc397,TRL,0,1,0,1.0,108,0.11475409836065575,0,,0
observation_loo,WO-2ca035837dfcc397,CRL,0,1,1,0.9918032786885246,22,0.819672131147541,1,,0
observation_loo,WO-186c1931698c4fb5,TRL,0,1,0,1.0,108,0.11475409836065575,0,,0
observation_loo,WO-186c1931698c4fb5,CRL,0,1,1,0.9918032786885246,22,0.819672131147541,1,,0
observation_loo,WO-7e7dc89fd88b077b,TRL,0,1,1,0.9918032786885246,107,0.12295081967213117,1,,0
observation_loo,WO-7e7dc89fd88b077b,CRL,0,1,0,1.0,23,0.8114754098360656,0,,0
observation_loo,WO-cab0a2e4b781c19a,TRL,0,1,1,0.9918032786885246,107,0.12295081967213117,1,,0
observation_loo,WO-cab0a2e4b781c19a,CRL,0,1,0,1.0,23,0.8114754098360656,0,,0
observation_loo,WO-a1a8ede2e0d3725d,TRL,0,1,1,0.9918032786885246,107,0.12295081967213117,1,,0
observation_loo,WO-a1a8ede2e0d3725d,CRL,0,1,0,1.0,23,0.8114754098360656,0,,0
observation_loo,WO-2baa414d1d13b4e2,TRL,0,1,1,0.9918032786885246,107,0.12295081967213117,1,,0
observation_loo,WO-2baa414d1d13b4e2,CRL,0,1,0,1.0,23,0.8114754098360656,0,,0
observation_loo,WO-d65da524a2067ead,TRL,0,1,0,1.0,108,0.11475409836065575,0,,0
observation_loo,WO-d65da524a2067ead,CRL,0,1,1,0.9918032786885246,22,0.819672131147541,1,,0
observation_loo,WO-330bb5cbadc1d071,TRL,0,1,0,1.0,108,0.11475409836065575,0,,0
observation_loo,WO-330bb5cbadc1d071,CRL,0,1,1,0.9918032786885246,22,0.819672131147541,1,,0
observation_loo,WO-6fea825e8c96177e,TRL,0,1,0,1.0,108,0.11475409836065575,0,,0
observation_loo,WO-6fea825e8c96177e,CRL,0,1,1,0.9918032786885246,22,0.819672131147541,1,,0
observation_loo,WO-fe354d99a56de6a3,TRL,0,1,1,0.9918032786885246,107,0.12295081967213117,1,,0
observation_loo,WO-fe354d99a56de6a3,CRL,0,1,0,1.0,23,0.8114754098360656,0,,0
observation_loo,WO-c0d9846e0c3172a6,TRL,0,1,1,0.9918032786885246,107,0.12295081967213117,1,,0
observation_loo,WO-c0d9846e0c3172a6,CRL,0,1,0,1.0,23,0.8114754098360656,0,,0
observation_loo,WO-c2ddea95fba7c496,TRL,0,1,1,0.9918032786885246,107,0.12295081967213117,1,,0
observation_loo,WO-c2ddea95fba7c496,CRL,0,1,0,1.0,23,0.8114754098360656,0,,0
observation_loo,WO-62dc0722d9831a97,TRL,0,1,1,0.9918032786885246,107,0.12295081967213117,1,,0
observation_loo,WO-62dc0722d9831a97,CRL,0,1,0,1.0,23,0.8114754098360656,0,,0
observation_loo,WO-7e3a47f760a372bf,TRL,0,1,0,1.0,108,0.11475409836065575,0,,0
observation_loo,WO-7e3a47f760a372bf,CRL,0,1,1,0.9918032786885246,22,0.819672131147541,1,,0
observation_loo,WO-c268c714ca3cd595,TRL,0,1,0,1.0,108,0.11475409836065575,0,,0
observation_loo,WO-c268c714ca3cd595,CRL,0,1,1,0.9918032786885246,22,0.819672131147541,1,,0
observation_loo,WO-21b3ed2f28466d14,TRL,0,1,0,1.0,108,0.11475409836065575,0,,0
observation_loo,WO-21b3ed2f28466d14,CRL,0,1,1,0.9918032786885246,22,0.819672131147541,1,,0
observation_loo,WO-ab3d6744bccc9e88,TRL,0,1,1,0.9918032786885246,107,0.12295081967213117,1,,0
observation_loo,WO-ab3d6744bccc9e88,CRL,0,1,0,1.0,23,0.8114754098360656,0,,0
observation_loo,WO-247ea1860e14879a,TRL,0,1,1,0.9918032786885246,107,0.12295081967213117,1,,0
observation_loo,WO-247ea1860e14879a,CRL,0,1,0,1.0,23,0.8114754098360656,0,,0
observation_loo,WO-a60683766c7bb103,TRL,0,1,1,0.9918032786885246,107,0.12295081967213117,1,,0
observation_loo,WO-a60683766c7bb103,CRL,0,1,0,1.0,23,0.8114754098360656,0,,0
observation_loo,WO-c6f9d25845105e58,TRL,0,1,1,0.9918032786885246,107,0.12295081967213117,1,,0
observation_loo,WO-c6f9d25845105e58,CRL,0,1,0,1.0,23,0.8114754098360656,0,,0
observation_loo,WO-8452fc1812b86883,TRL,0,1,0,1.0,108,0.11475409836065575,0,,0
observation_loo,WO-8452fc1812b86883,CRL,0,1,1,0.9918032786885246,22,0.819672131147541,1,,0
observation_loo,WO-cac83216bbe2a481,TRL,0,1,0,1.0,108,0.11475409836065575,0,,0
observation_loo,WO-cac83216bbe2a481,CRL,0,1,1,0.9918032786885246,22,0.819672131147541,1,,0
observation_loo,WO-ae76a8be4b6d03cc,TRL,0,1,0,1.0,108,0.11475409836065575,0,,0
observation_loo,WO-ae76a8be4b6d03cc,CRL,0,1,1,0.9918032786885246,22,0.819672131147541,1,,0
observation_loo,WO-38b8c25dcef27fc0,TRL,0,1,0,1.0,108,0.11475409836065575,0,,0
observation_loo,WO-38b8c25dcef27fc0,CRL,0,1,1,0.9918032786885246,22,0.819672131147541,1,,0
observation_loo,WO-0ca959823cfa0142,TRL,0,1,0,1.0,108,0.11475409836065575,0,,0
observation_loo,WO-0ca959823cfa0142,CRL,0,1,1,0.9918032786885246,22,0.819672131147541,1,,0
observation_loo,WO-22b50fa9298bfbe3,TRL,0,1,0,1.0,108,0.11475409836065575,0,,0
observation_loo,WO-22b50fa9298bfbe3,CRL,0,1,1,0.9918032786885246,22,0.819672131147541,1,,0
observation_loo,WO-5d5ea5a5265c3bfb,TRL,0,1,0,1.0,108,0.11475409836065575,0,,0
observation_loo,WO-5d5ea5a5265c3bfb,CRL,0,1,1,0.9918032786885246,22,0.819672131147541,1,,0
observation_loo,WO-6379de16f68bf205,TRL,0,1,0,1.0,108,0.11475409836065575,0,,0
observation_loo,WO-6379de16f68bf205,CRL,0,1,1,0.9918032786885246,22,0.819672131147541,1,,0
observation_loo,WO-b2e57dd9e3d40c5d,TRL,0,1,0,1.0,108,0.11475409836065575,0,,0
observation_loo,WO-b2e57dd9e3d40c5d,CRL,0,1,1,0.9918032786885246,22,0.819672131147541,1,,0
observation_loo,WO-9ecc0193cb787c3f,TRL,0,1,0,1.0,108,0.11475409836065575,0,,0
observation_loo,WO-9ecc0193cb787c3f,CRL,0,1,0,1.0,23,0.8114754098360656,0,,0
observation_loo,WO-dc9fe18029594fc4,TRL,0,1,0,1.0,108,0.11475409836065575,0,,0
observation_loo,WO-dc9fe18029594fc4,CRL,0,1,0,1.0,23,0.8114754098360656,0,,0
observation_loo,WO-57b7821a46b1d6dd,TRL,0,1,0,1.0,108,0.11475409836065575,0,,0
observation_loo,WO-57b7821a46b1d6dd,CRL,0,1,0,1.0,23,0.8114754098360656,0,,0
observation_loo,WO-8473e99ce9d75eb2,TRL,0,1,0,1.0,108,0.11475409836065575,0,,0
observation_loo,WO-8473e99ce9d75eb2,CRL,0,1,0,1.0,23,0.8114754098360656,0,,0
observation_loo,WO-7ae7eb17c488f55d,TRL,0,1,0,1.0,108,0.11475409836065575,0,,0
observation_loo,WO-7ae7eb17c488f55d,CRL,0,1,0,1.0,23,0.8114754098360656,0,,0
observation_loo,WO-0294f231987c3123,TRL,0,1,0,1.0,108,0.11475409836065575,0,,0
observation_loo,WO-0294f231987c3123,CRL,0,1,0,1.0,23,0.8114754098360656,0,,0
observation_loo,WO-33c1c12934f11db0,TRL,0,1,0,1.0,108,0.11475409836065575,0,,0
observation_loo,WO-33c1c12934f11db0,CRL,0,1,0,1.0,23,0.8114754098360656,0,,0
observation_loo,WO-b6cdfdf3e1f596f0,TRL,0,1,0,1.0,108,0.11475409836065575,0,,0
observation_loo,WO-b6cdfdf3e1f596f0,CRL,0,1,1,0.9918032786885246,22,0.819672131147541,1,,0
observation_loo,WO-215dbc5d79ad4fd3,TRL,0,1,0,1.0,108,0.11475409836065575,0,,0
observation_loo,WO-215dbc5d79ad4fd3,CRL,0,1,1,0.9918032786885246,22,0.819672131147541,1,,0
observation_loo,WO-81dbe3e4458ff2a6,TRL,0,1,0,1.0,108,0.11475409836065575,0,,0
observation_loo,WO-81dbe3e4458ff2a6,CRL,0,1,1,0.9918032786885246,22,0.819672131147541,1,,0
observation_loo,WO-55af4c1c08f1cb11,TRL,0,1,0,1.0,108,0.11475409836065575,0,,0
observation_loo,WO-55af4c1c08f1cb11,CRL,0,1,1,0.9918032786885246,22,0.819672131147541,1,,0
observation_loo,WO-f2dfe9861fa51a81,TRL,0,1,0,1.0,108,0.11475409836065575,0,,0
observation_loo,WO-f2dfe9861fa51a81,CRL,0,1,1,0.9918032786885246,22,0.819672131147541,1,,0
observation_loo,WO-b338461c172a6ef6,TRL,0,1,0,1.0,108,0.11475409836065575,0,,0
observation_loo,WO-b338461c172a6ef6,CRL,0,1,1,0.9918032786885246,22,0.819672131147541,1,,0
observation_loo,WO-df60da74b4a0926e,TRL,0,1,1,0.9918032786885246,107,0.12295081967213117,1,,0
observation_loo,WO-df60da74b4a0926e,CRL,0,1,0,1.0,23,0.8114754098360656,0,,0
observation_loo,WO-8869d7de49c00737,TRL,0,1,1,0.9918032786885246,107,0.12295081967213117,1,,0
observation_loo,WO-8869d7de49c00737,CRL,0,1,0,1.0,23,0.8114754098360656,0,,0
observation_loo,WO-3210798879cf8e4b,TRL,0,1,1,0.9918032786885246,107,0.12295081967213117,1,,0
observation_loo,WO-3210798879cf8e4b,CRL,0,1,0,1.0,23,0.8114754098360656,0,,0
observation_loo,WO-fe33dc775f3b3759,TRL,0,1,1,0.9918032786885246,107,0.12295081967213117,1,,0
observation_loo,WO-fe33dc775f3b3759,CRL,0,1,0,1.0,23,0.8114754098360656,0,,0
observation_loo,WO-a4ce9e227e882ae8,TRL,0,1,0,1.0,108,0.11475409836065575,0,,0
observation_loo,WO-a4ce9e227e882ae8,CRL,0,1,1,0.9918032786885246,22,0.819672131147541,1,,0
observation_loo,WO-183ef0a3badc8ba8,TRL,0,1,0,1.0,108,0.11475409836065575,0,,0
observation_loo,WO-183ef0a3badc8ba8,CRL,0,1,1,0.9918032786885246,22,0.819672131147541,1,,0
observation_loo,WO-5e8685dc2bb9cc12,TRL,0,1,0,1.0,108,0.11475409836065575,0,,0
observation_loo,WO-5e8685dc2bb9cc12,CRL,0,1,1,0.9918032786885246,22,0.819672131147541,1,,0
observation_loo,WO-f9795d3d1edb81e3,TRL,0,1,1,0.9918032786885246,107,0.12295081967213117,1,,0
observation_loo,WO-f9795d3d1edb81e3,CRL,0,1,0,1.0,23,0.8114754098360656,0,,0
observation_loo,WO-b31f05e6008d7205,TRL,0,1,1,0.9918032786885246,107,0.12295081967213117,1,,0
observation_loo,WO-b31f05e6008d7205,CRL,0,1,0,1.0,23,0.8114754098360656,0,,0
observation_loo,WO-0269da5a64d67201,TRL,0,1,1,0.9918032786885246,107,0.12295081967213117,1,,0
observation_loo,WO-0269da5a64d67201,CRL,0,1,0,1.0,23,0.8114754098360656,0,,0
observation_loo,WO-c2d5fcac860e0b46,TRL,0,1,1,0.9918032786885246,107,0.12295081967213117,1,,0
observation_loo,WO-c2d5fcac860e0b46,CRL,0,1,0,1.0,23,0.8114754098360656,0,,0
observation_loo,WO-ca3ddecbe73b406c,TRL,0,1,0,1.0,108,0.11475409836065575,0,,0
observation_loo,WO-ca3ddecbe73b406c,CRL,0,1,1,0.9918032786885246,22,0.819672131147541,1,,0
observation_loo,WO-9509c149ed4cbe76,TRL,0,1,0,1.0,108,0.11475409836065575,0,,0
observation_loo,WO-9509c149ed4cbe76,CRL,0,1,1,0.9918032786885246,22,0.819672131147541,1,,0
observation_loo,WO-94b80c03ecb8bec8,TRL,0,1,0,1.0,108,0.11475409836065575,0,,0
observation_loo,WO-94b80c03ecb8bec8,CRL,0,1,1,0.9918032786885246,22,0.819672131147541,1,,0
observation_loo,WO-9031ef575e58e96d,TRL,0,1,0,1.0,108,0.11475409836065575,0,,0
observation_loo,WO-9031ef575e58e96d,CRL,0,1,1,0.9918032786885246,22,0.819672131147541,1,,0
observation_loo,WO-5cfd6cd8f9c94f5f,TRL,0,1,0,1.0,108,0.11475409836065575,0,,0
observation_loo,WO-5cfd6cd8f9c94f5f,CRL,0,1,1,0.9918032786885246,22,0.819672131147541,1,,0
observation_loo,WO-15ab40e9b0230fb7,TRL,0,1,0,1.0,108,0.11475409836065575,0,,0
observation_loo,WO-15ab40e9b0230fb7,CRL,0,1,1,0.9918032786885246,22,0.819672131147541,1,,0
observation_loo,WO-b59fee1ad672659e,TRL,0,1,1,0.9918032786885246,107,0.12295081967213117,1,,0
observation_loo,WO-b59fee1ad672659e,CRL,0,1,0,1.0,23,0.8114754098360656,0,,0
observation_loo,WO-857fd07c655591be,TRL,0,1,1,0.9918032786885246,107,0.12295081967213117,1,,0
observation_loo,WO-857fd07c655591be,CRL,0,1,0,1.0,23,0.8114754098360656,0,,0
observation_loo,WO-b62ef74b82b06052,TRL,0,1,1,0.9918032786885246,107,0.12295081967213117,1,,0
observation_loo,WO-b62ef74b82b06052,CRL,0,1,0,1.0,23,0.8114754098360656,0,,0
observation_loo,WO-a40b39c92b4dd9f8,TRL,0,1,1,0.9918032786885246,107,0.12295081967213117,1,,0
observation_loo,WO-a40b39c92b4dd9f8,CRL,0,1,0,1.0,23,0.8114754098360656,0,,0
observation_loo,WO-1a70af9b9168ae64,TRL,0,1,0,1.0,108,0.11475409836065575,0,,0
observation_loo,WO-1a70af9b9168ae64,CRL,0,1,1,0.9918032786885246,22,0.819672131147541,1,,0
observation_loo,WO-6047ee38b2bc5424,TRL,0,1,0,1.0,108,0.11475409836065575,0,,0
observation_loo,WO-6047ee38b2bc5424,CRL,0,1,1,0.9918032786885246,22,0.819672131147541,1,,0
observation_loo,WO-2a85ffaef93d9158,TRL,0,1,0,1.0,108,0.11475409836065575,0,,0
observation_loo,WO-2a85ffaef93d9158,CRL,0,1,1,0.9918032786885246,22,0.819672131147541,1,,0
observation_loo,WO-86360634fe68e3e8,TRL,0,1,1,0.9918032786885246,107,0.12295081967213117,1,,0
observation_loo,WO-86360634fe68e3e8,CRL,0,1,0,1.0,23,0.8114754098360656,0,,0
observation_loo,WO-68fdad0ee4c21702,TRL,0,1,1,0.9918032786885246,107,0.12295081967213117,1,,0
observation_loo,WO-68fdad0ee4c21702,CRL,0,1,0,1.0,23,0.8114754098360656,0,,0
observation_loo,WO-aaae21ea2e2570eb,TRL,0,1,1,0.9918032786885246,107,0.12295081967213117,1,,0
observation_loo,WO-aaae21ea2e2570eb,CRL,0,1,0,1.0,23,0.8114754098360656,0,,0
observation_loo,WO-b26d7fcc669685fb,TRL,0,1,0,1.0,108,0.11475409836065575,0,,0
observation_loo,WO-b26d7fcc669685fb,CRL,0,1,1,0.9918032786885246,22,0.819672131147541,1,,0
observation_loo,WO-4ea06b5b32199eec,TRL,0,1,0,1.0,108,0.11475409836065575,0,,0
observation_loo,WO-4ea06b5b32199eec,CRL,0,1,1,0.9918032786885246,22,0.819672131147541,1,,0
observation_loo,WO-932deaca0e7f8ed4,TRL,0,1,0,1.0,108,0.11475409836065575,0,,0
observation_loo,WO-932deaca0e7f8ed4,CRL,0,1,1,0.9918032786885246,22,0.819672131147541,1,,0
observation_loo,WO-bfc0cce2f6b7a1c7,TRL,0,1,1,0.9918032786885246,107,0.12295081967213117,1,,0
observation_loo,WO-bfc0cce2f6b7a1c7,CRL,0,1,0,1.0,23,0.8114754098360656,0,,0
observation_loo,WO-e7c48134c08e6a07,TRL,0,1,1,0.9918032786885246,107,0.12295081967213117,1,,0
observation_loo,WO-e7c48134c08e6a07,CRL,0,1,0,1.0,23,0.8114754098360656,0,,0
observation_loo,WO-43e09c3178759d7f,TRL,0,1,1,0.9918032786885246,107,0.12295081967213117,1,,0
observation_loo,WO-43e09c3178759d7f,CRL,0,1,0,1.0,23,0.8114754098360656,0,,0
source_type_ablation,government_case_compilation,TRL,10,62,8,0.9344262295081968,100,0.180327868852459,8,,0
source_type_ablation,government_case_compilation,CRL,10,62,10,0.9180327868852459,13,0.8934426229508197,10,,0
source_type_ablation,paper,TRL,97,322,90,0.2622950819672131,18,0.8524590163934427,90,,0
source_type_ablation,paper,CRL,97,322,3,0.9754098360655737,20,0.8360655737704918,3,,0
source_type_ablation,patent,TRL,4,4,4,0.9672131147540983,104,0.14754098360655743,4,,0
source_type_ablation,patent,CRL,4,4,0,1.0,23,0.8114754098360656,0,,0
source_type_ablation,policy,TRL,3,19,1,0.9918032786885246,107,0.12295081967213117,1,,0
source_type_ablation,policy,CRL,3,19,3,0.9754098360655737,20,0.8360655737704918,3,,0
source_type_ablation,public_project_or_research_source,TRL,12,46,5,0.9590163934426229,103,0.15573770491803274,5,,0
source_type_ablation,public_project_or_research_source,CRL,12,46,7,0.9426229508196722,16,0.8688524590163934,7,,0
source_type_ablation,public_research_source,TRL,0,0,0,1.0,108,0.11475409836065575,0,,0
source_type_ablation,public_research_source,CRL,0,0,0,1.0,23,0.8114754098360656,0,,0
gate_support_ablation,TRL,TRL,0,0,108,0.11475409836065575,0,1.0,108,,0
gate_support_ablation,TRL,CRL,0,0,0,1.0,23,0.8114754098360656,0,,0
gate_support_ablation,CRL,TRL,0,0,0,1.0,108,0.11475409836065575,0,,0
gate_support_ablation,CRL,CRL,0,0,23,0.8114754098360656,0,1.0,23,,0
gate_support_ablation,CRL:fulfilment,TRL,0,0,0,1.0,108,0.11475409836065575,0,,0
gate_support_ablation,CRL:fulfilment,CRL,0,0,8,0.9344262295081968,15,0.8770491803278688,8,,0
gate_support_ablation,CRL:parties,TRL,0,0,0,1.0,108,0.11475409836065575,0,,0
gate_support_ablation,CRL:parties,CRL,0,0,8,0.9344262295081968,15,0.8770491803278688,8,,0
gate_support_ablation,CRL:period,TRL,0,0,0,1.0,108,0.11475409836065575,0,,0
gate_support_ablation,CRL:period,CRL,0,0,8,0.9344262295081968,15,0.8770491803278688,8,,0
gate_support_ablation,CRL:trial,TRL,0,0,0,1.0,108,0.11475409836065575,0,,0
gate_support_ablation,CRL:trial,CRL,0,0,15,0.8770491803278688,8,0.9344262295081968,15,,0
gate_support_ablation,CRL:users,TRL,0,0,0,1.0,108,0.11475409836065575,0,,0
gate_support_ablation,CRL:users,CRL,0,0,15,0.8770491803278688,8,0.9344262295081968,15,,0
gate_support_ablation,CRL:value,TRL,0,0,0,1.0,108,0.11475409836065575,0,,0
gate_support_ablation,CRL:value,CRL,0,0,15,0.8770491803278688,8,0.9344262295081968,15,,0
gate_support_ablation,TRL:application,TRL,0,0,21,0.8278688524590164,87,0.28688524590163933,21,,0
gate_support_ablation,TRL:application,CRL,0,0,0,1.0,23,0.8114754098360656,0,,0
gate_support_ablation,TRL:component,TRL,0,0,0,1.0,108,0.11475409836065575,0,,0
gate_support_ablation,TRL:component,CRL,0,0,0,1.0,23,0.8114754098360656,0,,0
gate_support_ablation,TRL:critical,TRL,0,0,84,0.3114754098360656,24,0.8032786885245902,84,,0
gate_support_ablation,TRL:critical,CRL,0,0,0,1.0,23,0.8114754098360656,0,,0
gate_support_ablation,TRL:environment,TRL,0,0,2,0.9836065573770492,106,0.1311475409836066,2,,0
gate_support_ablation,TRL:environment,CRL,0,0,0,1.0,23,0.8114754098360656,0,,0
gate_support_ablation,TRL:integration,TRL,0,0,2,0.9836065573770492,106,0.1311475409836066,2,,0
gate_support_ablation,TRL:integration,CRL,0,0,0,1.0,23,0.8114754098360656,0,,0
gate_support_ablation,TRL:laboratory,TRL,0,0,84,0.3114754098360656,24,0.8032786885245902,84,,0
gate_support_ablation,TRL:laboratory,CRL,0,0,0,1.0,23,0.8114754098360656,0,,0
gate_support_ablation,TRL:principle,TRL,0,0,1,0.9918032786885246,107,0.12295081967213117,1,,0
gate_support_ablation,TRL:principle,CRL,0,0,0,1.0,23,0.8114754098360656,0,,0
gate_support_ablation,TRL:product,TRL,0,0,12,0.9016393442622951,96,0.21311475409836067,12,,0
gate_support_ablation,TRL:product,CRL,0,0,0,1.0,23,0.8114754098360656,0,,0
gate_support_ablation,TRL:prototype,TRL,0,0,2,0.9836065573770492,106,0.1311475409836066,2,,0
gate_support_ablation,TRL:prototype,CRL,0,0,0,1.0,23,0.8114754098360656,0,,0
gate_support_ablation,TRL:qualification,TRL,0,0,2,0.9836065573770492,106,0.1311475409836066,2,,0
gate_support_ablation,TRL:qualification,CRL,0,0,0,1.0,23,0.8114754098360656,0,,0
gate_support_ablation,TRL:scale,TRL,0,0,12,0.9016393442622951,96,0.21311475409836067,12,,0
gate_support_ablation,TRL:scale,CRL,0,0,0,1.0,23,0.8114754098360656,0,,0
gate_support_ablation,TRL:typical,TRL,0,0,12,0.9016393442622951,96,0.21311475409836067,12,,0
gate_support_ablation,TRL:typical,CRL,0,0,0,1.0,23,0.8114754098360656,0,,0
gate_support_ablation,TRL:validation,TRL,0,0,84,0.3114754098360656,24,0.8032786885245902,84,,0
gate_support_ablation,TRL:validation,CRL,0,0,0,1.0,23,0.8114754098360656,0,,0
availability_cutoff,2025-12-31,TRL,126,453,108,0.11475409836065575,0,1.0,108,,0
availability_cutoff,2025-12-31,CRL,126,453,23,0.8114754098360656,0,1.0,23,,0
availability_cutoff,2026-06-30,TRL,126,453,108,0.11475409836065575,0,1.0,108,,0
availability_cutoff,2026-06-30,CRL,126,453,23,0.8114754098360656,0,1.0,23,,0
availability_cutoff,2026-09-24,TRL,126,453,108,0.11475409836065575,0,1.0,108,,0
availability_cutoff,2026-09-24,CRL,126,453,23,0.8114754098360656,0,1.0,23,,0
availability_cutoff,2026-09-25,TRL,0,0,0,1.0,108,0.11475409836065575,0,,0
availability_cutoff,2026-09-25,CRL,0,0,0,1.0,23,0.8114754098360656,0,,0
